id_cliente,id_loja,id_produto,dt_venda,cliente_id,cliente_nome,cliente_sexo,cliente_dt_nasc,loja_id,loja_cidade,produto_id,produto_produto,produto_valor,pagamento_id,pagamento_dt_pgto,pg,tempo_pg,idade
393,9,3,2018-01-04,394.0,Sophia Costa,F,8/8/1985,10.0,Vitória,4.0,laptop gamer,5300.0,1.0,2018-01-24,0,20.0,41.0
417,9,3,2018-01-04,418.0,Kauan Ferreira,M,7/11/1950,10.0,Vitória,4.0,laptop gamer,5300.0,2.0,2018-02-17,0,44.0,76.0
374,7,8,2018-01-04,375.0,Renan Melo,M,12/10/1998,8.0,Brasília,9.0,mesa,860.0,3.0,2018-02-14,0,41.0,28.0
59,4,3,2018-01-05,60.0,Camila Azevedo,F,12/11/1975,5.0,Santa Catarina,4.0,laptop gamer,5300.0,,,1,,51.0
18,9,1,2018-01-05,19.0,Luis Araujo,M,1/22/1966,10.0,Vitória,2.0,teclado,30.0,4.0,2018-01-23,0,18.0,60.0
52,8,3,2018-01-05,53.0,Julieta Alves,F,12/26/1988,9.0,Palmas,4.0,laptop gamer,5300.0,,,1,,38.0
485,10,6,2018-01-06,486.0,Bruna Cunha,F,12/30/1979,,,7.0,carregador,150.0,5.0,2018-02-15,0,40.0,47.0
543,10,10,2018-01-06,544.0,Pedro Sousa,M,6/19/1952,,,,,,6.0,2018-01-24,0,18.0,74.0
855,7,3,2018-01-06,856.0,Amanda Cunha,F,6/14/1948,8.0,Brasília,4.0,laptop gamer,5300.0,7.0,2018-01-31,0,25.0,78.0
724,3,10,2018-01-07,725.0,Felipe Correia,M,7/29/1969,4.0,Belo Horizonte,,,,8.0,2018-02-04,0,28.0,57.0
607,5,3,2018-01-07,608.0,Victor Costa,M,5/3/1979,6.0,Recife,4.0,laptop gamer,5300.0,9.0,2018-02-17,0,41.0,47.0
308,10,3,2018-01-07,309.0,Diego Correia,M,9/17/1958,,,4.0,laptop gamer,5300.0,10.0,2018-02-13,0,37.0,68.0
747,3,1,2018-01-10,748.0,Gustavo Almeida,M,5/12/1992,4.0,Belo Horizonte,2.0,teclado,30.0,11.0,2018-01-10,0,0.0,34.0
906,8,2,2018-01-10,907.0,Nicolas Azevedo,M,12/9/1985,9.0,Palmas,3.0,laptop básico,2300.0,12.0,2018-01-30,0,20.0,41.0
635,10,3,2018-01-10,636.0,Lavinia Carvalho,F,8/21/1994,,,4.0,laptop gamer,5300.0,13.0,2018-01-15,0,5.0,32.0
691,7,3,2018-01-11,692.0,Leila Costa,F,10/16/2000,8.0,Brasília,4.0,laptop gamer,5300.0,14.0,2018-01-22,0,11.0,26.0
952,7,3,2018-01-11,953.0,André Lima,M,3/2/2002,8.0,Brasília,4.0,laptop gamer,5300.0,15.0,2018-02-11,0,31.0,24.0
395,2,3,2018-01-11,396.0,Gabriela Santos,F,4/27/2000,3.0,Curitiba,4.0,laptop gamer,5300.0,16.0,2018-02-16,0,36.0,26.0
349,7,5,2018-01-12,350.0,Giovanna Goncalves,F,9/17/1971,8.0,Brasília,6.0,impressora,700.0,17.0,2018-01-16,0,4.0,55.0
732,9,8,2018-01-12,733.0,Evelyn Cavalcanti,F,7/18/1970,10.0,Vitória,9.0,mesa,860.0,18.0,2018-01-16,0,4.0,56.0
270,2,10,2018-01-12,271.0,Melissa Goncalves,F,3/17/1977,3.0,Curitiba,,,,,,1,,49.0
465,2,3,2018-01-12,466.0,Tomás Cardoso,M,8/7/1972,3.0,Curitiba,4.0,laptop gamer,5300.0,,,1,,54.0
665,10,10,2018-01-12,666.0,Julieta Fernandes,F,9/4/2001,,,,,,19.0,2018-02-09,0,28.0,25.0
478,2,2,2018-01-12,479.0,Alex Correia,M,7/28/1969,3.0,Curitiba,3.0,laptop básico,2300.0,20.0,2018-02-21,0,40.0,57.0
152,9,5,2018-01-13,153.0,Maria Almeida,F,6/7/2000,10.0,Vitória,6.0,impressora,700.0,21.0,2018-02-26,0,44.0,26.0
875,8,3,2018-01-13,876.0,Camila Barbosa,F,10/14/2001,9.0,Palmas,4.0,laptop gamer,5300.0,22.0,2018-02-27,0,45.0,25.0
951,8,3,2018-01-13,952.0,Amanda Fernandes,F,7/27/1997,9.0,Palmas,4.0,laptop gamer,5300.0,23.0,2018-02-16,0,34.0,29.0
925,6,9,2018-01-13,926.0,Vitória Goncalves,F,10/9/1974,7.0,Salvador,10.0,xxx-231a,3.2113519999999998,24.0,2018-02-02,0,20.0,52.0
299,5,10,2018-01-13,300.0,Isabela Souza,F,12/13/1995,6.0,Recife,,,,25.0,2018-02-09,0,27.0,31.0
358,3,2,2018-01-13,359.0,Aline Correia,F,1/23/1986,4.0,Belo Horizonte,3.0,laptop básico,2300.0,26.0,2018-02-12,0,30.0,40.0
519,4,3,2018-01-13,520.0,Gustavo Araujo,M,6/2/1973,5.0,Santa Catarina,4.0,laptop gamer,5300.0,27.0,2018-01-22,0,9.0,53.0
739,9,3,2018-01-13,740.0,Gabrielly Pereira,F,10/6/2002,10.0,Vitória,4.0,laptop gamer,5300.0,28.0,2018-02-22,0,40.0,24.0
459,2,7,2018-01-13,460.0,Camila Ferreira,F,11/5/1970,3.0,Curitiba,8.0,cadeira,540.0,,,1,,56.0
568,2,1,2018-01-14,569.0,Douglas Pinto,M,9/14/1982,3.0,Curitiba,2.0,teclado,30.0,29.0,2018-02-23,0,40.0,44.0
378,7,3,2018-01-14,379.0,Marina Ribeiro,F,10/7/1997,8.0,Brasília,4.0,laptop gamer,5300.0,30.0,2018-02-05,0,22.0,29.0
719,4,7,2018-01-14,720.0,Leonardo Barbosa,M,1/6/1976,5.0,Santa Catarina,8.0,cadeira,540.0,31.0,2018-02-21,0,38.0,50.0
959,6,3,2018-01-14,960.0,Camila Correia,F,12/29/1981,7.0,Salvador,4.0,laptop gamer,5300.0,32.0,2018-02-24,0,41.0,45.0
927,8,7,2018-01-14,928.0,Julian Sousa,M,7/1/1985,9.0,Palmas,8.0,cadeira,540.0,33.0,2018-02-17,0,34.0,41.0
844,2,7,2018-01-14,845.0,Luiza Cunha,F,11/10/1944,3.0,Curitiba,8.0,cadeira,540.0,,,1,,82.0
45,10,3,2018-01-15,46.0,Isabela Pinto,F,11/10/1944,,,4.0,laptop gamer,5300.0,34.0,2018-01-31,0,16.0,82.0
47,5,5,2018-01-15,48.0,Diogo Alves,M,9/2/1981,6.0,Recife,6.0,impressora,700.0,35.0,2018-01-25,0,10.0,45.0
353,6,2,2018-01-15,354.0,Daniel Pereira,M,8/4/1941,7.0,Salvador,3.0,laptop básico,2300.0,36.0,2018-01-19,0,4.0,85.0
246,3,7,2018-01-16,247.0,Luís Alves,M,3/23/1950,4.0,Belo Horizonte,8.0,cadeira,540.0,37.0,2018-02-24,0,39.0,76.0
332,8,7,2018-01-16,333.0,Renan Carvalho,M,9/17/1973,9.0,Palmas,8.0,cadeira,540.0,38.0,2018-02-18,0,33.0,53.0
769,2,3,2018-01-16,770.0,Beatrice Castro,F,6/25/1944,3.0,Curitiba,4.0,laptop gamer,5300.0,,,1,,82.0
679,9,3,2018-01-18,680.0,Julia Goncalves,F,8/22/1979,10.0,Vitória,4.0,laptop gamer,5300.0,39.0,2018-01-28,0,10.0,47.0
595,2,3,2018-01-18,596.0,Luiz Silva,M,5/4/1957,3.0,Curitiba,4.0,laptop gamer,5300.0,40.0,2018-02-12,0,25.0,69.0
651,3,1,2018-01-18,652.0,Thaís Araujo,F,4/20/1986,4.0,Belo Horizonte,2.0,teclado,30.0,41.0,2018-02-04,0,17.0,40.0
694,6,3,2018-01-19,695.0,Matheus Barros,M,11/21/1952,7.0,Salvador,4.0,laptop gamer,5300.0,42.0,2018-01-24,0,5.0,74.0
243,2,3,2018-01-19,244.0,Thiago Ribeiro,M,1/31/1935,3.0,Curitiba,4.0,laptop gamer,5300.0,,,1,,91.0
707,8,4,2018-01-19,708.0,Camila Pinto,F,9/3/1988,9.0,Palmas,5.0,monitor,1500.0,,,1,,38.0
471,2,6,2018-01-20,472.0,Melissa Silva,F,2/27/1972,3.0,Curitiba,7.0,carregador,150.0,,,1,,54.0
294,2,3,2018-01-20,295.0,Tiago Lima,o,7/26/1973,3.0,Curitiba,4.0,laptop gamer,5300.0,43.0,2018-02-27,0,38.0,53.0
467,6,3,2018-01-20,468.0,Julieta Oliveira,F,8/30/1947,7.0,Salvador,4.0,laptop gamer,5300.0,44.0,2018-02-02,0,13.0,79.0
873,6,3,2018-01-21,874.0,Vinicius Oliveira,M,9/9/2003,7.0,Salvador,4.0,laptop gamer,5300.0,45.0,2018-02-16,0,26.0,23.0
745,8,4,2018-01-21,746.0,Aline Sousa,F,1/13/1964,9.0,Palmas,5.0,monitor,1500.0,,,1,,62.0
769,2,2,2018-01-21,770.0,Beatrice Castro,F,6/25/1944,3.0,Curitiba,3.0,laptop básico,2300.0,,,1,,82.0
117,2,3,2018-01-21,118.0,Alex Sousa,M,12/28/1943,3.0,Curitiba,4.0,laptop gamer,5300.0,,,1,,83.0
387,8,3,2018-01-21,388.0,Gabrielly Melo,F,9/9/1959,9.0,Palmas,4.0,laptop gamer,5300.0,,,1,,67.0
674,10,6,2018-01-21,675.0,Leila Castro,F,12/15/1989,,,7.0,carregador,150.0,46.0,2018-02-19,0,29.0,37.0
31,2,3,2018-01-23,32.0,Luana Rocha,F,9/17/1986,3.0,Curitiba,4.0,laptop gamer,5300.0,47.0,2018-03-07,0,43.0,40.0
448,10,3,2018-01-23,449.0,Diogo Correia,M,12/17/1998,,,4.0,laptop gamer,5300.0,48.0,2018-03-02,0,38.0,28.0
786,9,2,2018-01-23,787.0,Kai Almeida,M,10/31/1969,10.0,Vitória,3.0,laptop básico,2300.0,49.0,2018-02-02,0,10.0,57.0
635,7,2,2018-01-24,636.0,Lavinia Carvalho,F,8/21/1994,8.0,Brasília,3.0,laptop básico,2300.0,50.0,2018-03-06,0,41.0,32.0
186,10,1,2018-01-24,187.0,Emilly Almeida,F,2/2/1968,,,2.0,teclado,30.0,51.0,2018-03-06,0,41.0,58.0
361,6,4,2018-01-24,362.0,Thaís Goncalves,F,1/29/1981,7.0,Salvador,5.0,monitor,1500.0,52.0,2018-02-08,0,15.0,45.0
359,2,3,2018-01-24,360.0,Fernanda Rodrigues,F,4/25/1939,3.0,Curitiba,4.0,laptop gamer,5300.0,,,1,,87.0
542,2,3,2018-01-24,543.0,Julieta Costa,F,6/18/1989,3.0,Curitiba,4.0,laptop gamer,5300.0,,,1,,37.0
253,7,3,2018-01-24,254.0,Davi Santos,M,3/2/1997,8.0,Brasília,4.0,laptop gamer,5300.0,53.0,2018-02-06,0,13.0,29.0
396,6,3,2018-01-25,397.0,Estevan Cardoso,M,6/26/1975,7.0,Salvador,4.0,laptop gamer,5300.0,54.0,2018-02-22,0,28.0,51.0
210,9,6,2018-01-25,211.0,Matilde Alves,F,7/9/1984,10.0,Vitória,7.0,carregador,150.0,55.0,2018-01-25,0,0.0,42.0
284,1,7,2018-01-25,285.0,Gustavo Dias,M,6/2/1992,2.0,Rio de Janeiro,8.0,cadeira,540.0,,,1,,34.0
340,3,2,2018-01-26,341.0,Kauan Rodrigues,M,9/20/1984,4.0,Belo Horizonte,3.0,laptop básico,2300.0,,,1,,42.0
923,7,5,2018-01-26,924.0,Diego Gomes,M,1/27/1986,8.0,Brasília,6.0,impressora,700.0,56.0,2018-03-01,0,34.0,40.0
944,6,9,2018-01-26,945.0,Bruna Oliveira,F,10/26/1972,7.0,Salvador,10.0,xxx-231a,3.2113519999999998,57.0,2018-02-16,0,21.0,54.0
830,5,3,2018-01-26,831.0,José Barros,M,10/13/1967,6.0,Recife,4.0,laptop gamer,5300.0,58.0,2018-02-16,0,21.0,59.0
397,3,3,2018-01-26,398.0,Paulo Fernandes,M,5/4/1965,4.0,Belo Horizonte,4.0,laptop gamer,5300.0,59.0,2018-01-31,0,5.0,61.0
851,5,9,2018-01-26,852.0,Giovanna Pinto,F,8/11/1998,6.0,Recife,10.0,xxx-231a,3.2113519999999998,60.0,2018-02-02,0,7.0,28.0
989,2,2,2018-01-29,990.0,Julia Castro,F,9/12/1971,3.0,Curitiba,3.0,laptop básico,2300.0,61.0,2018-02-09,0,11.0,55.0
52,2,8,2018-01-29,53.0,Julieta Alves,F,12/26/1988,3.0,Curitiba,9.0,mesa,860.0,62.0,2018-02-28,0,30.0,38.0
191,10,3,2018-01-29,192.0,Luana Pinto,F,5/19/2002,,,4.0,laptop gamer,5300.0,63.0,2018-03-01,0,31.0,24.0
724,8,3,2018-01-30,725.0,Felipe Correia,M,7/29/1969,9.0,Palmas,4.0,laptop gamer,5300.0,64.0,2018-02-06,0,7.0,57.0
971,9,4,2018-01-30,972.0,Marina Lima,F,3/1/1952,10.0,Vitória,5.0,monitor,1500.0,65.0,2018-02-26,0,27.0,74.0
640,2,3,2018-01-30,641.0,Danilo Cavalcanti,M,7/11/1977,3.0,Curitiba,4.0,laptop gamer,5300.0,66.0,2018-03-15,0,44.0,49.0
248,2,3,2018-01-31,249.0,Leonardo Barros,M,3/24/1960,3.0,Curitiba,4.0,laptop gamer,5300.0,,,1,,66.0
621,2,8,2018-01-31,622.0,Luis Almeida,M,9/28/1973,3.0,Curitiba,9.0,mesa,860.0,67.0,2018-02-25,0,25.0,53.0
537,7,9,2018-01-31,538.0,Isabela Barros,F,9/23/1984,8.0,Brasília,10.0,xxx-231a,3.2113519999999998,68.0,2018-02-12,0,12.0,42.0
503,4,8,2018-01-31,504.0,Igor Rodrigues,M,6/29/1968,5.0,Santa Catarina,9.0,mesa,860.0,69.0,2018-03-17,0,45.0,58.0
71,2,3,2018-01-31,72.0,Luana Oliveira,F,11/6/1967,3.0,Curitiba,4.0,laptop gamer,5300.0,70.0,2018-03-07,0,35.0,59.0
438,2,7,2018-01-31,439.0,Melissa Lima,F,10/23/1990,3.0,Curitiba,8.0,cadeira,540.0,,,1,,36.0
906,10,10,2018-02-03,907.0,Nicolas Azevedo,M,12/9/1985,,,,,,71.0,2018-03-04,0,29.0,41.0
509,2,9,2018-02-03,510.0,Julieta Barros,F,6/17/1989,3.0,Curitiba,10.0,xxx-231a,3.2113519999999998,,,1,,37.0
738,2,3,2018-02-03,739.0,Ana Silva,F,3/24/1979,3.0,Curitiba,4.0,laptop gamer,5300.0,72.0,2018-02-25,0,22.0,47.0
460,2,3,2018-02-03,461.0,Rebeca Costa,F,10/14/1987,3.0,Curitiba,4.0,laptop gamer,5300.0,,,1,,39.0
402,6,2,2018-02-03,403.0,Carolina Cunha,F,4/29/1965,7.0,Salvador,3.0,laptop básico,2300.0,73.0,2018-02-23,0,20.0,61.0
241,2,6,2018-02-03,242.0,Brenda Barros,F,4/13/1998,3.0,Curitiba,7.0,carregador,150.0,,,1,,28.0
762,4,6,2018-02-04,763.0,Manuela Gomes,F,6/29/1961,5.0,Santa Catarina,7.0,carregador,150.0,74.0,2018-03-21,0,45.0,65.0
747,2,3,2018-02-04,748.0,Gustavo Almeida,M,5/12/1992,3.0,Curitiba,4.0,laptop gamer,5300.0,75.0,2018-02-04,0,0.0,34.0
848,5,2,2018-02-04,849.0,Júlia Ferreira,F,10/29/1944,6.0,Recife,3.0,laptop básico,2300.0,76.0,2018-02-24,0,20.0,82.0
290,2,6,2018-02-04,291.0,Clara Pinto,o,12/25/1980,3.0,Curitiba,7.0,carregador,150.0,,,1,,46.0
153,1,3,2018-02-04,154.0,Marina Azevedo,F,8/19/1955,2.0,Rio de Janeiro,4.0,laptop gamer,5300.0,77.0,2018-03-20,0,44.0,71.0
807,8,3,2018-02-04,808.0,Davi Rocha,M,7/8/1954,9.0,Palmas,4.0,laptop gamer,5300.0,,,1,,72.0
771,2,10,2018-02-06,772.0,Carolina Ferreira,F,7/31/1965,3.0,Curitiba,,,,,,1,,61.0
94,9,9,2018-02-06,95.0,Fábio Correia,M,9/10/1996,10.0,Vitória,10.0,xxx-231a,3.2113519999999998,78.0,2018-02-11,0,5.0,30.0
144,6,9,2018-02-06,145.0,Luan Goncalves,M,10/19/1940,7.0,Salvador,10.0,xxx-231a,3.2113519999999998,79.0,2018-03-18,0,40.0,86.0
503,2,1,2018-02-07,504.0,Igor Rodrigues,M,6/29/1968,3.0,Curitiba,2.0,teclado,30.0,80.0,2018-03-11,0,32.0,58.0
826,2,3,2018-02-07,827.0,Alex Almeida,M,12/3/1984,3.0,Curitiba,4.0,laptop gamer,5300.0,81.0,2018-03-09,0,30.0,42.0
818,8,3,2018-02-07,819.0,Rafaela Pinto,F,9/6/2002,9.0,Palmas,4.0,laptop gamer,5300.0,82.0,2018-03-19,0,40.0,24.0
886,7,3,2018-02-10,887.0,Matheus Rocha,M,10/6/1986,8.0,Brasília,4.0,laptop gamer,5300.0,83.0,2018-02-28,0,18.0,40.0
859,2,10,2018-02-10,860.0,João Barros,M,1/15/1980,3.0,Curitiba,,,,84.0,2018-02-21,0,11.0,46.0
329,8,4,2018-02-10,330.0,Matilde Goncalves,F,11/1/1948,9.0,Palmas,5.0,monitor,1500.0,85.0,2018-03-14,0,32.0,78.0
74,2,3,2018-02-11,75.0,Kai Fernandes,M,9/18/1961,3.0,Curitiba,4.0,laptop gamer,5300.0,,,1,,65.0
935,2,6,2018-02-11,936.0,Vitoria Azevedo,F,6/26/1937,3.0,Curitiba,7.0,carregador,150.0,,,1,,89.0
712,2,8,2018-02-11,713.0,José Souza,M,9/4/1960,3.0,Curitiba,9.0,mesa,860.0,86.0,2018-03-06,0,23.0,66.0
131,10,9,2018-02-13,132.0,Leonor Sousa,F,3/11/1998,,,10.0,xxx-231a,3.2113519999999998,87.0,2018-02-25,0,12.0,28.0
750,7,3,2018-02-13,751.0,Martim Azevedo,M,12/30/1970,8.0,Brasília,4.0,laptop gamer,5300.0,88.0,2018-02-15,0,2.0,56.0
556,2,3,2018-02-13,557.0,Sofia Azevedo,F,6/3/1981,3.0,Curitiba,4.0,laptop gamer,5300.0,,,1,,45.0
833,1,10,2018-02-15,834.0,Beatrice Correia,F,7/8/1938,2.0,Rio de Janeiro,,,,89.0,2018-02-19,0,4.0,88.0
502,2,3,2018-02-15,503.0,Samuel Araujo,M,8/19/1982,3.0,Curitiba,4.0,laptop gamer,5300.0,90.0,2018-02-17,0,2.0,44.0
880,2,3,2018-02-15,881.0,Julieta Goncalves,F,1/2/1963,3.0,Curitiba,4.0,laptop gamer,5300.0,,,1,,63.0
20,2,5,2018-02-20,21.0,Gustavo Cardoso,M,10/13/1939,3.0,Curitiba,6.0,impressora,700.0,91.0,2018-03-17,0,25.0,87.0
404,7,3,2018-02-20,405.0,Bruno Oliveira,M,1/11/1936,8.0,Brasília,4.0,laptop gamer,5300.0,92.0,2018-02-26,0,6.0,90.0
166,6,3,2018-02-20,167.0,Joao Martins,M,8/30/1998,7.0,Salvador,4.0,laptop gamer,5300.0,93.0,2018-03-28,0,36.0,28.0
261,2,3,2018-02-20,262.0,Bianca Oliveira,F,7/6/1948,3.0,Curitiba,4.0,laptop gamer,5300.0,,,1,,78.0
25,2,3,2018-02-20,26.0,Isabella Lima,F,8/12/1987,3.0,Curitiba,4.0,laptop gamer,5300.0,,,1,,39.0
481,7,3,2018-02-20,482.0,Luiza Cardoso,F,8/3/1954,8.0,Brasília,4.0,laptop gamer,5300.0,94.0,2018-03-05,0,13.0,72.0
852,2,3,2018-02-21,853.0,Otávio Barros,M,7/2/1972,3.0,Curitiba,4.0,laptop gamer,5300.0,,,1,,54.0
310,5,3,2018-02-21,311.0,Daniel Souza,M,2/16/1978,6.0,Recife,4.0,laptop gamer,5300.0,95.0,2018-02-25,0,4.0,48.0
319,6,9,2018-02-21,320.0,Otávio Cardoso,M,10/14/1940,7.0,Salvador,10.0,xxx-231a,3.2113519999999998,,,1,,86.0
79,2,1,2018-02-22,80.0,Anna Melo,F,8/10/1999,3.0,Curitiba,2.0,teclado,30.0,96.0,2018-02-22,0,0.0,27.0
833,2,10,2018-02-22,834.0,Beatrice Correia,F,7/8/1938,3.0,Curitiba,,,,,,1,,88.0
556,8,3,2018-02-22,557.0,Sofia Azevedo,F,6/3/1981,9.0,Palmas,4.0,laptop gamer,5300.0,97.0,2018-03-14,0,20.0,45.0
592,7,3,2018-02-22,593.0,Fernanda Goncalves,F,6/13/1974,8.0,Brasília,4.0,laptop gamer,5300.0,98.0,2018-03-28,0,34.0,52.0
767,9,7,2018-02-22,768.0,Evelyn Carvalho,F,9/25/1997,10.0,Vitória,8.0,cadeira,540.0,99.0,2018-03-13,0,19.0,29.0
495,4,3,2018-02-22,496.0,Rebeca Cavalcanti,F,4/27/2001,5.0,Santa Catarina,4.0,laptop gamer,5300.0,100.0,2018-03-02,0,8.0,25.0
505,7,3,2018-02-22,506.0,Brenda Costa,F,1/9/1957,8.0,Brasília,4.0,laptop gamer,5300.0,101.0,2018-04-03,0,40.0,69.0
621,8,3,2018-02-22,622.0,Luis Almeida,M,9/28/1973,9.0,Palmas,4.0,laptop gamer,5300.0,102.0,2018-02-22,0,0.0,53.0
902,3,3,2018-02-22,903.0,Bianca Santos,F,12/6/1964,4.0,Belo Horizonte,4.0,laptop gamer,5300.0,103.0,2018-03-14,0,20.0,62.0
154,10,3,2018-02-22,155.0,Luis Rodrigues,M,7/3/1973,,,4.0,laptop gamer,5300.0,104.0,2018-03-25,0,31.0,53.0
421,7,2,2018-02-22,422.0,Mariana Azevedo,F,4/23/1978,8.0,Brasília,3.0,laptop básico,2300.0,105.0,2018-02-26,0,4.0,48.0
834,7,5,2018-02-22,835.0,Gabrielly Oliveira,F,10/9/1983,8.0,Brasília,6.0,impressora,700.0,106.0,2018-02-26,0,4.0,43.0
444,2,3,2018-02-23,445.0,Giovanna Rodrigues,F,8/20/1982,3.0,Curitiba,4.0,laptop gamer,5300.0,,,1,,44.0
655,7,7,2018-02-23,656.0,Martim Cavalcanti,M,6/27/1978,8.0,Brasília,8.0,cadeira,540.0,107.0,2018-03-15,0,20.0,48.0
913,1,1,2018-02-23,914.0,Eduarda Cunha,F,12/10/1951,2.0,Rio de Janeiro,2.0,teclado,30.0,108.0,2018-02-23,0,0.0,75.0
739,8,3,2018-02-23,740.0,Gabrielly Pereira,F,10/6/2002,9.0,Palmas,4.0,laptop gamer,5300.0,109.0,2018-02-26,0,3.0,24.0
423,7,7,2018-02-23,424.0,Marcos Pereira,M,8/3/1986,8.0,Brasília,8.0,cadeira,540.0,110.0,2018-03-25,0,30.0,40.0
642,4,3,2018-02-23,643.0,Otávio Sousa,M,1/4/1958,5.0,Santa Catarina,4.0,laptop gamer,5300.0,111.0,2018-03-01,0,6.0,68.0
207,10,2,2018-02-23,208.0,Kai Lima,M,1/13/2001,,,3.0,laptop básico,2300.0,112.0,2018-03-26,0,31.0,25.0
612,2,3,2018-02-23,613.0,Diego Azevedo,M,2/24/1981,3.0,Curitiba,4.0,laptop gamer,5300.0,113.0,2018-03-02,0,7.0,45.0
382,2,3,2018-02-23,383.0,Sofia Ferreira,F,12/19/1999,3.0,Curitiba,4.0,laptop gamer,5300.0,,,1,,27.0
900,10,3,2018-02-24,901.0,Martim Cunha,M,2/15/1940,,,4.0,laptop gamer,5300.0,114.0,2018-04-05,0,40.0,86.0
419,7,3,2018-02-24,420.0,João Correia,M,2/19/1984,8.0,Brasília,4.0,laptop gamer,5300.0,115.0,2018-03-01,0,5.0,42.0
436,2,9,2018-02-24,437.0,Carla Araujo,F,9/13/2000,3.0,Curitiba,10.0,xxx-231a,3.2113519999999998,116.0,2018-03-24,0,28.0,26.0
846,4,5,2018-02-24,847.0,Ágatha Oliveira,F,4/1/2001,5.0,Santa Catarina,6.0,impressora,700.0,117.0,2018-03-29,0,33.0,25.0
715,2,3,2018-02-24,716.0,Julieta Castro,F,6/1/1996,3.0,Curitiba,4.0,laptop gamer,5300.0,,,1,,30.0
686,7,6,2018-02-24,687.0,Luan Costa,M,11/6/2001,8.0,Brasília,7.0,carregador,150.0,118.0,2018-03-06,0,10.0,25.0
192,4,4,2018-02-25,193.0,Sofia Alves,F,10/4/1950,5.0,Santa Catarina,5.0,monitor,1500.0,119.0,2018-04-08,0,42.0,76.0
59,6,1,2018-02-25,60.0,Camila Azevedo,F,12/11/1975,7.0,Salvador,2.0,teclado,30.0,120.0,2018-03-15,0,18.0,51.0
329,6,3,2018-02-25,330.0,Matilde Goncalves,F,11/1/1948,7.0,Salvador,4.0,laptop gamer,5300.0,121.0,2018-03-12,0,15.0,78.0
329,10,3,2018-02-26,330.0,Matilde Goncalves,F,11/1/1948,,,4.0,laptop gamer,5300.0,122.0,2018-03-25,0,27.0,78.0
826,2,6,2018-02-26,827.0,Alex Almeida,M,12/3/1984,3.0,Curitiba,7.0,carregador,150.0,123.0,2018-03-07,0,9.0,42.0
762,10,3,2018-02-26,763.0,Manuela Gomes,F,6/29/1961,,,4.0,laptop gamer,5300.0,,,1,,65.0
542,9,3,2018-02-26,543.0,Julieta Costa,F,6/18/1989,10.0,Vitória,4.0,laptop gamer,5300.0,124.0,2018-02-28,0,2.0,37.0
558,5,5,2018-02-26,559.0,Sarah Cardoso,F,12/13/2002,6.0,Recife,6.0,impressora,700.0,125.0,2018-03-06,0,8.0,24.0
686,9,4,2018-02-26,687.0,Luan Costa,M,11/6/2001,10.0,Vitória,5.0,monitor,1500.0,,,1,,25.0
891,5,3,2018-02-28,892.0,Isabela Souza,F,12/29/1997,6.0,Recife,4.0,laptop gamer,5300.0,126.0,2018-03-24,0,24.0,29.0
517,2,6,2018-02-28,518.0,Raissa Carvalho,F,7/7/1958,3.0,Curitiba,7.0,carregador,150.0,127.0,2018-03-23,0,23.0,68.0
194,10,3,2018-02-28,195.0,Carlos Barros,M,6/3/1952,,,4.0,laptop gamer,5300.0,128.0,2018-03-15,0,15.0,74.0
309,6,6,2018-03-01,310.0,Yasmin Correia,F,8/18/1987,7.0,Salvador,7.0,carregador,150.0,129.0,2018-03-25,0,24.0,39.0
191,6,8,2018-03-01,192.0,Luana Pinto,F,5/19/2002,7.0,Salvador,9.0,mesa,860.0,130.0,2018-03-20,0,19.0,24.0
65,10,10,2018-03-01,66.0,Leila Araujo,F,10/24/1982,,,,,,131.0,2018-04-07,0,37.0,44.0
406,3,1,2018-03-02,407.0,Julian Costa,M,11/14/1966,4.0,Belo Horizonte,2.0,teclado,30.0,132.0,2018-04-03,0,32.0,60.0
974,2,7,2018-03-02,975.0,Leonardo Barbosa,M,6/26/1944,3.0,Curitiba,8.0,cadeira,540.0,,,1,,82.0
803,1,3,2018-03-02,804.0,Emilly Lima,F,7/15/2001,2.0,Rio de Janeiro,4.0,laptop gamer,5300.0,133.0,2018-03-02,0,0.0,25.0
521,6,3,2018-03-05,522.0,Bianca Martins,F,10/12/1938,7.0,Salvador,4.0,laptop gamer,5300.0,,,1,,88.0
560,2,1,2018-03-05,561.0,Bianca Fernandes,F,10/16/1968,3.0,Curitiba,2.0,teclado,30.0,,,1,,58.0
739,1,3,2018-03-05,740.0,Gabrielly Pereira,F,10/6/2002,2.0,Rio de Janeiro,4.0,laptop gamer,5300.0,,,1,,24.0
659,6,3,2018-03-05,660.0,Carlos Barros,M,7/17/2002,7.0,Salvador,4.0,laptop gamer,5300.0,134.0,2018-04-08,0,34.0,24.0
871,8,3,2018-03-05,872.0,Luan Dias,M,2/10/1949,9.0,Palmas,4.0,laptop gamer,5300.0,135.0,2018-03-24,0,19.0,77.0
776,9,3,2018-03-05,777.0,Kauan Almeida,M,7/24/1976,10.0,Vitória,4.0,laptop gamer,5300.0,136.0,2018-03-26,0,21.0,50.0
797,3,3,2018-03-06,798.0,Evelyn Ferreira,F,1/2/1966,4.0,Belo Horizonte,4.0,laptop gamer,5300.0,137.0,2018-04-18,0,43.0,60.0
547,2,3,2018-03-06,548.0,Samuel Silva,M,10/22/1958,3.0,Curitiba,4.0,laptop gamer,5300.0,138.0,2018-04-10,0,35.0,68.0
493,2,1,2018-03-06,494.0,Samuel Goncalves,M,12/30/1964,3.0,Curitiba,2.0,teclado,30.0,139.0,2018-03-26,0,20.0,62.0
330,3,3,2018-03-06,331.0,Vitoria Castro,F,3/31/1987,4.0,Belo Horizonte,4.0,laptop gamer,5300.0,140.0,2018-03-28,0,22.0,39.0
735,2,3,2018-03-06,736.0,Marisa Rocha,F,6/13/1979,3.0,Curitiba,4.0,laptop gamer,5300.0,141.0,2018-03-22,0,16.0,47.0
493,2,3,2018-03-06,494.0,Samuel Goncalves,M,12/30/1964,3.0,Curitiba,4.0,laptop gamer,5300.0,142.0,2018-04-16,0,41.0,62.0
940,3,3,2018-03-07,941.0,Pedro Pereira,M,4/3/1957,4.0,Belo Horizonte,4.0,laptop gamer,5300.0,143.0,2018-04-07,0,31.0,69.0
29,6,6,2018-03-07,30.0,Mariana Cavalcanti,F,8/24/1941,7.0,Salvador,7.0,carregador,150.0,144.0,2018-03-11,0,4.0,85.0
491,7,3,2018-03-07,492.0,Vinicius Sousa,M,1/5/2003,8.0,Brasília,4.0,laptop gamer,5300.0,145.0,2018-04-18,0,42.0,23.0
916,2,3,2018-03-08,917.0,Eduarda Lima,F,10/28/1950,3.0,Curitiba,4.0,laptop gamer,5300.0,146.0,2018-04-17,0,40.0,76.0
147,2,6,2018-03-08,148.0,Melissa Barros,F,5/21/1952,3.0,Curitiba,7.0,carregador,150.0,,,1,,74.0
826,9,10,2018-03-08,827.0,Alex Almeida,M,12/3/1984,10.0,Vitória,,,,147.0,2018-03-31,0,23.0,42.0
743,5,7,2018-03-09,744.0,Amanda Araujo,F,5/29/2002,6.0,Recife,8.0,cadeira,540.0,148.0,2018-03-27,0,18.0,24.0
931,3,8,2018-03-09,932.0,Davi Fernandes,M,3/13/1940,4.0,Belo Horizonte,9.0,mesa,860.0,149.0,2018-03-27,0,18.0,86.0
208,7,10,2018-03-09,209.0,Douglas Pereira,M,5/28/1993,8.0,Brasília,,,,150.0,2018-04-17,0,39.0,33.0
252,10,7,2018-03-14,253.0,Matilde Gomes,F,5/15/2003,,,8.0,cadeira,540.0,151.0,2018-04-03,0,20.0,23.0
428,9,10,2018-03-14,429.0,Vitór Rocha,M,10/14/1993,10.0,Vitória,,,,152.0,2018-04-15,0,32.0,33.0
605,9,3,2018-03-14,606.0,Vitória Silva,F,10/18/1991,10.0,Vitória,4.0,laptop gamer,5300.0,153.0,2018-04-01,0,18.0,35.0
343,9,7,2018-03-17,344.0,Luan Barros,M,6/27/1970,10.0,Vitória,8.0,cadeira,540.0,154.0,2018-04-20,0,34.0,56.0
511,2,2,2018-03-17,512.0,Diego Ribeiro,M,3/17/1998,3.0,Curitiba,3.0,laptop básico,2300.0,155.0,2018-03-18,0,1.0,28.0
4,2,3,2018-03-17,5.0,Gabrielle Martins,F,5/6/1953,3.0,Curitiba,4.0,laptop gamer,5300.0,,,1,,73.0
433,2,5,2018-03-19,434.0,Kaua Alves,M,6/15/1955,3.0,Curitiba,6.0,impressora,700.0,,,1,,71.0
295,1,7,2018-03-19,296.0,Luís Sousa,M,3/3/2002,2.0,Rio de Janeiro,8.0,cadeira,540.0,,,1,,24.0
906,2,3,2018-03-19,907.0,Nicolas Azevedo,M,12/9/1985,3.0,Curitiba,4.0,laptop gamer,5300.0,,,1,,41.0
66,2,2,2018-03-20,67.0,Anna Melo,F,11/6/1995,3.0,Curitiba,3.0,laptop básico,2300.0,156.0,2018-04-13,0,24.0,31.0
662,2,6,2018-03-20,663.0,Júlio Silva,M,2/18/1973,3.0,Curitiba,7.0,carregador,150.0,,,1,,53.0
682,1,3,2018-03-20,683.0,Kai Barbosa,M,9/29/1990,2.0,Rio de Janeiro,4.0,laptop gamer,5300.0,157.0,2018-03-22,0,2.0,36.0
997,1,4,2018-03-24,998.0,Lara Oliveira,F,3/15/1946,2.0,Rio de Janeiro,5.0,monitor,1500.0,,,1,,80.0
111,1,3,2018-03-24,112.0,Gabrielly Fernandes,F,10/5/2003,2.0,Rio de Janeiro,4.0,laptop gamer,5300.0,158.0,2018-05-02,0,39.0,23.0
448,3,3,2018-03-24,449.0,Diogo Correia,M,12/17/1998,4.0,Belo Horizonte,4.0,laptop gamer,5300.0,159.0,2018-03-25,0,1.0,28.0
406,4,9,2018-03-24,407.0,Julian Costa,M,11/14/1966,5.0,Santa Catarina,10.0,xxx-231a,3.2113519999999998,160.0,2018-04-16,0,23.0,60.0
861,5,3,2018-03-24,862.0,Daniel Gomes,M,8/2/1952,6.0,Recife,4.0,laptop gamer,5300.0,161.0,2018-04-24,0,31.0,74.0
301,2,3,2018-03-24,302.0,Guilherme Cardoso,o,3/9/1998,3.0,Curitiba,4.0,laptop gamer,5300.0,162.0,2018-04-10,0,17.0,28.0
492,2,9,2018-03-26,493.0,Ryan Pereira,M,2/8/1950,3.0,Curitiba,10.0,xxx-231a,3.2113519999999998,163.0,2018-04-08,0,13.0,76.0
400,9,4,2018-03-26,401.0,Gabrielle Costa,F,11/24/2000,10.0,Vitória,5.0,monitor,1500.0,,,1,,26.0
609,2,3,2018-03-26,610.0,Mariana Lima,F,7/19/1960,3.0,Curitiba,4.0,laptop gamer,5300.0,,,1,,66.0
63,2,6,2018-03-27,64.0,Tânia Costa,F,5/13/1959,3.0,Curitiba,7.0,carregador,150.0,164.0,2018-04-11,0,15.0,67.0
820,2,3,2018-03-27,821.0,Emily Santos,F,4/27/1979,3.0,Curitiba,4.0,laptop gamer,5300.0,165.0,2018-04-08,0,12.0,47.0
793,10,5,2018-03-27,794.0,Gabriela Goncalves,F,5/26/1987,,,6.0,impressora,700.0,166.0,2018-05-05,0,39.0,39.0
454,3,10,2018-03-27,455.0,Tomás Azevedo,M,3/5/1937,4.0,Belo Horizonte,,,,167.0,2018-05-08,0,42.0,89.0
131,2,8,2018-03-27,132.0,Leonor Sousa,F,3/11/1998,3.0,Curitiba,9.0,mesa,860.0,,,1,,28.0
4,2,4,2018-03-27,5.0,Gabrielle Martins,F,5/6/1953,3.0,Curitiba,5.0,monitor,1500.0,,,1,,73.0
215,2,3,2018-03-27,216.0,Livia Cavalcanti,F,12/7/1966,3.0,Curitiba,4.0,laptop gamer,5300.0,168.0,2018-05-04,0,38.0,60.0
787,5,6,2018-03-27,788.0,Gabrielle Gomes,F,12/28/1968,6.0,Recife,7.0,carregador,150.0,169.0,2018-04-17,0,21.0,58.0
42,6,4,2018-03-27,43.0,Rafael Ferreira,M,3/6/1940,7.0,Salvador,5.0,monitor,1500.0,170.0,2018-05-03,0,37.0,86.0
650,4,7,2018-03-27,651.0,Diego Sousa,M,5/25/1979,5.0,Santa Catarina,8.0,cadeira,540.0,171.0,2018-04-25,0,29.0,47.0
457,6,3,2018-03-27,458.0,Sarah Ferreira,F,7/20/1939,7.0,Salvador,4.0,laptop gamer,5300.0,172.0,2018-04-12,0,16.0,87.0
129,1,6,2018-03-27,130.0,Lavinia Carvalho,F,10/8/1968,2.0,Rio de Janeiro,7.0,carregador,150.0,173.0,2018-05-10,0,44.0,58.0
8,2,3,2018-03-28,9.0,Fernanda Silva,F,1/25/1959,3.0,Curitiba,4.0,laptop gamer,5300.0,,,1,,67.0
264,2,3,2018-03-28,265.0,sem nome,M,2/7/1979,3.0,Curitiba,4.0,laptop gamer,5300.0,174.0,2018-05-05,0,38.0,47.0
816,4,8,2018-03-28,817.0,Kauan Azevedo,M,2/23/1958,5.0,Santa Catarina,9.0,mesa,860.0,175.0,2018-04-21,0,24.0,68.0
858,2,3,2018-04-01,859.0,Giovanna Lima,F,1/14/1977,3.0,Curitiba,4.0,laptop gamer,5300.0,,,1,,49.0
986,2,9,2018-04-01,987.0,Beatriz Cardoso,F,7/17/1984,3.0,Curitiba,10.0,xxx-231a,3.2113519999999998,,,1,,42.0
680,1,3,2018-04-01,681.0,Vitor Barros,M,4/16/1952,2.0,Rio de Janeiro,4.0,laptop gamer,5300.0,176.0,2018-04-04,0,3.0,74.0
986,5,3,2018-04-01,987.0,Beatriz Cardoso,F,7/17/1984,6.0,Recife,4.0,laptop gamer,5300.0,177.0,2018-05-12,0,41.0,42.0
903,8,9,2018-04-01,904.0,Tiago Souza,M,11/8/2000,9.0,Palmas,10.0,xxx-231a,3.2113519999999998,178.0,2018-04-12,0,11.0,26.0
791,9,2,2018-04-01,792.0,Kai Barros,M,4/6/1960,10.0,Vitória,3.0,laptop básico,2300.0,179.0,2018-04-19,0,18.0,66.0
837,5,10,2018-04-02,838.0,Júlio Martins,M,7/7/1960,6.0,Recife,,,,,,1,,66.0
948,2,3,2018-04-02,949.0,Luís Melo,M,6/16/1971,3.0,Curitiba,4.0,laptop gamer,5300.0,,,1,,55.0
321,5,8,2018-04-02,322.0,Renan Goncalves,M,7/27/1990,6.0,Recife,9.0,mesa,860.0,180.0,2018-05-06,0,34.0,36.0
83,2,10,2018-04-02,84.0,Alex Oliveira,M,3/14/1968,3.0,Curitiba,,,,,,1,,58.0
56,5,6,2018-04-02,57.0,Emily Silva,F,4/21/1986,6.0,Recife,7.0,carregador,150.0,181.0,2018-04-27,0,25.0,40.0
553,2,6,2018-04-02,554.0,Carla Ferreira,F,5/25/1989,3.0,Curitiba,7.0,carregador,150.0,,,1,,37.0
633,2,8,2018-04-04,634.0,Joao Melo,M,3/30/1970,3.0,Curitiba,9.0,mesa,860.0,,,1,,56.0
528,2,7,2018-04-04,529.0,Giovanna Barros,F,12/24/1984,3.0,Curitiba,8.0,cadeira,540.0,182.0,2018-05-03,0,29.0,42.0
52,10,3,2018-04-04,53.0,Julieta Alves,F,12/26/1988,,,4.0,laptop gamer,5300.0,183.0,2018-04-15,0,11.0,38.0
390,7,3,2018-04-06,391.0,Kai Souza,M,2/6/1987,8.0,Brasília,4.0,laptop gamer,5300.0,184.0,2018-04-22,0,16.0,39.0
137,2,2,2018-04-06,138.0,Alex Ferreira,M,2/4/1968,3.0,Curitiba,3.0,laptop básico,2300.0,185.0,2018-04-18,0,12.0,58.0
898,1,3,2018-04-06,899.0,Kauan Pinto,M,7/30/1961,2.0,Rio de Janeiro,4.0,laptop gamer,5300.0,186.0,2018-05-01,0,25.0,65.0
917,2,3,2018-04-07,918.0,Sophia Cunha,F,6/27/1966,3.0,Curitiba,4.0,laptop gamer,5300.0,,,1,,60.0
519,2,3,2018-04-07,520.0,Gustavo Araujo,M,6/2/1973,3.0,Curitiba,4.0,laptop gamer,5300.0,,,1,,53.0
833,2,3,2018-04-07,834.0,Beatrice Correia,F,7/8/1938,3.0,Curitiba,4.0,laptop gamer,5300.0,187.0,2018-04-14,0,7.0,88.0
214,5,3,2018-04-08,215.0,Luís Rocha,M,12/23/1991,6.0,Recife,4.0,laptop gamer,5300.0,188.0,2018-04-27,0,19.0,35.0
423,8,3,2018-04-08,424.0,Marcos Pereira,M,8/3/1986,9.0,Palmas,4.0,laptop gamer,5300.0,189.0,2018-04-11,0,3.0,40.0
142,2,3,2018-04-08,143.0,Fábio Melo,M,9/23/1995,3.0,Curitiba,4.0,laptop gamer,5300.0,,,1,,31.0
703,10,7,2018-04-10,704.0,Caio Cavalcanti,M,8/1/1979,,,8.0,cadeira,540.0,,,1,,47.0
913,2,3,2018-04-10,914.0,Eduarda Cunha,F,12/10/1951,3.0,Curitiba,4.0,laptop gamer,5300.0,,,1,,75.0
75,2,3,2018-04-10,76.0,Laura Oliveira,F,9/27/1953,3.0,Curitiba,4.0,laptop gamer,5300.0,190.0,2018-04-29,0,19.0,73.0
176,1,1,2018-04-12,177.0,Bianca Pinto,F,5/4/1994,2.0,Rio de Janeiro,2.0,teclado,30.0,191.0,2018-05-27,0,45.0,32.0
893,8,3,2018-04-12,894.0,Danilo Dias,M,5/23/1946,9.0,Palmas,4.0,laptop gamer,5300.0,192.0,2018-05-19,0,37.0,80.0
252,3,3,2018-04-12,253.0,Matilde Gomes,F,5/15/2003,4.0,Belo Horizonte,4.0,laptop gamer,5300.0,193.0,2018-05-23,0,41.0,23.0
548,2,3,2018-04-13,549.0,Daniel Sousa,M,1/9/1946,3.0,Curitiba,4.0,laptop gamer,5300.0,194.0,2018-05-07,0,24.0,80.0
985,3,10,2018-04-13,986.0,Alice Melo,F,8/2/1967,4.0,Belo Horizonte,,,,195.0,2018-05-02,0,19.0,59.0
699,8,3,2018-04-13,700.0,José Pinto,M,7/26/1936,9.0,Palmas,4.0,laptop gamer,5300.0,196.0,2018-05-03,0,20.0,90.0
665,8,3,2018-04-16,666.0,Julieta Fernandes,F,9/4/2001,9.0,Palmas,4.0,laptop gamer,5300.0,197.0,2018-05-26,0,40.0,25.0
426,9,10,2018-04-16,427.0,Kauã Cunha,M,7/16/1968,10.0,Vitória,,,,198.0,2018-05-22,0,36.0,58.0
435,5,10,2018-04-16,436.0,Ana Correia,F,6/28/1952,6.0,Recife,,,,199.0,2018-05-04,0,18.0,74.0
196,3,5,2018-04-17,197.0,Marcos Martins,M,1/3/1981,4.0,Belo Horizonte,6.0,impressora,700.0,200.0,2018-05-04,0,17.0,45.0
780,4,10,2018-04-17,781.0,Kai Melo,M,2/22/1948,5.0,Santa Catarina,,,,201.0,2018-05-09,0,22.0,78.0
896,1,4,2018-04-17,897.0,Enzo Goncalves,M,6/25/1964,2.0,Rio de Janeiro,5.0,monitor,1500.0,,,1,,62.0
207,1,7,2018-04-17,208.0,Kai Lima,M,1/13/2001,2.0,Rio de Janeiro,8.0,cadeira,540.0,,,1,,25.0
681,2,4,2018-04-17,682.0,Danilo Barbosa,M,5/13/1960,3.0,Curitiba,5.0,monitor,1500.0,202.0,2018-05-19,0,32.0,66.0
692,9,2,2018-04-17,693.0,Raissa Barbosa,F,6/20/1994,10.0,Vitória,3.0,laptop básico,2300.0,203.0,2018-05-24,0,37.0,32.0
717,4,3,2018-04-18,718.0,Livia Azevedo,F,4/30/1980,5.0,Santa Catarina,4.0,laptop gamer,5300.0,204.0,2018-05-17,0,29.0,46.0
734,10,3,2018-04-18,735.0,Sofia Oliveira,F,10/23/1937,,,4.0,laptop gamer,5300.0,205.0,2018-05-19,0,31.0,89.0
757,8,4,2018-04-18,758.0,Carlos Almeida,M,3/10/1989,9.0,Palmas,5.0,monitor,1500.0,206.0,2018-05-11,0,23.0,37.0
654,10,1,2018-04-19,655.0,Julian Dias,M,11/7/1964,,,2.0,teclado,30.0,,,1,,62.0
666,2,3,2018-04-19,667.0,Emilly Oliveira,F,5/19/1944,3.0,Curitiba,4.0,laptop gamer,5300.0,,,1,,82.0
799,2,2,2018-04-19,800.0,Isabella Sousa,F,3/2/1965,3.0,Curitiba,3.0,laptop básico,2300.0,207.0,2018-05-17,0,28.0,61.0
667,2,2,2018-04-19,668.0,Breno Pinto,M,6/26/1996,3.0,Curitiba,3.0,laptop básico,2300.0,208.0,2018-04-22,0,3.0,30.0
702,2,9,2018-04-19,703.0,Marina Rocha,F,2/11/2002,3.0,Curitiba,10.0,xxx-231a,3.2113519999999998,209.0,2018-05-14,0,25.0,24.0
177,2,1,2018-04-19,178.0,Isabela Pinto,F,7/18/1939,3.0,Curitiba,2.0,teclado,30.0,,,1,,87.0
484,2,3,2018-04-19,485.0,Nicolash Goncalves,M,3/4/1952,3.0,Curitiba,4.0,laptop gamer,5300.0,,,1,,74.0
504,2,1,2018-04-19,505.0,Marina Gomes,F,6/17/1991,3.0,Curitiba,2.0,teclado,30.0,,,1,,35.0
305,8,9,2018-04-19,306.0,Emily Castro,F,9/11/1952,9.0,Palmas,10.0,xxx-231a,3.2113519999999998,210.0,2018-05-01,0,12.0,74.0
300,2,9,2018-04-20,301.0,Gabrielly Rocha,F,5/23/1961,3.0,Curitiba,10.0,xxx-231a,3.2113519999999998,,,1,,65.0
329,2,5,2018-04-20,330.0,Matilde Goncalves,F,11/1/1948,3.0,Curitiba,6.0,impressora,700.0,,,1,,78.0
598,2,3,2018-04-20,599.0,Vinicius Barbosa,M,3/7/1943,3.0,Curitiba,4.0,laptop gamer,5300.0,,,1,,83.0
159,2,9,2018-04-21,160.0,Luis Cavalcanti,M,4/16/1948,3.0,Curitiba,10.0,xxx-231a,3.2113519999999998,,,1,,78.0
158,2,3,2018-04-21,159.0,Luís Almeida,M,4/16/1959,3.0,Curitiba,4.0,laptop gamer,5300.0,,,1,,67.0
172,3,3,2018-04-21,173.0,Alex Melo,M,9/18/1988,4.0,Belo Horizonte,4.0,laptop gamer,5300.0,,,1,,38.0
250,1,6,2018-04-21,251.0,Anna Dias,F,6/13/2003,2.0,Rio de Janeiro,7.0,carregador,150.0,211.0,2018-04-25,0,4.0,23.0
214,2,3,2018-04-21,215.0,Luís Rocha,M,12/23/1991,3.0,Curitiba,4.0,laptop gamer,5300.0,212.0,2018-04-27,0,6.0,35.0
3,6,3,2018-04-21,4.0,Sarah Goncalves,F,2/24/1937,7.0,Salvador,4.0,laptop gamer,5300.0,213.0,2018-05-25,0,34.0,89.0
101,1,3,2018-04-22,102.0,Diego Lima,M,11/13/1949,2.0,Rio de Janeiro,4.0,laptop gamer,5300.0,214.0,2018-05-27,0,35.0,77.0
94,2,1,2018-04-22,95.0,Fábio Correia,M,9/10/1996,3.0,Curitiba,2.0,teclado,30.0,,,1,,30.0
942,1,3,2018-04-22,943.0,Vinícius Carvalho,M,2/4/1997,2.0,Rio de Janeiro,4.0,laptop gamer,5300.0,215.0,2018-05-31,0,39.0,29.0
35,2,3,2018-04-24,36.0,Felipe Azevedo,M,10/13/1964,3.0,Curitiba,4.0,laptop gamer,5300.0,216.0,2018-06-06,0,43.0,62.0
77,2,3,2018-04-24,78.0,Leila Sousa,F,8/22/1988,3.0,Curitiba,4.0,laptop gamer,5300.0,,,1,,38.0
155,2,3,2018-04-24,156.0,Samuel Oliveira,M,7/27/1971,3.0,Curitiba,4.0,laptop gamer,5300.0,,,1,,55.0
848,5,3,2018-04-24,849.0,Júlia Ferreira,F,10/29/1944,6.0,Recife,4.0,laptop gamer,5300.0,,,1,,82.0
19,2,3,2018-04-24,20.0,Kauan Barros,M,1/4/1963,3.0,Curitiba,4.0,laptop gamer,5300.0,,,1,,63.0
37,2,10,2018-04-24,38.0,Leonardo Sousa,M,4/26/1958,3.0,Curitiba,,,,217.0,2018-04-25,0,1.0,68.0
372,6,3,2018-04-25,373.0,Livia Pereira,F,7/28/1942,7.0,Salvador,4.0,laptop gamer,5300.0,218.0,2018-06-01,0,37.0,84.0
537,2,3,2018-04-25,538.0,Isabela Barros,F,9/23/1984,3.0,Curitiba,4.0,laptop gamer,5300.0,,,1,,42.0
162,8,3,2018-04-25,163.0,Ana Pereira,F,1/10/1967,9.0,Palmas,4.0,laptop gamer,5300.0,219.0,2018-05-29,0,34.0,59.0
261,8,8,2018-04-26,262.0,Bianca Oliveira,F,7/6/1948,9.0,Palmas,9.0,mesa,860.0,220.0,2018-05-22,0,26.0,78.0
966,2,4,2018-04-26,967.0,Leonardo Silva,M,12/6/1997,3.0,Curitiba,5.0,monitor,1500.0,221.0,2018-05-28,0,32.0,29.0
445,3,9,2018-04-26,446.0,Eduarda Souza,F,7/24/1954,4.0,Belo Horizonte,10.0,xxx-231a,3.2113519999999998,222.0,2018-06-01,0,36.0,72.0
875,10,3,2018-04-27,876.0,Camila Barbosa,F,10/14/2001,,,4.0,laptop gamer,5300.0,223.0,2018-05-14,0,17.0,25.0
200,2,3,2018-04-27,201.0,Matilde Cavalcanti,F,1/9/1986,3.0,Curitiba,4.0,laptop gamer,5300.0,224.0,2018-06-03,0,37.0,40.0
717,7,6,2018-04-27,718.0,Livia Azevedo,F,4/30/1980,8.0,Brasília,7.0,carregador,150.0,225.0,2018-05-01,0,4.0,46.0
555,2,3,2018-04-27,556.0,Luiza Ferreira,F,12/19/1997,3.0,Curitiba,4.0,laptop gamer,5300.0,,,1,,29.0
781,2,3,2018-04-27,782.0,Tiago Ferreira,M,12/19/1938,3.0,Curitiba,4.0,laptop gamer,5300.0,226.0,2018-05-16,0,19.0,88.0
615,10,3,2018-04-27,616.0,Raissa Almeida,F,11/7/1989,,,4.0,laptop gamer,5300.0,227.0,2018-05-06,0,9.0,37.0
944,6,3,2018-04-27,945.0,Bruna Oliveira,F,10/26/1972,7.0,Salvador,4.0,laptop gamer,5300.0,228.0,2018-05-26,0,29.0,54.0
737,2,4,2018-04-27,738.0,Alice Pereira,F,2/28/1986,3.0,Curitiba,5.0,monitor,1500.0,229.0,2018-06-03,0,37.0,40.0
443,2,3,2018-04-27,444.0,Mariana Almeida,F,12/15/1964,3.0,Curitiba,4.0,laptop gamer,5300.0,230.0,2018-05-27,0,30.0,62.0
486,3,3,2018-04-27,487.0,Miguel Correia,M,12/20/1960,4.0,Belo Horizonte,4.0,laptop gamer,5300.0,231.0,2018-05-19,0,22.0,66.0
839,4,3,2018-04-27,840.0,Maria Pinto,F,3/19/1981,5.0,Santa Catarina,4.0,laptop gamer,5300.0,232.0,2018-05-10,0,13.0,45.0
712,2,3,2018-04-27,713.0,José Souza,M,9/4/1960,3.0,Curitiba,4.0,laptop gamer,5300.0,,,1,,66.0
577,8,6,2018-04-28,578.0,Melissa Ferreira,F,1/23/1961,9.0,Palmas,7.0,carregador,150.0,233.0,2018-05-01,0,3.0,65.0
776,2,3,2018-04-28,777.0,Kauan Almeida,M,7/24/1976,3.0,Curitiba,4.0,laptop gamer,5300.0,,,1,,50.0
362,2,1,2018-04-28,363.0,Lara Pinto,F,12/14/1968,3.0,Curitiba,2.0,teclado,30.0,234.0,2018-05-04,0,6.0,58.0
755,2,3,2018-04-29,756.0,Cauã Melo,M,1/1/1938,3.0,Curitiba,4.0,laptop gamer,5300.0,235.0,2018-05-23,0,24.0,88.0
95,7,3,2018-04-29,96.0,Gabrielle Pinto,F,10/22/1940,8.0,Brasília,4.0,laptop gamer,5300.0,236.0,2018-06-05,0,37.0,86.0
814,2,4,2018-04-29,815.0,Emily Almeida,F,9/21/1964,3.0,Curitiba,5.0,monitor,1500.0,237.0,2018-05-21,0,22.0,62.0
974,3,3,2018-04-29,975.0,Leonardo Barbosa,M,6/26/1944,4.0,Belo Horizonte,4.0,laptop gamer,5300.0,,,1,,82.0
892,8,6,2018-04-29,893.0,Danilo Gomes,M,5/25/1962,9.0,Palmas,7.0,carregador,150.0,238.0,2018-05-11,0,12.0,64.0
368,2,10,2018-04-29,369.0,Ágatha Fernandes,F,10/14/1982,3.0,Curitiba,,,,,,1,,44.0
466,1,3,2018-05-03,467.0,Lavinia Cunha,F,8/10/1964,2.0,Rio de Janeiro,4.0,laptop gamer,5300.0,239.0,2018-06-13,0,41.0,62.0
825,5,8,2018-05-03,826.0,Brenda Cunha,F,8/19/1994,6.0,Recife,9.0,mesa,860.0,240.0,2018-06-05,0,33.0,32.0
118,8,3,2018-05-03,119.0,Alex Pereira,M,11/29/1987,9.0,Palmas,4.0,laptop gamer,5300.0,241.0,2018-05-31,0,28.0,39.0
397,7,3,2018-05-04,398.0,Paulo Fernandes,M,5/4/1965,8.0,Brasília,4.0,laptop gamer,5300.0,242.0,2018-05-12,0,8.0,61.0
438,7,10,2018-05-04,439.0,Melissa Lima,F,10/23/1990,8.0,Brasília,,,,243.0,2018-06-07,0,34.0,36.0
512,2,3,2018-05-04,513.0,Erick Barbosa,M,8/8/1973,3.0,Curitiba,4.0,laptop gamer,5300.0,,,1,,53.0
678,8,3,2018-05-05,679.0,Beatriz Barbosa,F,12/25/1984,9.0,Palmas,4.0,laptop gamer,5300.0,244.0,2018-05-27,0,22.0,42.0
160,4,3,2018-05-05,161.0,André Rocha,M,7/28/1943,5.0,Santa Catarina,4.0,laptop gamer,5300.0,245.0,2018-06-03,0,29.0,83.0
362,2,6,2018-05-05,363.0,Lara Pinto,F,12/14/1968,3.0,Curitiba,7.0,carregador,150.0,246.0,2018-06-07,0,33.0,58.0
218,2,7,2018-05-05,219.0,Douglas Rocha,M,1/10/1952,3.0,Curitiba,8.0,cadeira,540.0,,,1,,74.0
376,4,3,2018-05-05,377.0,Julia Correia,F,3/29/1935,5.0,Santa Catarina,4.0,laptop gamer,5300.0,247.0,2018-06-04,0,30.0,91.0
727,9,9,2018-05-05,728.0,Giovanna Silva,F,5/21/1942,10.0,Vitória,10.0,xxx-231a,3.2113519999999998,248.0,2018-05-15,0,10.0,84.0
635,2,4,2018-05-05,636.0,Lavinia Carvalho,F,8/21/1994,3.0,Curitiba,5.0,monitor,1500.0,249.0,2018-06-06,0,32.0,32.0
149,1,3,2018-05-05,150.0,Leila Oliveira,F,10/4/1962,2.0,Rio de Janeiro,4.0,laptop gamer,5300.0,250.0,2018-06-16,0,42.0,64.0
124,2,3,2018-05-05,125.0,Sofia Almeida,F,4/15/1939,3.0,Curitiba,4.0,laptop gamer,5300.0,,,1,,87.0
99,7,3,2018-05-06,100.0,Luís Cardoso,M,6/23/1989,8.0,Brasília,4.0,laptop gamer,5300.0,251.0,2018-05-29,0,23.0,37.0
601,1,3,2018-05-06,602.0,Julieta Fernandes,F,11/20/1971,2.0,Rio de Janeiro,4.0,laptop gamer,5300.0,252.0,2018-05-15,0,9.0,55.0
293,1,2,2018-05-06,294.0,Alex Santos,M,10/3/1987,2.0,Rio de Janeiro,3.0,laptop básico,2300.0,253.0,2018-05-09,0,3.0,39.0
773,7,3,2018-05-07,774.0,Mateus Castro,M,10/1/1945,8.0,Brasília,4.0,laptop gamer,5300.0,254.0,2018-05-11,0,4.0,81.0
844,2,3,2018-05-07,845.0,Luiza Cunha,F,11/10/1944,3.0,Curitiba,4.0,laptop gamer,5300.0,,,1,,82.0
134,4,4,2018-05-07,135.0,Júlia Azevedo,F,12/11/1987,5.0,Santa Catarina,5.0,monitor,1500.0,255.0,2018-05-10,0,3.0,39.0
477,4,3,2018-05-10,478.0,Matilde Souza,F,5/25/1995,5.0,Santa Catarina,4.0,laptop gamer,5300.0,,,1,,31.0
864,2,4,2018-05-10,865.0,Rafaela Silva,F,10/5/1937,3.0,Curitiba,5.0,monitor,1500.0,,,1,,89.0
110,10,3,2018-05-10,111.0,Estevan Sousa,M,5/19/1973,,,4.0,laptop gamer,5300.0,256.0,2018-06-07,0,28.0,53.0
151,3,6,2018-05-11,152.0,Miguel Dias,M,10/1/2000,4.0,Belo Horizonte,7.0,carregador,150.0,257.0,2018-05-22,0,11.0,26.0
692,8,3,2018-05-11,693.0,Raissa Barbosa,F,6/20/1994,9.0,Palmas,4.0,laptop gamer,5300.0,258.0,2018-06-10,0,30.0,32.0
958,2,3,2018-05-11,959.0,Isabelle Cardoso,F,3/31/1964,3.0,Curitiba,4.0,laptop gamer,5300.0,,,1,,62.0
685,5,5,2018-05-12,686.0,Danilo Ferreira,M,3/26/1973,6.0,Recife,6.0,impressora,700.0,259.0,2018-06-17,0,36.0,53.0
357,10,1,2018-05-12,358.0,Leila Carvalho,F,2/3/1985,,,2.0,teclado,30.0,260.0,2018-05-15,0,3.0,41.0
840,8,3,2018-05-12,841.0,Brenda Melo,F,4/17/2003,9.0,Palmas,4.0,laptop gamer,5300.0,261.0,2018-05-12,0,0.0,23.0
712,2,9,2018-05-12,713.0,José Souza,M,9/4/1960,3.0,Curitiba,10.0,xxx-231a,3.2113519999999998,,,1,,66.0
11,7,3,2018-05-12,12.0,Vinicius Rodrigues,M,4/13/1951,8.0,Brasília,4.0,laptop gamer,5300.0,262.0,2018-06-20,0,39.0,75.0
861,5,3,2018-05-12,862.0,Daniel Gomes,M,8/2/1952,6.0,Recife,4.0,laptop gamer,5300.0,263.0,2018-05-19,0,7.0,74.0
578,10,3,2018-05-12,579.0,Nicole Ferreira,F,11/3/1979,,,4.0,laptop gamer,5300.0,264.0,2018-05-21,0,9.0,47.0
447,2,3,2018-05-12,448.0,Paulo Costa,M,12/13/1990,3.0,Curitiba,4.0,laptop gamer,5300.0,,,1,,36.0
96,1,5,2018-05-12,97.0,Beatrice Goncalves,F,11/22/1964,2.0,Rio de Janeiro,6.0,impressora,700.0,265.0,2018-05-14,0,2.0,62.0
279,2,3,2018-05-14,280.0,Ryan Cavalcanti,M,4/2/1967,3.0,Curitiba,4.0,laptop gamer,5300.0,266.0,2018-05-31,0,17.0,59.0
563,3,10,2018-05-14,564.0,Leonardo Barros,M,1/13/1993,4.0,Belo Horizonte,,,,267.0,2018-05-26,0,12.0,33.0
890,6,4,2018-05-14,891.0,Sofia Souza,F,7/8/1941,7.0,Salvador,5.0,monitor,1500.0,268.0,2018-06-26,0,43.0,85.0
144,2,1,2018-05-14,145.0,Luan Goncalves,M,10/19/1940,3.0,Curitiba,2.0,teclado,30.0,,,1,,86.0
939,2,3,2018-05-14,940.0,Otávio Melo,M,3/27/1963,3.0,Curitiba,4.0,laptop gamer,5300.0,,,1,,63.0
815,2,10,2018-05-14,816.0,Julian Martins,M,11/6/1998,3.0,Curitiba,,,,,,1,,28.0
818,4,5,2018-05-14,819.0,Rafaela Pinto,F,9/6/2002,5.0,Santa Catarina,6.0,impressora,700.0,269.0,2018-05-16,0,2.0,24.0
653,2,3,2018-05-14,654.0,Isabella Correia,F,12/4/1937,3.0,Curitiba,4.0,laptop gamer,5300.0,270.0,2018-06-02,0,19.0,89.0
876,2,3,2018-05-14,877.0,Sarah Silva,F,1/7/1999,3.0,Curitiba,4.0,laptop gamer,5300.0,,,1,,27.0
599,2,8,2018-05-18,600.0,Matheus Cunha,M,12/26/1994,3.0,Curitiba,9.0,mesa,860.0,271.0,2018-07-02,0,45.0,32.0
115,6,3,2018-05-18,116.0,Vinícius Oliveira,M,4/23/1976,7.0,Salvador,4.0,laptop gamer,5300.0,272.0,2018-06-14,0,27.0,50.0
262,4,3,2018-05-18,263.0,Tiago Pereira,M,12/14/1968,5.0,Santa Catarina,4.0,laptop gamer,5300.0,,,1,,58.0
942,7,7,2018-05-18,943.0,Vinícius Carvalho,M,2/4/1997,8.0,Brasília,8.0,cadeira,540.0,273.0,2018-05-27,0,9.0,29.0
145,9,5,2018-05-18,146.0,Breno Rocha,M,11/25/1959,10.0,Vitória,6.0,impressora,700.0,274.0,2018-06-19,0,32.0,67.0
672,2,3,2018-05-18,673.0,Sophia Martins,F,1/25/1979,3.0,Curitiba,4.0,laptop gamer,5300.0,275.0,2018-06-18,0,31.0,47.0
922,2,3,2018-05-19,923.0,Otávio Ferreira,M,1/15/1964,3.0,Curitiba,4.0,laptop gamer,5300.0,276.0,2018-06-18,0,30.0,62.0
492,2,3,2018-05-19,493.0,Ryan Pereira,M,2/8/1950,3.0,Curitiba,4.0,laptop gamer,5300.0,277.0,2018-06-27,0,39.0,76.0
91,4,3,2018-05-19,92.0,Danilo Silva,M,11/9/1998,5.0,Santa Catarina,4.0,laptop gamer,5300.0,278.0,2018-05-19,0,0.0,28.0
502,7,9,2018-05-19,503.0,Samuel Araujo,M,8/19/1982,8.0,Brasília,10.0,xxx-231a,3.2113519999999998,279.0,2018-06-17,0,29.0,44.0
984,4,3,2018-05-19,985.0,Martim Cavalcanti,M,8/27/1955,5.0,Santa Catarina,4.0,laptop gamer,5300.0,280.0,2018-06-12,0,24.0,71.0
303,1,3,2018-05-19,304.0,Amanda Santos,F,4/6/1980,2.0,Rio de Janeiro,4.0,laptop gamer,5300.0,281.0,2018-06-11,0,23.0,46.0
155,4,4,2018-05-20,156.0,Samuel Oliveira,M,7/27/1971,5.0,Santa Catarina,5.0,monitor,1500.0,282.0,2018-05-26,0,6.0,55.0
287,7,4,2018-05-20,288.0,Victor Ribeiro,o,12/17/1974,8.0,Brasília,5.0,monitor,1500.0,283.0,2018-05-28,0,8.0,52.0
400,7,3,2018-05-20,401.0,Gabrielle Costa,F,11/24/2000,8.0,Brasília,4.0,laptop gamer,5300.0,284.0,2018-05-22,0,2.0,26.0
267,2,8,2018-05-20,268.0,José Almeida,M,1/1/1939,3.0,Curitiba,9.0,mesa,860.0,285.0,2018-06-21,0,32.0,87.0
188,2,3,2018-05-20,189.0,Laura Azevedo,F,11/14/1984,3.0,Curitiba,4.0,laptop gamer,5300.0,,,1,,42.0
418,1,3,2018-05-20,419.0,Melissa Araujo,F,7/15/1999,2.0,Rio de Janeiro,4.0,laptop gamer,5300.0,286.0,2018-05-27,0,7.0,27.0
447,2,3,2018-05-21,448.0,Paulo Costa,M,12/13/1990,3.0,Curitiba,4.0,laptop gamer,5300.0,,,1,,36.0
99,7,3,2018-05-21,100.0,Luís Cardoso,M,6/23/1989,8.0,Brasília,4.0,laptop gamer,5300.0,287.0,2018-05-26,0,5.0,37.0
31,6,8,2018-05-21,32.0,Luana Rocha,F,9/17/1986,7.0,Salvador,9.0,mesa,860.0,288.0,2018-06-06,0,16.0,40.0
589,2,1,2018-05-21,590.0,Samuel Carvalho,M,5/22/1995,3.0,Curitiba,2.0,teclado,30.0,,,1,,31.0
787,4,3,2018-05-21,788.0,Gabrielle Gomes,F,12/28/1968,5.0,Santa Catarina,4.0,laptop gamer,5300.0,289.0,2018-05-25,0,4.0,58.0
87,2,3,2018-05-21,88.0,Mariana Cardoso,F,9/11/1943,3.0,Curitiba,4.0,laptop gamer,5300.0,,,1,,83.0
15,2,2,2018-05-21,16.0,Kai Ferreira,M,9/3/1985,3.0,Curitiba,3.0,laptop básico,2300.0,290.0,2018-06-03,0,13.0,41.0
292,8,2,2018-05-21,293.0,Luís Barros,M,12/20/1981,9.0,Palmas,3.0,laptop básico,2300.0,291.0,2018-06-22,0,32.0,45.0
856,3,6,2018-05-21,857.0,Pedro Carvalho,M,8/21/1936,4.0,Belo Horizonte,7.0,carregador,150.0,,,1,,90.0
543,2,3,2018-05-22,544.0,Pedro Sousa,M,6/19/1952,3.0,Curitiba,4.0,laptop gamer,5300.0,,,1,,74.0
355,3,3,2018-05-22,356.0,Isabela Lima,F,2/9/1953,4.0,Belo Horizonte,4.0,laptop gamer,5300.0,292.0,2018-06-28,0,37.0,73.0
489,5,7,2018-05-22,490.0,Marcos Araujo,M,3/20/1954,6.0,Recife,8.0,cadeira,540.0,293.0,2018-05-29,0,7.0,72.0
113,5,3,2018-05-24,114.0,Arthur Lima,M,10/30/1977,6.0,Recife,4.0,laptop gamer,5300.0,294.0,2018-07-02,0,39.0,49.0
152,2,3,2018-05-24,153.0,Maria Almeida,F,6/7/2000,3.0,Curitiba,4.0,laptop gamer,5300.0,,,1,,26.0
15,8,3,2018-05-24,16.0,Kai Ferreira,M,9/3/1985,9.0,Palmas,4.0,laptop gamer,5300.0,295.0,2018-07-06,0,43.0,41.0
565,2,1,2018-05-25,566.0,Beatriz Sousa,F,3/19/1955,3.0,Curitiba,2.0,teclado,30.0,,,1,,71.0
118,9,3,2018-05-25,119.0,Alex Pereira,M,11/29/1987,10.0,Vitória,4.0,laptop gamer,5300.0,296.0,2018-06-10,0,16.0,39.0
414,2,9,2018-05-25,415.0,Nicolash Pinto,M,6/22/1989,3.0,Curitiba,10.0,xxx-231a,3.2113519999999998,,,1,,37.0
119,2,3,2018-05-25,120.0,Sofia Souza,F,2/23/1945,3.0,Curitiba,4.0,laptop gamer,5300.0,,,1,,81.0
485,2,3,2018-05-25,486.0,Bruna Cunha,F,12/30/1979,3.0,Curitiba,4.0,laptop gamer,5300.0,,,1,,47.0
906,10,3,2018-05-25,907.0,Nicolas Azevedo,M,12/9/1985,,,4.0,laptop gamer,5300.0,,,1,,41.0
157,7,4,2018-05-26,158.0,Gabrielle Castro,F,3/5/1996,8.0,Brasília,5.0,monitor,1500.0,,,1,,30.0
991,2,3,2018-05-26,992.0,Julia Barbosa,F,12/23/1959,3.0,Curitiba,4.0,laptop gamer,5300.0,,,1,,67.0
435,8,3,2018-05-26,436.0,Ana Correia,F,6/28/1952,9.0,Palmas,4.0,laptop gamer,5300.0,297.0,2018-06-04,0,9.0,74.0
537,5,2,2018-05-27,538.0,Isabela Barros,F,9/23/1984,6.0,Recife,3.0,laptop básico,2300.0,298.0,2018-06-27,0,31.0,42.0
23,7,9,2018-05-27,24.0,Bruna Barbosa,F,7/16/1951,8.0,Brasília,10.0,xxx-231a,3.2113519999999998,299.0,2018-07-06,0,40.0,75.0
74,2,2,2018-05-27,75.0,Kai Fernandes,M,9/18/1961,3.0,Curitiba,3.0,laptop básico,2300.0,,,1,,65.0
521,5,7,2018-05-27,522.0,Bianca Martins,F,10/12/1938,6.0,Recife,8.0,cadeira,540.0,300.0,2018-06-10,0,14.0,88.0
31,2,3,2018-05-27,32.0,Luana Rocha,F,9/17/1986,3.0,Curitiba,4.0,laptop gamer,5300.0,301.0,2018-06-27,0,31.0,40.0
191,5,3,2018-05-27,192.0,Luana Pinto,F,5/19/2002,6.0,Recife,4.0,laptop gamer,5300.0,302.0,2018-06-17,0,21.0,24.0
956,1,3,2018-05-29,957.0,Ágatha Costa,F,6/22/1977,2.0,Rio de Janeiro,4.0,laptop gamer,5300.0,303.0,2018-06-03,0,5.0,49.0
44,7,3,2018-05-29,45.0,Maria Oliveira,F,1/9/1984,8.0,Brasília,4.0,laptop gamer,5300.0,304.0,2018-07-08,0,40.0,42.0
584,7,3,2018-05-29,585.0,Luiz Souza,M,4/16/1965,8.0,Brasília,4.0,laptop gamer,5300.0,305.0,2018-06-20,0,22.0,61.0
296,2,3,2018-05-29,297.0,Kauê Oliveira,M,3/8/1956,3.0,Curitiba,4.0,laptop gamer,5300.0,,,1,,70.0
493,3,2,2018-05-29,494.0,Samuel Goncalves,M,12/30/1964,4.0,Belo Horizonte,3.0,laptop básico,2300.0,306.0,2018-06-11,0,13.0,62.0
753,4,6,2018-05-29,754.0,Vitór Souza,M,12/8/1968,5.0,Santa Catarina,7.0,carregador,150.0,307.0,2018-06-19,0,21.0,58.0
968,2,8,2018-05-30,969.0,Rebeca Sousa,F,3/11/1999,3.0,Curitiba,9.0,mesa,860.0,308.0,2018-07-09,0,40.0,27.0
132,2,3,2018-05-30,133.0,Carlos Souza,M,11/7/1951,3.0,Curitiba,4.0,laptop gamer,5300.0,,,1,,75.0
313,2,3,2018-05-30,314.0,Diogo Santos,M,5/1/1995,3.0,Curitiba,4.0,laptop gamer,5300.0,,,1,,31.0
583,8,3,2018-06-04,584.0,Rodrigo Cunha,M,1/23/1991,9.0,Palmas,4.0,laptop gamer,5300.0,,,1,,35.0
162,2,6,2018-06-04,163.0,Ana Pereira,F,1/10/1967,3.0,Curitiba,7.0,carregador,150.0,,,1,,59.0
243,9,5,2018-06-04,244.0,Thiago Ribeiro,M,1/31/1935,10.0,Vitória,6.0,impressora,700.0,309.0,2018-06-24,0,20.0,91.0
221,3,3,2018-06-04,222.0,Giovanna Cunha,F,7/26/1978,4.0,Belo Horizonte,4.0,laptop gamer,5300.0,,,1,,48.0
539,10,3,2018-06-04,540.0,Kauã Rodrigues,M,3/8/1938,,,4.0,laptop gamer,5300.0,,,1,,88.0
123,3,3,2018-06-04,124.0,Rafaela Azevedo,F,9/8/1989,4.0,Belo Horizonte,4.0,laptop gamer,5300.0,310.0,2018-06-04,0,0.0,37.0
535,1,3,2018-06-06,536.0,Luana Alves,F,4/7/1995,2.0,Rio de Janeiro,4.0,laptop gamer,5300.0,311.0,2018-07-12,0,36.0,31.0
180,7,2,2018-06-06,181.0,Thiago Silva,M,3/19/1953,8.0,Brasília,3.0,laptop básico,2300.0,312.0,2018-06-11,0,5.0,73.0
403,1,1,2018-06-06,404.0,Igor Fernandes,M,8/5/1949,2.0,Rio de Janeiro,2.0,teclado,30.0,313.0,2018-07-04,0,28.0,77.0
178,2,3,2018-06-06,179.0,Alex Melo,M,2/4/1983,3.0,Curitiba,4.0,laptop gamer,5300.0,,,1,,43.0
375,2,6,2018-06-06,376.0,Isabela Lima,F,8/10/1941,3.0,Curitiba,7.0,carregador,150.0,314.0,2018-07-17,0,41.0,85.0
773,3,3,2018-06-06,774.0,Mateus Castro,M,10/1/1945,4.0,Belo Horizonte,4.0,laptop gamer,5300.0,315.0,2018-06-14,0,8.0,81.0
697,3,3,2018-06-07,698.0,Murilo Santos,M,9/25/1949,4.0,Belo Horizonte,4.0,laptop gamer,5300.0,316.0,2018-07-18,0,41.0,77.0
951,2,5,2018-06-07,952.0,Amanda Fernandes,F,7/27/1997,3.0,Curitiba,6.0,impressora,700.0,317.0,2018-06-21,0,14.0,29.0
827,2,6,2018-06-07,828.0,Lara Fernandes,F,6/14/1957,3.0,Curitiba,7.0,carregador,150.0,,,1,,69.0
912,1,8,2018-06-09,913.0,Vitor Martins,M,9/21/1941,2.0,Rio de Janeiro,9.0,mesa,860.0,318.0,2018-06-18,0,9.0,85.0
992,9,3,2018-06-09,993.0,Marcos Castro,M,5/24/1984,10.0,Vitória,4.0,laptop gamer,5300.0,319.0,2018-07-11,0,32.0,42.0
742,8,3,2018-06-09,743.0,Gabrielly Barros,F,4/6/1946,9.0,Palmas,4.0,laptop gamer,5300.0,320.0,2018-07-06,0,27.0,80.0
888,3,3,2018-06-09,889.0,Kauan Ferreira,M,8/28/1954,4.0,Belo Horizonte,4.0,laptop gamer,5300.0,321.0,2018-07-10,0,31.0,72.0
654,7,5,2018-06-09,655.0,Julian Dias,M,11/7/1964,8.0,Brasília,6.0,impressora,700.0,322.0,2018-07-10,0,31.0,62.0
117,1,3,2018-06-09,118.0,Alex Sousa,M,12/28/1943,2.0,Rio de Janeiro,4.0,laptop gamer,5300.0,323.0,2018-06-27,0,18.0,83.0
398,2,1,2018-06-10,399.0,Gabriela Araujo,F,4/19/1977,3.0,Curitiba,2.0,teclado,30.0,,,1,,49.0
349,2,7,2018-06-10,350.0,Giovanna Goncalves,F,9/17/1971,3.0,Curitiba,8.0,cadeira,540.0,324.0,2018-07-20,0,40.0,55.0
527,2,3,2018-06-10,528.0,Raissa Azevedo,F,8/8/1945,3.0,Curitiba,4.0,laptop gamer,5300.0,325.0,2018-07-18,0,38.0,81.0
94,2,9,2018-06-10,95.0,Fábio Correia,M,9/10/1996,3.0,Curitiba,10.0,xxx-231a,3.2113519999999998,,,1,,30.0
456,2,1,2018-06-10,457.0,Thaís Correia,F,9/29/1948,3.0,Curitiba,2.0,teclado,30.0,,,1,,78.0
230,5,3,2018-06-10,231.0,Vitoria Ferreira,F,11/3/1985,6.0,Recife,4.0,laptop gamer,5300.0,326.0,2018-06-24,0,14.0,41.0
852,2,3,2018-06-12,853.0,Otávio Barros,M,7/2/1972,3.0,Curitiba,4.0,laptop gamer,5300.0,,,1,,54.0
313,2,3,2018-06-12,314.0,Diogo Santos,M,5/1/1995,3.0,Curitiba,4.0,laptop gamer,5300.0,327.0,2018-07-05,0,23.0,31.0
345,8,9,2018-06-12,346.0,Arthur Oliveira,M,11/2/1961,9.0,Palmas,10.0,xxx-231a,3.2113519999999998,328.0,2018-07-06,0,24.0,65.0
391,7,3,2018-06-14,392.0,Miguel Rodrigues,M,7/8/1974,8.0,Brasília,4.0,laptop gamer,5300.0,329.0,2018-07-27,0,43.0,52.0
181,2,6,2018-06-14,182.0,Aline Silva,F,12/24/1979,3.0,Curitiba,7.0,carregador,150.0,,,1,,47.0
255,5,2,2018-06-14,256.0,Carolina Castro,F,6/5/1945,6.0,Recife,3.0,laptop básico,2300.0,330.0,2018-06-28,0,14.0,81.0
467,2,3,2018-06-14,468.0,Julieta Oliveira,F,8/30/1947,3.0,Curitiba,4.0,laptop gamer,5300.0,331.0,2018-06-18,0,4.0,79.0
602,2,8,2018-06-14,603.0,Murilo Martins,M,1/20/1972,3.0,Curitiba,9.0,mesa,860.0,,,1,,54.0
588,2,5,2018-06-14,589.0,Emily Castro,F,5/11/1936,3.0,Curitiba,6.0,impressora,700.0,,,1,,90.0
756,2,3,2018-06-14,757.0,Otávio Santos,M,5/7/1953,3.0,Curitiba,4.0,laptop gamer,5300.0,,,1,,73.0
184,10,7,2018-06-14,185.0,Sofia Silva,F,5/26/1955,,,8.0,cadeira,540.0,332.0,2018-07-13,0,29.0,71.0
410,2,3,2018-06-14,411.0,Julieta Goncalves,F,1/14/1968,3.0,Curitiba,4.0,laptop gamer,5300.0,333.0,2018-07-08,0,24.0,58.0
689,6,10,2018-06-16,690.0,Julieta Araujo,F,1/6/1982,7.0,Salvador,,,,334.0,2018-06-24,0,8.0,44.0
36,4,2,2018-06-16,37.0,Emily Araujo,F,6/15/1989,5.0,Santa Catarina,3.0,laptop básico,2300.0,335.0,2018-07-18,0,32.0,37.0
778,6,8,2018-06-16,779.0,Larissa Ferreira,F,12/31/1991,7.0,Salvador,9.0,mesa,860.0,336.0,2018-07-18,0,32.0,35.0
337,10,7,2018-06-16,338.0,Mariana Rodrigues,F,6/2/2001,,,8.0,cadeira,540.0,337.0,2018-07-13,0,27.0,25.0
532,5,5,2018-06-16,533.0,Larissa Melo,F,8/17/1944,6.0,Recife,6.0,impressora,700.0,338.0,2018-07-30,0,44.0,82.0
857,1,6,2018-06-16,858.0,Fernanda Pinto,F,8/25/1960,2.0,Rio de Janeiro,7.0,carregador,150.0,339.0,2018-07-13,0,27.0,66.0
339,3,3,2018-06-18,340.0,Alex Azevedo,M,11/5/1962,4.0,Belo Horizonte,4.0,laptop gamer,5300.0,340.0,2018-06-30,0,12.0,64.0
27,7,7,2018-06-18,28.0,Pedro Rocha,M,7/19/1943,8.0,Brasília,8.0,cadeira,540.0,341.0,2018-06-25,0,7.0,83.0
545,6,3,2018-06-18,546.0,Clara Souza,F,11/19/1976,7.0,Salvador,4.0,laptop gamer,5300.0,,,1,,50.0
934,10,2,2018-06-19,935.0,Lucas Almeida,M,2/14/1936,,,3.0,laptop básico,2300.0,342.0,2018-06-22,0,3.0,90.0
227,8,3,2018-06-19,228.0,Kauê Correia,M,4/4/1981,9.0,Palmas,4.0,laptop gamer,5300.0,343.0,2018-06-24,0,5.0,45.0
788,2,3,2018-06-19,789.0,Luis Ribeiro,M,2/8/1964,3.0,Curitiba,4.0,laptop gamer,5300.0,,,1,,62.0
126,4,1,2018-06-20,127.0,Emilly Lima,F,1/27/1961,5.0,Santa Catarina,2.0,teclado,30.0,344.0,2018-07-11,0,21.0,65.0
259,2,3,2018-06-20,260.0,Vitória Azevedo,F,7/12/1985,3.0,Curitiba,4.0,laptop gamer,5300.0,,,1,,41.0
733,8,3,2018-06-20,734.0,Daniel Pereira,M,4/9/1988,9.0,Palmas,4.0,laptop gamer,5300.0,345.0,2018-07-06,0,16.0,38.0
906,10,3,2018-06-21,907.0,Nicolas Azevedo,M,12/9/1985,,,4.0,laptop gamer,5300.0,346.0,2018-07-16,0,25.0,41.0
201,2,3,2018-06-21,202.0,Lavinia Rocha,F,6/19/1966,3.0,Curitiba,4.0,laptop gamer,5300.0,,,1,,60.0
104,9,3,2018-06-21,105.0,Camila Ribeiro,F,4/9/1988,10.0,Vitória,4.0,laptop gamer,5300.0,347.0,2018-07-09,0,18.0,38.0
924,10,10,2018-06-21,925.0,Vitor Barros,M,11/15/1954,,,,,,348.0,2018-07-20,0,29.0,72.0
275,2,3,2018-06-21,276.0,Luiz Oliveira,M,12/9/1960,3.0,Curitiba,4.0,laptop gamer,5300.0,,,1,,66.0
159,7,1,2018-06-21,160.0,Luis Cavalcanti,M,4/16/1948,8.0,Brasília,2.0,teclado,30.0,349.0,2018-07-27,0,36.0,78.0
18,1,3,2018-06-22,19.0,Luis Araujo,M,1/22/1966,2.0,Rio de Janeiro,4.0,laptop gamer,5300.0,350.0,2018-06-30,0,8.0,60.0
649,9,8,2018-06-22,650.0,Kaua Costa,M,3/12/1954,10.0,Vitória,9.0,mesa,860.0,351.0,2018-07-05,0,13.0,72.0
566,7,3,2018-06-22,567.0,Mateus Cavalcanti,M,4/24/1957,8.0,Brasília,4.0,laptop gamer,5300.0,352.0,2018-07-19,0,27.0,69.0
559,2,5,2018-06-22,560.0,Mariana Alves,F,2/27/1952,3.0,Curitiba,6.0,impressora,700.0,353.0,2018-06-28,0,6.0,74.0
559,2,5,2018-06-22,560.0,Mariana Alves,F,2/27/1952,3.0,Curitiba,6.0,impressora,700.0,,,1,,74.0
588,2,10,2018-06-22,589.0,Emily Castro,F,5/11/1936,3.0,Curitiba,,,,,,1,,90.0
31,2,3,2018-06-23,32.0,Luana Rocha,F,9/17/1986,3.0,Curitiba,4.0,laptop gamer,5300.0,,,1,,40.0
809,2,3,2018-06-23,810.0,Nicolas Dias,M,8/12/1992,3.0,Curitiba,4.0,laptop gamer,5300.0,,,1,,34.0
301,9,3,2018-06-23,302.0,Guilherme Cardoso,o,3/9/1998,10.0,Vitória,4.0,laptop gamer,5300.0,354.0,2018-08-02,0,40.0,28.0
626,10,3,2018-06-24,627.0,Sophia Ribeiro,F,2/23/1970,,,4.0,laptop gamer,5300.0,355.0,2018-07-18,0,24.0,56.0
87,2,1,2018-06-24,88.0,Mariana Cardoso,F,9/11/1943,3.0,Curitiba,2.0,teclado,30.0,356.0,2018-08-01,0,38.0,83.0
196,5,9,2018-06-24,197.0,Marcos Martins,M,1/3/1981,6.0,Recife,10.0,xxx-231a,3.2113519999999998,,,1,,45.0
606,9,8,2018-06-24,607.0,Luiza Costa,F,7/12/1978,10.0,Vitória,9.0,mesa,860.0,357.0,2018-06-28,0,4.0,48.0
628,4,3,2018-06-24,629.0,Isabella Cunha,F,7/17/1936,5.0,Santa Catarina,4.0,laptop gamer,5300.0,358.0,2018-07-01,0,7.0,90.0
530,9,6,2018-06-24,531.0,Breno Silva,M,10/17/2002,10.0,Vitória,7.0,carregador,150.0,359.0,2018-07-18,0,24.0,24.0
915,10,5,2018-06-25,916.0,Arthur Rocha,M,9/22/1963,,,6.0,impressora,700.0,360.0,2018-07-13,0,18.0,63.0
820,6,9,2018-06-25,821.0,Emily Santos,F,4/27/1979,7.0,Salvador,10.0,xxx-231a,3.2113519999999998,,,1,,47.0
314,10,6,2018-06-25,315.0,Caio Ferreira,M,4/6/1991,,,7.0,carregador,150.0,361.0,2018-07-11,0,16.0,35.0
966,2,5,2018-06-27,967.0,Leonardo Silva,M,12/6/1997,3.0,Curitiba,6.0,impressora,700.0,362.0,2018-08-06,0,40.0,29.0
623,4,2,2018-06-27,624.0,Bianca Pereira,F,9/7/1952,5.0,Santa Catarina,3.0,laptop básico,2300.0,363.0,2018-07-30,0,33.0,74.0
219,2,3,2018-06-27,220.0,Kauan Almeida,M,4/12/1948,3.0,Curitiba,4.0,laptop gamer,5300.0,,,1,,78.0
952,2,9,2018-06-27,953.0,André Lima,M,3/2/2002,3.0,Curitiba,10.0,xxx-231a,3.2113519999999998,,,1,,24.0
378,10,9,2018-06-27,379.0,Marina Ribeiro,F,10/7/1997,,,10.0,xxx-231a,3.2113519999999998,364.0,2018-07-11,0,14.0,29.0
167,7,3,2018-06-27,168.0,Vinicius Silva,M,8/15/1949,8.0,Brasília,4.0,laptop gamer,5300.0,365.0,2018-07-17,0,20.0,77.0
563,10,5,2018-06-27,564.0,Leonardo Barros,M,1/13/1993,,,6.0,impressora,700.0,366.0,2018-08-07,0,41.0,33.0
957,2,3,2018-06-27,958.0,Aline Santos,F,7/1/1977,3.0,Curitiba,4.0,laptop gamer,5300.0,,,1,,49.0
365,2,7,2018-06-27,366.0,Marcos Rodrigues,M,8/18/1965,3.0,Curitiba,8.0,cadeira,540.0,,,1,,61.0
799,4,3,2018-06-28,800.0,Isabella Sousa,F,3/2/1965,5.0,Santa Catarina,4.0,laptop gamer,5300.0,367.0,2018-08-01,0,34.0,61.0
874,7,3,2018-06-28,875.0,Luís Pereira,M,10/26/1987,8.0,Brasília,4.0,laptop gamer,5300.0,368.0,2018-08-07,0,40.0,39.0
850,4,3,2018-06-28,851.0,Luiza Barbosa,F,10/21/1970,5.0,Santa Catarina,4.0,laptop gamer,5300.0,369.0,2018-07-12,0,14.0,56.0
595,4,1,2018-06-29,596.0,Luiz Silva,M,5/4/1957,5.0,Santa Catarina,2.0,teclado,30.0,370.0,2018-08-08,0,40.0,69.0
119,5,3,2018-06-29,120.0,Sofia Souza,F,2/23/1945,6.0,Recife,4.0,laptop gamer,5300.0,371.0,2018-07-05,0,6.0,81.0
157,7,3,2018-06-29,158.0,Gabrielle Castro,F,3/5/1996,8.0,Brasília,4.0,laptop gamer,5300.0,372.0,2018-07-02,0,3.0,30.0
870,2,3,2018-06-30,871.0,Julian Oliveira,M,6/9/1951,3.0,Curitiba,4.0,laptop gamer,5300.0,373.0,2018-07-14,0,14.0,75.0
612,2,9,2018-06-30,613.0,Diego Azevedo,M,2/24/1981,3.0,Curitiba,10.0,xxx-231a,3.2113519999999998,,,1,,45.0
466,3,7,2018-06-30,467.0,Lavinia Cunha,F,8/10/1964,4.0,Belo Horizonte,8.0,cadeira,540.0,374.0,2018-07-07,0,7.0,62.0
276,8,3,2018-06-30,277.0,Brenda Santos,F,1/1/2020,9.0,Palmas,4.0,laptop gamer,5300.0,375.0,2018-08-06,0,37.0,6.0
613,6,10,2018-06-30,614.0,Yasmin Sousa,F,8/11/1944,7.0,Salvador,,,,376.0,2018-07-28,0,28.0,82.0
736,3,3,2018-06-30,737.0,Carlos Gomes,M,12/13/1960,4.0,Belo Horizonte,4.0,laptop gamer,5300.0,377.0,2018-07-12,0,12.0,66.0
470,9,4,2018-06-30,471.0,Clara Silva,F,9/26/1942,10.0,Vitória,5.0,monitor,1500.0,378.0,2018-07-20,0,20.0,84.0
805,7,3,2018-06-30,806.0,Júlia Ferreira,F,2/13/1941,8.0,Brasília,4.0,laptop gamer,5300.0,379.0,2018-07-06,0,6.0,85.0
122,3,9,2018-06-30,123.0,Thaís Sousa,F,11/4/1936,4.0,Belo Horizonte,10.0,xxx-231a,3.2113519999999998,380.0,2018-07-24,0,24.0,90.0
457,6,3,2018-07-01,458.0,Sarah Ferreira,F,7/20/1939,7.0,Salvador,4.0,laptop gamer,5300.0,381.0,2018-07-01,0,0.0,87.0
586,2,1,2018-07-01,587.0,Cauã Santos,M,4/19/1983,3.0,Curitiba,2.0,teclado,30.0,,,1,,43.0
603,2,5,2018-07-01,604.0,Lucas Souza,M,8/18/1939,3.0,Curitiba,6.0,impressora,700.0,382.0,2018-08-02,0,32.0,87.0
47,4,5,2018-07-01,48.0,Diogo Alves,M,9/2/1981,5.0,Santa Catarina,6.0,impressora,700.0,383.0,2018-07-26,0,25.0,45.0
441,2,3,2018-07-01,442.0,Livia Martins,F,10/30/1967,3.0,Curitiba,4.0,laptop gamer,5300.0,,,1,,59.0
940,1,3,2018-07-01,941.0,Pedro Pereira,M,4/3/1957,2.0,Rio de Janeiro,4.0,laptop gamer,5300.0,384.0,2018-08-11,0,41.0,69.0
756,5,1,2018-07-02,757.0,Otávio Santos,M,5/7/1953,6.0,Recife,2.0,teclado,30.0,385.0,2018-07-27,0,25.0,73.0
481,2,3,2018-07-02,482.0,Luiza Cardoso,F,8/3/1954,3.0,Curitiba,4.0,laptop gamer,5300.0,,,1,,72.0
634,2,3,2018-07-02,635.0,Danilo Silva,M,5/30/1966,3.0,Curitiba,4.0,laptop gamer,5300.0,,,1,,60.0
112,10,10,2018-07-03,113.0,Douglas Gomes,M,10/28/1944,,,,,,386.0,2018-07-13,0,10.0,82.0
261,1,9,2018-07-03,262.0,Bianca Oliveira,F,7/6/1948,2.0,Rio de Janeiro,10.0,xxx-231a,3.2113519999999998,387.0,2018-07-31,0,28.0,78.0
960,10,4,2018-07-03,961.0,Tomás Lima,M,7/31/1989,,,5.0,monitor,1500.0,388.0,2018-07-16,0,13.0,37.0
273,2,10,2018-07-04,274.0,Gustavo Melo,M,9/24/1946,3.0,Curitiba,,,,,,1,,80.0
812,2,2,2018-07-04,813.0,Matheus Souza,M,11/25/1953,3.0,Curitiba,3.0,laptop básico,2300.0,,,1,,73.0
917,9,7,2018-07-04,918.0,Sophia Cunha,F,6/27/1966,10.0,Vitória,8.0,cadeira,540.0,389.0,2018-08-08,0,35.0,60.0
783,7,3,2018-07-05,784.0,Matilde Goncalves,F,4/30/1938,8.0,Brasília,4.0,laptop gamer,5300.0,,,1,,88.0
28,4,3,2018-07-05,29.0,Samuel Martins,M,2/13/1956,5.0,Santa Catarina,4.0,laptop gamer,5300.0,390.0,2018-08-05,0,31.0,70.0
608,10,10,2018-07-05,609.0,Enzo Barros,M,3/2/1959,,,,,,391.0,2018-07-11,0,6.0,67.0
585,2,3,2018-07-05,586.0,Aline Pinto,F,3/29/1994,3.0,Curitiba,4.0,laptop gamer,5300.0,,,1,,32.0
383,2,5,2018-07-05,384.0,Leila Costa,F,8/29/1988,3.0,Curitiba,6.0,impressora,700.0,,,1,,38.0
99,10,7,2018-07-05,100.0,Luís Cardoso,M,6/23/1989,,,8.0,cadeira,540.0,392.0,2018-07-21,0,16.0,37.0
317,10,3,2018-07-06,318.0,Nicolash Cavalcanti,M,7/2/1949,,,4.0,laptop gamer,5300.0,393.0,2018-08-13,0,38.0,77.0
954,1,3,2018-07-06,955.0,Danilo Rocha,M,8/28/1980,2.0,Rio de Janeiro,4.0,laptop gamer,5300.0,394.0,2018-08-16,0,41.0,46.0
584,2,5,2018-07-06,585.0,Luiz Souza,M,4/16/1965,3.0,Curitiba,6.0,impressora,700.0,,,1,,61.0
571,2,8,2018-07-06,572.0,Giovana Alves,F,2/6/1941,3.0,Curitiba,9.0,mesa,860.0,,,1,,85.0
125,10,3,2018-07-06,126.0,Vitor Cardoso,M,7/25/1963,,,4.0,laptop gamer,5300.0,,,1,,63.0
762,9,3,2018-07-06,763.0,Manuela Gomes,F,6/29/1961,10.0,Vitória,4.0,laptop gamer,5300.0,395.0,2018-08-16,0,41.0,65.0
11,4,3,2018-07-07,12.0,Vinicius Rodrigues,M,4/13/1951,5.0,Santa Catarina,4.0,laptop gamer,5300.0,396.0,2018-07-24,0,17.0,75.0
264,5,3,2018-07-07,265.0,sem nome,M,2/7/1979,6.0,Recife,4.0,laptop gamer,5300.0,397.0,2018-07-29,0,22.0,47.0
315,9,2,2018-07-07,316.0,Larissa Costa,F,9/16/1949,10.0,Vitória,3.0,laptop básico,2300.0,398.0,2018-08-15,0,39.0,77.0
468,2,4,2018-07-07,469.0,Matheus Costa,M,10/20/1941,3.0,Curitiba,5.0,monitor,1500.0,,,1,,85.0
623,5,3,2018-07-07,624.0,Bianca Pereira,F,9/7/1952,6.0,Recife,4.0,laptop gamer,5300.0,399.0,2018-08-02,0,26.0,74.0
689,10,6,2018-07-07,690.0,Julieta Araujo,F,1/6/1982,,,7.0,carregador,150.0,400.0,2018-07-22,0,15.0,44.0
107,10,3,2018-07-07,108.0,Emily Ribeiro,F,7/5/1994,,,4.0,laptop gamer,5300.0,401.0,2018-07-10,0,3.0,32.0
87,9,3,2018-07-07,88.0,Mariana Cardoso,F,9/11/1943,10.0,Vitória,4.0,laptop gamer,5300.0,402.0,2018-07-18,0,11.0,83.0
615,2,1,2018-07-07,616.0,Raissa Almeida,F,11/7/1989,3.0,Curitiba,2.0,teclado,30.0,,,1,,37.0
666,8,5,2018-07-08,667.0,Emilly Oliveira,F,5/19/1944,9.0,Palmas,6.0,impressora,700.0,403.0,2018-08-21,0,44.0,82.0
190,2,3,2018-07-08,191.0,Anna Castro,F,2/11/1984,3.0,Curitiba,4.0,laptop gamer,5300.0,,,1,,42.0
446,10,8,2018-07-08,447.0,Maria Costa,F,8/21/1947,,,9.0,mesa,860.0,404.0,2018-07-08,0,0.0,79.0
236,8,3,2018-07-08,237.0,Guilherme Dias,M,7/2/2002,9.0,Palmas,4.0,laptop gamer,5300.0,,,1,,24.0
950,1,6,2018-07-08,951.0,Aline Oliveira,F,3/14/1959,2.0,Rio de Janeiro,7.0,carregador,150.0,405.0,2018-08-12,0,35.0,67.0
955,2,3,2018-07-08,956.0,Felipe Goncalves,M,3/27/1940,3.0,Curitiba,4.0,laptop gamer,5300.0,406.0,2018-07-30,0,22.0,86.0
40,10,3,2018-07-08,41.0,Tânia Cardoso,F,12/11/1967,,,4.0,laptop gamer,5300.0,407.0,2018-07-11,0,3.0,59.0
892,4,2,2018-07-08,893.0,Danilo Gomes,M,5/25/1962,5.0,Santa Catarina,3.0,laptop básico,2300.0,408.0,2018-07-17,0,9.0,64.0
951,5,8,2018-07-08,952.0,Amanda Fernandes,F,7/27/1997,6.0,Recife,9.0,mesa,860.0,409.0,2018-07-11,0,3.0,29.0
71,2,3,2018-07-10,72.0,Luana Oliveira,F,11/6/1967,3.0,Curitiba,4.0,laptop gamer,5300.0,,,1,,59.0
929,4,3,2018-07-10,930.0,Camila Castro,F,5/14/1948,5.0,Santa Catarina,4.0,laptop gamer,5300.0,410.0,2018-08-14,0,35.0,78.0
652,10,3,2018-07-10,653.0,Tomás Melo,M,5/3/1941,,,4.0,laptop gamer,5300.0,411.0,2018-08-10,0,31.0,85.0
182,9,6,2018-07-10,183.0,Melissa Cavalcanti,F,7/23/1946,10.0,Vitória,7.0,carregador,150.0,412.0,2018-07-11,0,1.0,80.0
938,6,3,2018-07-10,939.0,Amanda Martins,F,7/7/1958,7.0,Salvador,4.0,laptop gamer,5300.0,413.0,2018-07-16,0,6.0,68.0
827,4,6,2018-07-10,828.0,Lara Fernandes,F,6/14/1957,5.0,Santa Catarina,7.0,carregador,150.0,,,1,,69.0
399,6,2,2018-07-10,400.0,Diego Carvalho,M,4/21/1955,7.0,Salvador,3.0,laptop básico,2300.0,414.0,2018-08-11,0,32.0,71.0
162,9,7,2018-07-10,163.0,Ana Pereira,F,1/10/1967,10.0,Vitória,8.0,cadeira,540.0,415.0,2018-08-16,0,37.0,59.0
56,1,1,2018-07-10,57.0,Emily Silva,F,4/21/1986,2.0,Rio de Janeiro,2.0,teclado,30.0,416.0,2018-07-30,0,20.0,40.0
420,1,3,2018-07-11,421.0,Igor Cardoso,M,9/1/1998,2.0,Rio de Janeiro,4.0,laptop gamer,5300.0,417.0,2018-08-12,0,32.0,28.0
516,6,4,2018-07-11,517.0,Caio Barbosa,M,3/9/1958,7.0,Salvador,5.0,monitor,1500.0,,,1,,68.0
117,10,2,2018-07-11,118.0,Alex Sousa,M,12/28/1943,,,3.0,laptop básico,2300.0,418.0,2018-08-16,0,36.0,83.0
323,2,3,2018-07-13,324.0,Letícia Fernandes,F,9/10/1951,3.0,Curitiba,4.0,laptop gamer,5300.0,,,1,,75.0
845,2,3,2018-07-13,846.0,Pedro Martins,M,3/18/1995,3.0,Curitiba,4.0,laptop gamer,5300.0,,,1,,31.0
905,2,10,2018-07-13,906.0,Beatrice Oliveira,F,1/8/1960,3.0,Curitiba,,,,,,1,,66.0
614,2,8,2018-07-14,615.0,José Almeida,M,6/30/1971,3.0,Curitiba,9.0,mesa,860.0,,,1,,55.0
626,9,3,2018-07-14,627.0,Sophia Ribeiro,F,2/23/1970,10.0,Vitória,4.0,laptop gamer,5300.0,,,1,,56.0
864,10,4,2018-07-14,865.0,Rafaela Silva,F,10/5/1937,,,5.0,monitor,1500.0,,,1,,89.0
304,2,3,2018-07-15,305.0,Antônio Araujo,M,4/26/1952,3.0,Curitiba,4.0,laptop gamer,5300.0,419.0,2018-08-14,0,30.0,74.0
639,2,3,2018-07-15,640.0,Rafaela Araujo,F,11/7/1981,3.0,Curitiba,4.0,laptop gamer,5300.0,420.0,2018-07-23,0,8.0,45.0
39,1,1,2018-07-15,40.0,Camila Cunha,F,10/18/1968,2.0,Rio de Janeiro,2.0,teclado,30.0,421.0,2018-08-22,0,38.0,58.0
748,7,6,2018-07-16,749.0,Evelyn Barros,F,3/7/1975,8.0,Brasília,7.0,carregador,150.0,422.0,2018-07-20,0,4.0,51.0
339,2,3,2018-07-16,340.0,Alex Azevedo,M,11/5/1962,3.0,Curitiba,4.0,laptop gamer,5300.0,423.0,2018-08-16,0,31.0,64.0
929,2,3,2018-07-16,930.0,Camila Castro,F,5/14/1948,3.0,Curitiba,4.0,laptop gamer,5300.0,424.0,2018-07-28,0,12.0,78.0
909,2,3,2018-07-17,910.0,Luiz Carvalho,M,4/17/1948,3.0,Curitiba,4.0,laptop gamer,5300.0,,,1,,78.0
420,7,3,2018-07-17,421.0,Igor Cardoso,M,9/1/1998,8.0,Brasília,4.0,laptop gamer,5300.0,425.0,2018-08-24,0,38.0,28.0
768,1,3,2018-07-17,769.0,Rafaela Lima,F,4/7/1954,2.0,Rio de Janeiro,4.0,laptop gamer,5300.0,426.0,2018-08-13,0,27.0,72.0
282,2,3,2018-07-17,283.0,Amanda Barros,F,1/1/2020,3.0,Curitiba,4.0,laptop gamer,5300.0,,,1,,6.0
259,9,10,2018-07-17,260.0,Vitória Azevedo,F,7/12/1985,10.0,Vitória,,,,427.0,2018-08-18,0,32.0,41.0
422,9,1,2018-07-17,423.0,Letícia Cardoso,F,7/7/1961,10.0,Vitória,2.0,teclado,30.0,428.0,2018-08-15,0,29.0,65.0
646,2,3,2018-07-20,647.0,Mariana Araujo,F,12/21/1984,3.0,Curitiba,4.0,laptop gamer,5300.0,429.0,2018-08-12,0,23.0,42.0
784,6,3,2018-07-20,785.0,Davi Dias,M,1/21/1965,7.0,Salvador,4.0,laptop gamer,5300.0,430.0,2018-08-31,0,42.0,61.0
539,3,3,2018-07-20,540.0,Kauã Rodrigues,M,3/8/1938,4.0,Belo Horizonte,4.0,laptop gamer,5300.0,431.0,2018-08-14,0,25.0,88.0
717,2,3,2018-07-21,718.0,Livia Azevedo,F,4/30/1980,3.0,Curitiba,4.0,laptop gamer,5300.0,,,1,,46.0
257,1,3,2018-07-21,258.0,Gabrielle Barbosa,F,3/17/1967,2.0,Rio de Janeiro,4.0,laptop gamer,5300.0,432.0,2018-09-03,0,44.0,59.0
471,7,7,2018-07-21,472.0,Melissa Silva,F,2/27/1972,8.0,Brasília,8.0,cadeira,540.0,433.0,2018-08-08,0,18.0,54.0
101,2,3,2018-07-21,102.0,Diego Lima,M,11/13/1949,3.0,Curitiba,4.0,laptop gamer,5300.0,434.0,2018-08-07,0,17.0,77.0
531,4,4,2018-07-21,532.0,Daniel Alves,M,2/20/1970,5.0,Santa Catarina,5.0,monitor,1500.0,435.0,2018-08-11,0,21.0,56.0
360,2,3,2018-07-21,361.0,Vinicius Santos,M,3/21/1937,3.0,Curitiba,4.0,laptop gamer,5300.0,,,1,,89.0
94,10,5,2018-07-22,95.0,Fábio Correia,M,9/10/1996,,,6.0,impressora,700.0,436.0,2018-08-01,0,10.0,30.0
220,2,3,2018-07-22,221.0,Estevan Souza,M,1/12/1962,3.0,Curitiba,4.0,laptop gamer,5300.0,,,1,,64.0
923,8,10,2018-07-22,924.0,Diego Gomes,M,1/27/1986,9.0,Palmas,,,,437.0,2018-07-23,0,1.0,40.0
240,7,2,2018-07-23,241.0,Danilo Pereira,M,6/24/1988,8.0,Brasília,3.0,laptop básico,2300.0,438.0,2018-08-09,0,17.0,38.0
178,2,4,2018-07-23,179.0,Alex Melo,M,2/4/1983,3.0,Curitiba,5.0,monitor,1500.0,,,1,,43.0
15,10,10,2018-07-23,16.0,Kai Ferreira,M,9/3/1985,,,,,,439.0,2018-08-07,0,15.0,41.0
844,5,2,2018-07-23,845.0,Luiza Cunha,F,11/10/1944,6.0,Recife,3.0,laptop básico,2300.0,,,1,,82.0
448,2,3,2018-07-23,449.0,Diogo Correia,M,12/17/1998,3.0,Curitiba,4.0,laptop gamer,5300.0,,,1,,28.0
77,2,3,2018-07-23,78.0,Leila Sousa,F,8/22/1988,3.0,Curitiba,4.0,laptop gamer,5300.0,,,1,,38.0
14,5,8,2018-07-23,15.0,Gustavo Barbosa,M,4/19/1936,6.0,Recife,9.0,mesa,860.0,,,1,,90.0
512,2,4,2018-07-23,513.0,Erick Barbosa,M,8/8/1973,3.0,Curitiba,5.0,monitor,1500.0,,,1,,53.0
840,2,3,2018-07-23,841.0,Brenda Melo,F,4/17/2003,3.0,Curitiba,4.0,laptop gamer,5300.0,440.0,2018-08-26,0,34.0,23.0
982,2,3,2018-07-24,983.0,Otávio Pereira,M,8/8/1950,3.0,Curitiba,4.0,laptop gamer,5300.0,,,1,,76.0
498,2,10,2018-07-24,499.0,Luís Carvalho,M,5/4/1969,3.0,Curitiba,,,,441.0,2018-08-23,0,30.0,57.0
720,7,3,2018-07-24,721.0,Clara Rodrigues,F,11/7/1999,8.0,Brasília,4.0,laptop gamer,5300.0,442.0,2018-08-04,0,11.0,27.0
687,5,3,2018-07-26,688.0,Joao Melo,M,4/4/1960,6.0,Recife,4.0,laptop gamer,5300.0,443.0,2018-08-20,0,25.0,66.0
759,6,7,2018-07-26,760.0,André Oliveira,M,2/10/1979,7.0,Salvador,8.0,cadeira,540.0,444.0,2018-08-24,0,29.0,47.0
890,8,3,2018-07-26,891.0,Sofia Souza,F,7/8/1941,9.0,Palmas,4.0,laptop gamer,5300.0,445.0,2018-08-17,0,22.0,85.0
218,6,7,2018-07-27,219.0,Douglas Rocha,M,1/10/1952,7.0,Salvador,8.0,cadeira,540.0,446.0,2018-07-30,0,3.0,74.0
469,7,4,2018-07-27,470.0,Douglas Costa,M,12/27/1993,8.0,Brasília,5.0,monitor,1500.0,447.0,2018-08-21,0,25.0,33.0
157,2,3,2018-07-27,158.0,Gabrielle Castro,F,3/5/1996,3.0,Curitiba,4.0,laptop gamer,5300.0,,,1,,30.0
329,9,6,2018-07-27,330.0,Matilde Goncalves,F,11/1/1948,10.0,Vitória,7.0,carregador,150.0,448.0,2018-08-30,0,34.0,78.0
562,3,3,2018-07-27,563.0,Yasmin Sousa,F,4/28/1981,4.0,Belo Horizonte,4.0,laptop gamer,5300.0,449.0,2018-08-30,0,34.0,45.0
48,2,3,2018-07-27,49.0,Rafael Melo,M,9/3/1972,3.0,Curitiba,4.0,laptop gamer,5300.0,,,1,,54.0
656,8,8,2018-07-27,657.0,Julieta Almeida,F,2/27/1971,9.0,Palmas,9.0,mesa,860.0,450.0,2018-08-16,0,20.0,55.0
263,5,3,2018-07-27,264.0,sem nome,F,7/29/1997,6.0,Recife,4.0,laptop gamer,5300.0,,,1,,29.0
911,4,3,2018-07-27,912.0,Tiago Barbosa,M,1/4/1958,5.0,Santa Catarina,4.0,laptop gamer,5300.0,451.0,2018-08-10,0,14.0,68.0
544,9,8,2018-07-27,545.0,Matheus Rodrigues,M,10/28/1957,10.0,Vitória,9.0,mesa,860.0,452.0,2018-08-18,0,22.0,69.0
836,2,9,2018-07-27,837.0,Bruna Oliveira,F,12/24/1951,3.0,Curitiba,10.0,xxx-231a,3.2113519999999998,,,1,,75.0
593,8,3,2018-07-27,594.0,Bruno Almeida,M,9/6/1935,9.0,Palmas,4.0,laptop gamer,5300.0,453.0,2018-08-07,0,11.0,91.0
236,9,3,2018-07-28,237.0,Guilherme Dias,M,7/2/2002,10.0,Vitória,4.0,laptop gamer,5300.0,454.0,2018-08-13,0,16.0,24.0
33,8,3,2018-07-28,34.0,Arthur Alves,M,5/30/1954,9.0,Palmas,4.0,laptop gamer,5300.0,455.0,2018-08-06,0,9.0,72.0
355,2,3,2018-07-28,356.0,Isabela Lima,F,2/9/1953,3.0,Curitiba,4.0,laptop gamer,5300.0,,,1,,73.0
50,2,8,2018-07-31,51.0,Evelyn Castro,F,11/18/1936,3.0,Curitiba,9.0,mesa,860.0,,,1,,90.0
526,5,3,2018-07-31,527.0,Renan Cardoso,M,8/14/1977,6.0,Recife,4.0,laptop gamer,5300.0,456.0,2018-08-19,0,19.0,49.0
623,7,4,2018-07-31,624.0,Bianca Pereira,F,9/7/1952,8.0,Brasília,5.0,monitor,1500.0,,,1,,74.0
730,2,3,2018-08-01,731.0,Otávio Silva,M,5/4/1986,3.0,Curitiba,4.0,laptop gamer,5300.0,,,1,,40.0
696,10,8,2018-08-01,697.0,Luís Fernandes,M,4/3/1997,,,9.0,mesa,860.0,457.0,2018-09-11,0,41.0,29.0
967,4,6,2018-08-01,968.0,Carolina Azevedo,F,12/14/1973,5.0,Santa Catarina,7.0,carregador,150.0,,,1,,53.0
447,9,10,2018-08-02,448.0,Paulo Costa,M,12/13/1990,10.0,Vitória,,,,458.0,2018-08-29,0,27.0,36.0
543,2,10,2018-08-02,544.0,Pedro Sousa,M,6/19/1952,3.0,Curitiba,,,,459.0,2018-08-19,0,17.0,74.0
692,10,1,2018-08-02,693.0,Raissa Barbosa,F,6/20/1994,,,2.0,teclado,30.0,460.0,2018-09-15,0,44.0,32.0
631,2,3,2018-08-03,632.0,Victor Rocha,M,10/22/1970,3.0,Curitiba,4.0,laptop gamer,5300.0,,,1,,56.0
929,1,3,2018-08-03,930.0,Camila Castro,F,5/14/1948,2.0,Rio de Janeiro,4.0,laptop gamer,5300.0,,,1,,78.0
116,8,6,2018-08-03,117.0,Renan Fernandes,M,1/28/1993,9.0,Palmas,7.0,carregador,150.0,461.0,2018-08-09,0,6.0,33.0
394,1,6,2018-08-04,395.0,Kauã Dias,M,6/15/1964,2.0,Rio de Janeiro,7.0,carregador,150.0,462.0,2018-09-09,0,36.0,62.0
840,7,1,2018-08-04,841.0,Brenda Melo,F,4/17/2003,8.0,Brasília,2.0,teclado,30.0,463.0,2018-08-12,0,8.0,23.0
960,5,1,2018-08-04,961.0,Tomás Lima,M,7/31/1989,6.0,Recife,2.0,teclado,30.0,464.0,2018-08-13,0,9.0,37.0
385,8,8,2018-08-05,386.0,Beatriz Lima,F,4/25/1947,9.0,Palmas,9.0,mesa,860.0,465.0,2018-08-11,0,6.0,79.0
141,2,7,2018-08-05,142.0,Fábio Almeida,M,1/15/1947,3.0,Curitiba,8.0,cadeira,540.0,,,1,,79.0
8,2,10,2018-08-05,9.0,Fernanda Silva,F,1/25/1959,3.0,Curitiba,,,,,,1,,67.0
401,2,3,2018-08-05,402.0,Clara Melo,F,2/12/1959,3.0,Curitiba,4.0,laptop gamer,5300.0,466.0,2018-09-15,0,41.0,67.0
267,10,1,2018-08-05,268.0,José Almeida,M,1/1/1939,,,2.0,teclado,30.0,467.0,2018-08-13,0,8.0,87.0
362,8,2,2018-08-05,363.0,Lara Pinto,F,12/14/1968,9.0,Palmas,3.0,laptop básico,2300.0,468.0,2018-08-11,0,6.0,58.0
414,1,1,2018-08-06,415.0,Nicolash Pinto,M,6/22/1989,2.0,Rio de Janeiro,2.0,teclado,30.0,,,1,,37.0
67,4,3,2018-08-06,68.0,Erick Ferreira,M,6/14/1973,5.0,Santa Catarina,4.0,laptop gamer,5300.0,469.0,2018-09-20,0,45.0,53.0
500,2,5,2018-08-06,501.0,Daniel Goncalves,M,1/15/1967,3.0,Curitiba,6.0,impressora,700.0,470.0,2018-09-14,0,39.0,59.0
854,6,3,2018-08-06,855.0,Isabela Melo,F,5/22/1991,7.0,Salvador,4.0,laptop gamer,5300.0,471.0,2018-08-18,0,12.0,35.0
598,7,6,2018-08-06,599.0,Vinicius Barbosa,M,3/7/1943,8.0,Brasília,7.0,carregador,150.0,472.0,2018-08-20,0,14.0,83.0
821,2,9,2018-08-06,822.0,Ágatha Cavalcanti,F,11/3/1958,3.0,Curitiba,10.0,xxx-231a,3.2113519999999998,,,1,,68.0
628,9,4,2018-08-06,629.0,Isabella Cunha,F,7/17/1936,10.0,Vitória,5.0,monitor,1500.0,473.0,2018-08-21,0,15.0,90.0
84,2,4,2018-08-06,85.0,Giovana Correia,F,1/28/1990,3.0,Curitiba,5.0,monitor,1500.0,,,1,,36.0
468,7,3,2018-08-06,469.0,Matheus Costa,M,10/20/1941,8.0,Brasília,4.0,laptop gamer,5300.0,474.0,2018-08-12,0,6.0,85.0
375,10,3,2018-08-07,376.0,Isabela Lima,F,8/10/1941,,,4.0,laptop gamer,5300.0,475.0,2018-09-12,0,36.0,85.0
582,10,10,2018-08-07,583.0,Vinicius Cavalcanti,M,12/29/1981,,,,,,476.0,2018-09-21,0,45.0,45.0
865,2,5,2018-08-07,866.0,Beatriz Sousa,F,7/3/1942,3.0,Curitiba,6.0,impressora,700.0,477.0,2018-08-19,0,12.0,84.0
412,1,8,2018-08-10,413.0,Antônio Souza,M,11/23/1936,2.0,Rio de Janeiro,9.0,mesa,860.0,478.0,2018-09-04,0,25.0,90.0
266,7,10,2018-08-10,267.0,Maria Melo,F,8/9/1947,8.0,Brasília,,,,479.0,2018-08-29,0,19.0,79.0
952,7,6,2018-08-10,953.0,André Lima,M,3/2/2002,8.0,Brasília,7.0,carregador,150.0,480.0,2018-08-28,0,18.0,24.0
794,9,3,2018-08-12,795.0,Carla Rocha,F,9/3/1980,10.0,Vitória,4.0,laptop gamer,5300.0,481.0,2018-09-02,0,21.0,46.0
228,2,3,2018-08-12,229.0,Kauê Ribeiro,M,5/8/1961,3.0,Curitiba,4.0,laptop gamer,5300.0,482.0,2018-08-13,0,1.0,65.0
374,2,3,2018-08-12,375.0,Renan Melo,M,12/10/1998,3.0,Curitiba,4.0,laptop gamer,5300.0,483.0,2018-09-19,0,38.0,28.0
486,2,8,2018-08-12,487.0,Miguel Correia,M,12/20/1960,3.0,Curitiba,9.0,mesa,860.0,,,1,,66.0
290,2,7,2018-08-12,291.0,Clara Pinto,o,12/25/1980,3.0,Curitiba,8.0,cadeira,540.0,,,1,,46.0
989,2,4,2018-08-12,990.0,Julia Castro,F,9/12/1971,3.0,Curitiba,5.0,monitor,1500.0,,,1,,55.0
147,5,1,2018-08-14,148.0,Melissa Barros,F,5/21/1952,6.0,Recife,2.0,teclado,30.0,484.0,2018-08-24,0,10.0,74.0
440,3,3,2018-08-14,441.0,Sarah Castro,F,2/8/1999,4.0,Belo Horizonte,4.0,laptop gamer,5300.0,485.0,2018-09-03,0,20.0,27.0
972,3,3,2018-08-14,973.0,Samuel Ferreira,M,7/2/1960,4.0,Belo Horizonte,4.0,laptop gamer,5300.0,486.0,2018-09-20,0,37.0,66.0
259,2,3,2018-08-16,260.0,Vitória Azevedo,F,7/12/1985,3.0,Curitiba,4.0,laptop gamer,5300.0,487.0,2018-09-18,0,33.0,41.0
200,7,9,2018-08-16,201.0,Matilde Cavalcanti,F,1/9/1986,8.0,Brasília,10.0,xxx-231a,3.2113519999999998,488.0,2018-09-26,0,41.0,40.0
59,2,3,2018-08-16,60.0,Camila Azevedo,F,12/11/1975,3.0,Curitiba,4.0,laptop gamer,5300.0,,,1,,51.0
632,5,5,2018-08-23,633.0,Kaua Sousa,M,5/20/1952,6.0,Recife,6.0,impressora,700.0,489.0,2018-10-06,0,44.0,74.0
976,6,5,2018-08-23,977.0,Vinicius Oliveira,M,5/17/1985,7.0,Salvador,6.0,impressora,700.0,490.0,2018-08-30,0,7.0,41.0
733,8,1,2018-08-23,734.0,Daniel Pereira,M,4/9/1988,9.0,Palmas,2.0,teclado,30.0,491.0,2018-09-03,0,11.0,38.0
559,4,3,2018-08-23,560.0,Mariana Alves,F,2/27/1952,5.0,Santa Catarina,4.0,laptop gamer,5300.0,,,1,,74.0
973,2,3,2018-08-23,974.0,Bruno Pinto,M,7/6/1974,3.0,Curitiba,4.0,laptop gamer,5300.0,492.0,2018-08-28,0,5.0,52.0
929,2,3,2018-08-23,930.0,Camila Castro,F,5/14/1948,3.0,Curitiba,4.0,laptop gamer,5300.0,493.0,2018-10-05,0,43.0,78.0
99,2,6,2018-08-26,100.0,Luís Cardoso,M,6/23/1989,3.0,Curitiba,7.0,carregador,150.0,,,1,,37.0
313,10,3,2018-08-26,314.0,Diogo Santos,M,5/1/1995,,,4.0,laptop gamer,5300.0,494.0,2018-09-20,0,25.0,31.0
2,9,6,2018-08-26,3.0,Júlio Azevedo,M,11/4/1952,10.0,Vitória,7.0,carregador,150.0,495.0,2018-10-08,0,43.0,74.0
196,8,3,2018-08-26,197.0,Marcos Martins,M,1/3/1981,9.0,Palmas,4.0,laptop gamer,5300.0,496.0,2018-10-08,0,43.0,45.0
536,6,3,2018-08-26,537.0,Leila Melo,F,10/22/1989,7.0,Salvador,4.0,laptop gamer,5300.0,497.0,2018-09-10,0,15.0,37.0
664,2,8,2018-08-26,665.0,Carolina Ribeiro,F,3/28/1969,3.0,Curitiba,9.0,mesa,860.0,498.0,2018-10-05,0,40.0,57.0
135,8,1,2018-08-27,136.0,Leila Costa,F,11/14/1963,9.0,Palmas,2.0,teclado,30.0,499.0,2018-09-24,0,28.0,63.0
623,6,3,2018-08-27,624.0,Bianca Pereira,F,9/7/1952,7.0,Salvador,4.0,laptop gamer,5300.0,500.0,2018-09-04,0,8.0,74.0
764,2,6,2018-08-27,765.0,Victor Alves,M,6/21/1961,3.0,Curitiba,7.0,carregador,150.0,,,1,,65.0
478,2,4,2018-08-28,479.0,Alex Correia,M,7/28/1969,3.0,Curitiba,5.0,monitor,1500.0,,,1,,57.0
463,5,1,2018-08-28,464.0,Melissa Melo,F,6/4/1964,6.0,Recife,2.0,teclado,30.0,,,1,,62.0
323,2,2,2018-08-28,324.0,Letícia Fernandes,F,9/10/1951,3.0,Curitiba,3.0,laptop básico,2300.0,501.0,2018-10-09,0,42.0,75.0
158,1,5,2018-08-29,159.0,Luís Almeida,M,4/16/1959,2.0,Rio de Janeiro,6.0,impressora,700.0,,,1,,67.0
465,2,7,2018-08-29,466.0,Tomás Cardoso,M,8/7/1972,3.0,Curitiba,8.0,cadeira,540.0,502.0,2018-10-02,0,34.0,54.0
593,8,1,2018-08-29,594.0,Bruno Almeida,M,9/6/1935,9.0,Palmas,2.0,teclado,30.0,503.0,2018-09-02,0,4.0,91.0
621,2,3,2018-08-30,622.0,Luis Almeida,M,9/28/1973,3.0,Curitiba,4.0,laptop gamer,5300.0,,,1,,53.0
241,2,3,2018-08-30,242.0,Brenda Barros,F,4/13/1998,3.0,Curitiba,4.0,laptop gamer,5300.0,504.0,2018-10-13,0,44.0,28.0
182,2,10,2018-08-30,183.0,Melissa Cavalcanti,F,7/23/1946,3.0,Curitiba,,,,,,1,,80.0
639,2,3,2018-08-30,640.0,Rafaela Araujo,F,11/7/1981,3.0,Curitiba,4.0,laptop gamer,5300.0,505.0,2018-09-27,0,28.0,45.0
710,2,5,2018-08-30,711.0,Larissa Ferreira,F,1/23/1944,3.0,Curitiba,6.0,impressora,700.0,,,1,,82.0
106,2,5,2018-08-30,107.0,Clara Gomes,F,7/12/1947,3.0,Curitiba,6.0,impressora,700.0,,,1,,79.0
977,7,5,2018-09-01,978.0,Enzo Lima,M,8/17/2000,8.0,Brasília,6.0,impressora,700.0,506.0,2018-09-06,0,5.0,26.0
702,4,1,2018-09-01,703.0,Marina Rocha,F,2/11/2002,5.0,Santa Catarina,2.0,teclado,30.0,507.0,2018-10-12,0,41.0,24.0
541,6,6,2018-09-01,542.0,Nicole Barbosa,F,3/23/1935,7.0,Salvador,7.0,carregador,150.0,508.0,2018-10-16,0,45.0,91.0
740,3,1,2018-09-02,741.0,Nicole Dias,F,12/13/1975,4.0,Belo Horizonte,2.0,teclado,30.0,509.0,2018-09-03,0,1.0,51.0
109,8,1,2018-09-02,110.0,Enzo Dias,M,5/1/1965,9.0,Palmas,2.0,teclado,30.0,510.0,2018-09-08,0,6.0,61.0
542,6,2,2018-09-02,543.0,Julieta Costa,F,6/18/1989,7.0,Salvador,3.0,laptop básico,2300.0,511.0,2018-09-07,0,5.0,37.0
497,2,3,2018-09-03,498.0,Pedro Barbosa,M,8/2/1999,3.0,Curitiba,4.0,laptop gamer,5300.0,,,1,,27.0
47,4,3,2018-09-03,48.0,Diogo Alves,M,9/2/1981,5.0,Santa Catarina,4.0,laptop gamer,5300.0,512.0,2018-09-09,0,6.0,45.0
274,2,4,2018-09-03,275.0,Diego Oliveira,M,11/12/1958,3.0,Curitiba,5.0,monitor,1500.0,,,1,,68.0
663,2,3,2018-09-04,664.0,Marisa Melo,F,11/15/1962,3.0,Curitiba,4.0,laptop gamer,5300.0,,,1,,64.0
176,7,3,2018-09-04,177.0,Bianca Pinto,F,5/4/1994,8.0,Brasília,4.0,laptop gamer,5300.0,,,1,,32.0
439,1,7,2018-09-04,440.0,Eduardo Araujo,M,10/20/1937,2.0,Rio de Janeiro,8.0,cadeira,540.0,513.0,2018-09-13,0,9.0,89.0
949,4,7,2018-09-07,950.0,Thiago Barbosa,M,10/18/2003,5.0,Santa Catarina,8.0,cadeira,540.0,514.0,2018-09-18,0,11.0,23.0
426,6,3,2018-09-07,427.0,Kauã Cunha,M,7/16/1968,7.0,Salvador,4.0,laptop gamer,5300.0,515.0,2018-09-30,0,23.0,58.0
54,2,9,2018-09-07,55.0,Evelyn Melo,F,4/13/1983,3.0,Curitiba,10.0,xxx-231a,3.2113519999999998,516.0,2018-10-21,0,44.0,43.0
418,6,4,2018-09-07,419.0,Melissa Araujo,F,7/15/1999,7.0,Salvador,5.0,monitor,1500.0,,,1,,27.0
66,9,3,2018-09-07,67.0,Anna Melo,F,11/6/1995,10.0,Vitória,4.0,laptop gamer,5300.0,517.0,2018-10-17,0,40.0,31.0
533,9,3,2018-09-07,534.0,Carla Santos,F,10/5/1975,10.0,Vitória,4.0,laptop gamer,5300.0,518.0,2018-10-07,0,30.0,51.0
621,6,6,2018-09-08,622.0,Luis Almeida,M,9/28/1973,7.0,Salvador,7.0,carregador,150.0,,,1,,53.0
43,2,5,2018-09-08,44.0,André Cavalcanti,M,4/12/1972,3.0,Curitiba,6.0,impressora,700.0,,,1,,54.0
643,6,3,2018-09-08,644.0,Clara Martins,F,5/1/1982,7.0,Salvador,4.0,laptop gamer,5300.0,519.0,2018-10-07,0,29.0,44.0
306,6,8,2018-09-09,307.0,Mateus Barros,M,2/21/1940,7.0,Salvador,9.0,mesa,860.0,520.0,2018-10-14,0,35.0,86.0
671,4,3,2018-09-09,672.0,Beatrice Carvalho,F,4/6/1988,5.0,Santa Catarina,4.0,laptop gamer,5300.0,,,1,,38.0
881,7,2,2018-09-09,882.0,Yasmin Carvalho,F,7/6/1978,8.0,Brasília,3.0,laptop básico,2300.0,521.0,2018-09-18,0,9.0,48.0
717,2,6,2018-09-09,718.0,Livia Azevedo,F,4/30/1980,3.0,Curitiba,7.0,carregador,150.0,522.0,2018-10-13,0,34.0,46.0
652,2,3,2018-09-09,653.0,Tomás Melo,M,5/3/1941,3.0,Curitiba,4.0,laptop gamer,5300.0,,,1,,85.0
753,2,2,2018-09-09,754.0,Vitór Souza,M,12/8/1968,3.0,Curitiba,3.0,laptop básico,2300.0,,,1,,58.0
164,1,3,2018-09-09,165.0,Emilly Rocha,F,10/1/1944,2.0,Rio de Janeiro,4.0,laptop gamer,5300.0,,,1,,82.0
480,3,3,2018-09-09,481.0,Joao Azevedo,M,9/9/1941,4.0,Belo Horizonte,4.0,laptop gamer,5300.0,523.0,2018-09-19,0,10.0,85.0
521,9,1,2018-09-09,522.0,Bianca Martins,F,10/12/1938,10.0,Vitória,2.0,teclado,30.0,524.0,2018-09-26,0,17.0,88.0
585,8,1,2018-09-10,586.0,Aline Pinto,F,3/29/1994,9.0,Palmas,2.0,teclado,30.0,525.0,2018-10-02,0,22.0,32.0
550,2,1,2018-09-10,551.0,Guilherme Azevedo,M,4/27/1977,3.0,Curitiba,2.0,teclado,30.0,526.0,2018-09-14,0,4.0,49.0
103,8,3,2018-09-10,104.0,Isabella Castro,F,2/21/2001,9.0,Palmas,4.0,laptop gamer,5300.0,527.0,2018-10-15,0,35.0,25.0
579,10,9,2018-09-13,580.0,Breno Castro,M,2/8/1935,,,10.0,xxx-231a,3.2113519999999998,528.0,2018-09-21,0,8.0,91.0
245,6,8,2018-09-13,246.0,Leonardo Melo,M,9/7/1961,7.0,Salvador,9.0,mesa,860.0,529.0,2018-10-23,0,40.0,65.0
285,7,6,2018-09-13,286.0,Kai Cavalcanti,M,6/11/1952,8.0,Brasília,7.0,carregador,150.0,530.0,2018-10-28,0,45.0,74.0
656,2,3,2018-09-14,657.0,Julieta Almeida,F,2/27/1971,3.0,Curitiba,4.0,laptop gamer,5300.0,,,1,,55.0
593,10,9,2018-09-14,594.0,Bruno Almeida,M,9/6/1935,,,10.0,xxx-231a,3.2113519999999998,531.0,2018-10-05,0,21.0,91.0
246,3,3,2018-09-14,247.0,Luís Alves,M,3/23/1950,4.0,Belo Horizonte,4.0,laptop gamer,5300.0,532.0,2018-10-26,0,42.0,76.0
446,8,3,2018-09-14,447.0,Maria Costa,F,8/21/1947,9.0,Palmas,4.0,laptop gamer,5300.0,533.0,2018-09-30,0,16.0,79.0
428,7,9,2018-09-14,429.0,Vitór Rocha,M,10/14/1993,8.0,Brasília,10.0,xxx-231a,3.2113519999999998,534.0,2018-10-04,0,20.0,33.0
174,2,3,2018-09-14,175.0,Marcos Santos,M,2/8/2003,3.0,Curitiba,4.0,laptop gamer,5300.0,,,1,,23.0
873,1,3,2018-09-15,874.0,Vinicius Oliveira,M,9/9/2003,2.0,Rio de Janeiro,4.0,laptop gamer,5300.0,535.0,2018-10-02,0,17.0,23.0
722,2,7,2018-09-15,723.0,Evelyn Costa,F,6/26/1975,3.0,Curitiba,8.0,cadeira,540.0,536.0,2018-09-29,0,14.0,51.0
774,7,3,2018-09-15,775.0,Ana Barbosa,F,12/6/1935,8.0,Brasília,4.0,laptop gamer,5300.0,,,1,,91.0
632,2,6,2018-09-16,633.0,Kaua Sousa,M,5/20/1952,3.0,Curitiba,7.0,carregador,150.0,537.0,2018-09-28,0,12.0,74.0
295,2,1,2018-09-16,296.0,Luís Sousa,M,3/3/2002,3.0,Curitiba,2.0,teclado,30.0,,,1,,24.0
9,10,4,2018-09-16,10.0,Tomás Rodrigues,M,4/10/1935,,,5.0,monitor,1500.0,,,1,,91.0
365,2,3,2018-09-17,366.0,Marcos Rodrigues,M,8/18/1965,3.0,Curitiba,4.0,laptop gamer,5300.0,,,1,,61.0
954,3,3,2018-09-17,955.0,Danilo Rocha,M,8/28/1980,4.0,Belo Horizonte,4.0,laptop gamer,5300.0,,,1,,46.0
646,2,8,2018-09-17,647.0,Mariana Araujo,F,12/21/1984,3.0,Curitiba,9.0,mesa,860.0,,,1,,42.0
377,7,3,2018-09-17,378.0,Clara Azevedo,F,4/17/2003,8.0,Brasília,4.0,laptop gamer,5300.0,538.0,2018-10-09,0,22.0,23.0
659,6,7,2018-09-17,660.0,Carlos Barros,M,7/17/2002,7.0,Salvador,8.0,cadeira,540.0,539.0,2018-09-26,0,9.0,24.0
459,2,3,2018-09-17,460.0,Camila Ferreira,F,11/5/1970,3.0,Curitiba,4.0,laptop gamer,5300.0,,,1,,56.0
633,10,3,2018-09-17,634.0,Joao Melo,M,3/30/1970,,,4.0,laptop gamer,5300.0,540.0,2018-10-05,0,18.0,56.0
618,2,4,2018-09-17,619.0,Otávio Santos,M,6/8/1974,3.0,Curitiba,5.0,monitor,1500.0,541.0,2018-10-24,0,37.0,52.0
580,9,10,2018-09-17,581.0,Igor Carvalho,M,11/30/1940,10.0,Vitória,,,,542.0,2018-10-06,0,19.0,86.0
985,2,9,2018-09-19,986.0,Alice Melo,F,8/2/1967,3.0,Curitiba,10.0,xxx-231a,3.2113519999999998,,,1,,59.0
357,6,10,2018-09-19,358.0,Leila Carvalho,F,2/3/1985,7.0,Salvador,,,,543.0,2018-10-09,0,20.0,41.0
422,9,9,2018-09-19,423.0,Letícia Cardoso,F,7/7/1961,10.0,Vitória,10.0,xxx-231a,3.2113519999999998,544.0,2018-09-27,0,8.0,65.0
486,2,3,2018-09-20,487.0,Miguel Correia,M,12/20/1960,3.0,Curitiba,4.0,laptop gamer,5300.0,,,1,,66.0
598,10,3,2018-09-20,599.0,Vinicius Barbosa,M,3/7/1943,,,4.0,laptop gamer,5300.0,545.0,2018-10-13,0,23.0,83.0
330,10,3,2018-09-20,331.0,Vitoria Castro,F,3/31/1987,,,4.0,laptop gamer,5300.0,546.0,2018-10-17,0,27.0,39.0
192,3,4,2018-09-21,193.0,Sofia Alves,F,10/4/1950,4.0,Belo Horizonte,5.0,monitor,1500.0,,,1,,76.0
575,2,3,2018-09-21,576.0,Bianca Ribeiro,F,3/29/1983,3.0,Curitiba,4.0,laptop gamer,5300.0,547.0,2018-10-08,0,17.0,43.0
986,2,3,2018-09-21,987.0,Beatriz Cardoso,F,7/17/1984,3.0,Curitiba,4.0,laptop gamer,5300.0,,,1,,42.0
941,8,3,2018-09-21,942.0,Bruno Gomes,M,8/29/1990,9.0,Palmas,4.0,laptop gamer,5300.0,548.0,2018-09-25,0,4.0,36.0
799,7,3,2018-09-21,800.0,Isabella Sousa,F,3/2/1965,8.0,Brasília,4.0,laptop gamer,5300.0,549.0,2018-09-27,0,6.0,61.0
215,2,5,2018-09-21,216.0,Livia Cavalcanti,F,12/7/1966,3.0,Curitiba,6.0,impressora,700.0,550.0,2018-10-18,0,27.0,60.0
760,2,10,2018-09-26,761.0,Bianca Goncalves,F,7/30/1978,3.0,Curitiba,,,,551.0,2018-10-19,0,23.0,48.0
495,5,1,2018-09-26,496.0,Rebeca Cavalcanti,F,4/27/2001,6.0,Recife,2.0,teclado,30.0,552.0,2018-10-15,0,19.0,25.0
860,2,10,2018-09-26,861.0,Gustavo Almeida,M,2/15/1951,3.0,Curitiba,,,,553.0,2018-10-10,0,14.0,75.0
110,8,9,2018-09-28,111.0,Estevan Sousa,M,5/19/1973,9.0,Palmas,10.0,xxx-231a,3.2113519999999998,554.0,2018-10-04,0,6.0,53.0
938,1,1,2018-09-28,939.0,Amanda Martins,F,7/7/1958,2.0,Rio de Janeiro,2.0,teclado,30.0,555.0,2018-10-06,0,8.0,68.0
245,8,3,2018-09-28,246.0,Leonardo Melo,M,9/7/1961,9.0,Palmas,4.0,laptop gamer,5300.0,556.0,2018-09-30,0,2.0,65.0
974,2,8,2018-09-28,975.0,Leonardo Barbosa,M,6/26/1944,3.0,Curitiba,9.0,mesa,860.0,557.0,2018-11-12,0,45.0,82.0
636,2,4,2018-09-28,637.0,Cauã Cunha,M,9/24/1962,3.0,Curitiba,5.0,monitor,1500.0,,,1,,64.0
262,9,3,2018-09-28,263.0,Tiago Pereira,M,12/14/1968,10.0,Vitória,4.0,laptop gamer,5300.0,558.0,2018-10-03,0,5.0,58.0
683,2,3,2018-09-30,684.0,Danilo Cavalcanti,M,11/6/1965,3.0,Curitiba,4.0,laptop gamer,5300.0,,,1,,61.0
874,5,2,2018-09-30,875.0,Luís Pereira,M,10/26/1987,6.0,Recife,3.0,laptop básico,2300.0,559.0,2018-10-08,0,8.0,39.0
30,2,3,2018-09-30,31.0,Luis Rodrigues,M,8/7/1935,3.0,Curitiba,4.0,laptop gamer,5300.0,,,1,,91.0
756,2,3,2018-10-01,757.0,Otávio Santos,M,5/7/1953,3.0,Curitiba,4.0,laptop gamer,5300.0,,,1,,73.0
212,2,2,2018-10-01,213.0,Emilly Rocha,F,3/19/1990,3.0,Curitiba,3.0,laptop básico,2300.0,560.0,2018-10-08,0,7.0,36.0
239,5,4,2018-10-01,240.0,Renan Rocha,M,5/13/1997,6.0,Recife,5.0,monitor,1500.0,,,1,,29.0
505,2,8,2018-10-01,506.0,Brenda Costa,F,1/9/1957,3.0,Curitiba,9.0,mesa,860.0,,,1,,69.0
261,2,3,2018-10-01,262.0,Bianca Oliveira,F,7/6/1948,3.0,Curitiba,4.0,laptop gamer,5300.0,,,1,,78.0
267,4,2,2018-10-01,268.0,José Almeida,M,1/1/1939,5.0,Santa Catarina,3.0,laptop básico,2300.0,561.0,2018-11-15,0,45.0,87.0
777,2,3,2018-10-02,778.0,Sofia Barbosa,F,4/21/1955,3.0,Curitiba,4.0,laptop gamer,5300.0,,,1,,71.0
436,5,3,2018-10-02,437.0,Carla Araujo,F,9/13/2000,6.0,Recife,4.0,laptop gamer,5300.0,562.0,2018-10-06,0,4.0,26.0
318,8,2,2018-10-02,319.0,Luan Alves,M,12/9/1985,9.0,Palmas,3.0,laptop básico,2300.0,563.0,2018-10-21,0,19.0,41.0
746,4,3,2018-10-02,747.0,Evelyn Castro,F,6/29/1945,5.0,Santa Catarina,4.0,laptop gamer,5300.0,564.0,2018-11-10,0,39.0,81.0
444,9,8,2018-10-02,445.0,Giovanna Rodrigues,F,8/20/1982,10.0,Vitória,9.0,mesa,860.0,,,1,,44.0
217,2,6,2018-10-02,218.0,João Barbosa,M,3/2/1989,3.0,Curitiba,7.0,carregador,150.0,565.0,2018-11-11,0,40.0,37.0
851,2,10,2018-10-02,852.0,Giovanna Pinto,F,8/11/1998,3.0,Curitiba,,,,,,1,,28.0
664,2,1,2018-10-02,665.0,Carolina Ribeiro,F,3/28/1969,3.0,Curitiba,2.0,teclado,30.0,,,1,,57.0
632,4,3,2018-10-02,633.0,Kaua Sousa,M,5/20/1952,5.0,Santa Catarina,4.0,laptop gamer,5300.0,,,1,,74.0
285,2,9,2018-10-03,286.0,Kai Cavalcanti,M,6/11/1952,3.0,Curitiba,10.0,xxx-231a,3.2113519999999998,,,1,,74.0
559,2,3,2018-10-03,560.0,Mariana Alves,F,2/27/1952,3.0,Curitiba,4.0,laptop gamer,5300.0,566.0,2018-11-12,0,40.0,74.0
34,4,6,2018-10-03,35.0,Luiza Melo,F,10/23/1985,5.0,Santa Catarina,7.0,carregador,150.0,567.0,2018-10-23,0,20.0,41.0
720,10,8,2018-10-03,721.0,Clara Rodrigues,F,11/7/1999,,,9.0,mesa,860.0,568.0,2018-10-16,0,13.0,27.0
81,6,4,2018-10-03,82.0,Julian Azevedo,M,2/10/1991,7.0,Salvador,5.0,monitor,1500.0,,,1,,35.0
206,9,2,2018-10-03,207.0,Breno Barros,M,11/18/1976,10.0,Vitória,3.0,laptop básico,2300.0,569.0,2018-10-24,0,21.0,50.0
40,2,7,2018-10-04,41.0,Tânia Cardoso,F,12/11/1967,3.0,Curitiba,8.0,cadeira,540.0,,,1,,59.0
367,2,10,2018-10-04,368.0,Tiago Correia,M,4/2/1961,3.0,Curitiba,,,,570.0,2018-10-25,0,21.0,65.0
859,2,8,2018-10-04,860.0,João Barros,M,1/15/1980,3.0,Curitiba,9.0,mesa,860.0,,,1,,46.0
813,7,3,2018-10-04,814.0,Felipe Dias,M,3/29/1992,8.0,Brasília,4.0,laptop gamer,5300.0,571.0,2018-10-06,0,2.0,34.0
533,2,3,2018-10-04,534.0,Carla Santos,F,10/5/1975,3.0,Curitiba,4.0,laptop gamer,5300.0,,,1,,51.0
154,8,9,2018-10-04,155.0,Luis Rodrigues,M,7/3/1973,9.0,Palmas,10.0,xxx-231a,3.2113519999999998,572.0,2018-10-21,0,17.0,53.0
123,4,3,2018-10-04,124.0,Rafaela Azevedo,F,9/8/1989,5.0,Santa Catarina,4.0,laptop gamer,5300.0,573.0,2018-11-08,0,35.0,37.0
699,1,3,2018-10-04,700.0,José Pinto,M,7/26/1936,2.0,Rio de Janeiro,4.0,laptop gamer,5300.0,574.0,2018-10-10,0,6.0,90.0
909,2,3,2018-10-04,910.0,Luiz Carvalho,M,4/17/1948,3.0,Curitiba,4.0,laptop gamer,5300.0,,,1,,78.0
450,8,6,2018-10-04,451.0,Igor Oliveira,M,9/13/1948,9.0,Palmas,7.0,carregador,150.0,575.0,2018-10-06,0,2.0,78.0
251,2,3,2018-10-04,252.0,André Gomes,M,7/21/1993,3.0,Curitiba,4.0,laptop gamer,5300.0,,,1,,33.0
6,4,3,2018-10-04,7.0,Rebeca Rodrigues,F,11/27/1979,5.0,Santa Catarina,4.0,laptop gamer,5300.0,576.0,2018-10-18,0,14.0,47.0
926,2,3,2018-10-05,927.0,Enzo Goncalves,M,12/7/1967,3.0,Curitiba,4.0,laptop gamer,5300.0,577.0,2018-11-06,0,32.0,59.0
797,6,1,2018-10-05,798.0,Evelyn Ferreira,F,1/2/1966,7.0,Salvador,2.0,teclado,30.0,578.0,2018-10-16,0,11.0,60.0
266,3,3,2018-10-05,267.0,Maria Melo,F,8/9/1947,4.0,Belo Horizonte,4.0,laptop gamer,5300.0,579.0,2018-11-13,0,39.0,79.0
773,10,1,2018-10-05,774.0,Mateus Castro,M,10/1/1945,,,2.0,teclado,30.0,580.0,2018-10-09,0,4.0,81.0
613,1,4,2018-10-05,614.0,Yasmin Sousa,F,8/11/1944,2.0,Rio de Janeiro,5.0,monitor,1500.0,,,1,,82.0
897,5,7,2018-10-05,898.0,Lavinia Azevedo,F,12/4/1999,6.0,Recife,8.0,cadeira,540.0,581.0,2018-10-13,0,8.0,27.0
229,6,6,2018-10-05,230.0,Nicole Gomes,F,5/4/1995,7.0,Salvador,7.0,carregador,150.0,582.0,2018-10-10,0,5.0,31.0
717,7,3,2018-10-05,718.0,Livia Azevedo,F,4/30/1980,8.0,Brasília,4.0,laptop gamer,5300.0,583.0,2018-10-22,0,17.0,46.0
653,4,4,2018-10-05,654.0,Isabella Correia,F,12/4/1937,5.0,Santa Catarina,5.0,monitor,1500.0,,,1,,89.0
439,4,4,2018-10-05,440.0,Eduardo Araujo,M,10/20/1937,5.0,Santa Catarina,5.0,monitor,1500.0,,,1,,89.0
669,3,1,2018-10-05,670.0,Tiago Cardoso,M,10/4/1955,4.0,Belo Horizonte,2.0,teclado,30.0,584.0,2018-10-28,0,23.0,71.0
557,2,3,2018-10-05,558.0,Mariana Castro,F,1/4/1983,3.0,Curitiba,4.0,laptop gamer,5300.0,,,1,,43.0
483,2,3,2018-10-06,484.0,Vinícius Alves,M,9/23/1948,3.0,Curitiba,4.0,laptop gamer,5300.0,585.0,2018-11-18,0,43.0,78.0
611,4,6,2018-10-06,612.0,Vitor Costa,M,6/21/1989,5.0,Santa Catarina,7.0,carregador,150.0,586.0,2018-10-20,0,14.0,37.0
966,2,5,2018-10-06,967.0,Leonardo Silva,M,12/6/1997,3.0,Curitiba,6.0,impressora,700.0,587.0,2018-10-31,0,25.0,29.0
617,3,10,2018-10-09,618.0,Julian Pereira,M,9/6/1969,4.0,Belo Horizonte,,,,588.0,2018-11-20,0,42.0,57.0
73,1,4,2018-10-09,74.0,Julia Carvalho,F,12/2/1949,2.0,Rio de Janeiro,5.0,monitor,1500.0,589.0,2018-10-17,0,8.0,77.0
569,4,6,2018-10-09,570.0,Marina Araujo,F,2/18/1947,5.0,Santa Catarina,7.0,carregador,150.0,590.0,2018-11-01,0,23.0,79.0
432,2,9,2018-10-12,433.0,Luis Almeida,M,8/2/2003,3.0,Curitiba,10.0,xxx-231a,3.2113519999999998,591.0,2018-11-09,0,28.0,23.0
773,2,2,2018-10-12,774.0,Mateus Castro,M,10/1/1945,3.0,Curitiba,3.0,laptop básico,2300.0,592.0,2018-11-16,0,35.0,81.0
463,10,3,2018-10-12,464.0,Melissa Melo,F,6/4/1964,,,4.0,laptop gamer,5300.0,593.0,2018-10-18,0,6.0,62.0
415,3,3,2018-10-13,416.0,Larissa Alves,F,5/7/1959,4.0,Belo Horizonte,4.0,laptop gamer,5300.0,594.0,2018-11-22,0,40.0,67.0
64,2,6,2018-10-13,65.0,Luiza Araujo,F,1/19/1976,3.0,Curitiba,7.0,carregador,150.0,595.0,2018-10-23,0,10.0,50.0
903,5,2,2018-10-13,904.0,Tiago Souza,M,11/8/2000,6.0,Recife,3.0,laptop básico,2300.0,596.0,2018-10-23,0,10.0,26.0
83,6,3,2018-10-13,84.0,Alex Oliveira,M,3/14/1968,7.0,Salvador,4.0,laptop gamer,5300.0,597.0,2018-11-09,0,27.0,58.0
873,2,8,2018-10-13,874.0,Vinicius Oliveira,M,9/9/2003,3.0,Curitiba,9.0,mesa,860.0,,,1,,23.0
347,2,2,2018-10-13,348.0,Isabella Almeida,F,4/22/1969,3.0,Curitiba,3.0,laptop básico,2300.0,598.0,2018-10-19,0,6.0,57.0
224,7,3,2018-10-14,225.0,Miguel Almeida,M,1/9/1985,8.0,Brasília,4.0,laptop gamer,5300.0,599.0,2018-11-09,0,26.0,41.0
464,8,9,2018-10-14,465.0,Nicole Lima,F,4/17/1962,9.0,Palmas,10.0,xxx-231a,3.2113519999999998,600.0,2018-10-21,0,7.0,64.0
81,2,5,2018-10-14,82.0,Julian Azevedo,M,2/10/1991,3.0,Curitiba,6.0,impressora,700.0,,,1,,35.0
878,7,8,2018-10-14,879.0,Estevan Fernandes,M,6/5/1942,8.0,Brasília,9.0,mesa,860.0,601.0,2018-11-21,0,38.0,84.0
158,8,3,2018-10-14,159.0,Luís Almeida,M,4/16/1959,9.0,Palmas,4.0,laptop gamer,5300.0,602.0,2018-11-11,0,28.0,67.0
266,8,1,2018-10-14,267.0,Maria Melo,F,8/9/1947,9.0,Palmas,2.0,teclado,30.0,603.0,2018-11-21,0,38.0,79.0
656,1,5,2018-10-14,657.0,Julieta Almeida,F,2/27/1971,2.0,Rio de Janeiro,6.0,impressora,700.0,604.0,2018-10-20,0,6.0,55.0
133,4,3,2018-10-14,134.0,Fernanda Castro,F,11/29/1958,5.0,Santa Catarina,4.0,laptop gamer,5300.0,605.0,2018-10-21,0,7.0,68.0
178,3,9,2018-10-14,179.0,Alex Melo,M,2/4/1983,4.0,Belo Horizonte,10.0,xxx-231a,3.2113519999999998,606.0,2018-11-05,0,22.0,43.0
723,5,10,2018-10-15,724.0,Paulo Goncalves,M,11/11/1979,6.0,Recife,,,,607.0,2018-10-22,0,7.0,47.0
360,2,3,2018-10-15,361.0,Vinicius Santos,M,3/21/1937,3.0,Curitiba,4.0,laptop gamer,5300.0,,,1,,89.0
350,7,9,2018-10-15,351.0,Fernanda Pinto,F,6/29/1945,8.0,Brasília,10.0,xxx-231a,3.2113519999999998,608.0,2018-11-23,0,39.0,81.0
822,3,3,2018-10-15,823.0,Martim Castro,M,1/21/1955,4.0,Belo Horizonte,4.0,laptop gamer,5300.0,609.0,2018-11-07,0,23.0,71.0
518,6,3,2018-10-15,519.0,Lara Souza,F,7/31/1992,7.0,Salvador,4.0,laptop gamer,5300.0,610.0,2018-11-10,0,26.0,34.0
893,7,8,2018-10-15,894.0,Danilo Dias,M,5/23/1946,8.0,Brasília,9.0,mesa,860.0,611.0,2018-10-16,0,1.0,80.0
411,7,10,2018-10-15,412.0,Pedro Oliveira,M,2/26/1996,8.0,Brasília,,,,612.0,2018-11-12,0,28.0,30.0
691,4,3,2018-10-15,692.0,Leila Costa,F,10/16/2000,5.0,Santa Catarina,4.0,laptop gamer,5300.0,,,1,,26.0
686,8,3,2018-10-15,687.0,Luan Costa,M,11/6/2001,9.0,Palmas,4.0,laptop gamer,5300.0,613.0,2018-10-30,0,15.0,25.0
153,7,5,2018-10-17,154.0,Marina Azevedo,F,8/19/1955,8.0,Brasília,6.0,impressora,700.0,614.0,2018-11-27,0,41.0,71.0
37,2,10,2018-10-17,38.0,Leonardo Sousa,M,4/26/1958,3.0,Curitiba,,,,615.0,2018-11-18,0,32.0,68.0
220,6,3,2018-10-17,221.0,Estevan Souza,M,1/12/1962,7.0,Salvador,4.0,laptop gamer,5300.0,616.0,2018-10-30,0,13.0,64.0
760,5,3,2018-10-17,761.0,Bianca Goncalves,F,7/30/1978,6.0,Recife,4.0,laptop gamer,5300.0,617.0,2018-11-25,0,39.0,48.0
950,10,3,2018-10-17,951.0,Aline Oliveira,F,3/14/1959,,,4.0,laptop gamer,5300.0,618.0,2018-11-24,0,38.0,67.0
161,2,5,2018-10-17,162.0,Matheus Lima,M,1/13/1952,3.0,Curitiba,6.0,impressora,700.0,619.0,2018-12-01,0,45.0,74.0
345,3,3,2018-10-18,346.0,Arthur Oliveira,M,11/2/1961,4.0,Belo Horizonte,4.0,laptop gamer,5300.0,620.0,2018-10-28,0,10.0,65.0
779,2,3,2018-10-18,780.0,Júlia Dias,F,2/27/1937,3.0,Curitiba,4.0,laptop gamer,5300.0,,,1,,89.0
613,2,3,2018-10-18,614.0,Yasmin Sousa,F,8/11/1944,3.0,Curitiba,4.0,laptop gamer,5300.0,,,1,,82.0
396,6,4,2018-10-22,397.0,Estevan Cardoso,M,6/26/1975,7.0,Salvador,5.0,monitor,1500.0,,,1,,51.0
347,1,1,2018-10-22,348.0,Isabella Almeida,F,4/22/1969,2.0,Rio de Janeiro,2.0,teclado,30.0,621.0,2018-12-03,0,42.0,57.0
88,4,3,2018-10-22,89.0,Fernanda Barbosa,F,4/18/1961,5.0,Santa Catarina,4.0,laptop gamer,5300.0,622.0,2018-11-18,0,27.0,65.0
692,5,3,2018-10-22,693.0,Raissa Barbosa,F,6/20/1994,6.0,Recife,4.0,laptop gamer,5300.0,,,1,,32.0
741,2,3,2018-10-22,742.0,João Costa,M,1/26/2001,3.0,Curitiba,4.0,laptop gamer,5300.0,,,1,,25.0
995,2,4,2018-10-22,996.0,Ágatha Ribeiro,F,2/8/1946,3.0,Curitiba,5.0,monitor,1500.0,623.0,2018-12-02,0,41.0,80.0
24,1,9,2018-10-22,25.0,Otávio Carvalho,M,8/9/1943,2.0,Rio de Janeiro,10.0,xxx-231a,3.2113519999999998,624.0,2018-11-04,0,13.0,83.0
511,2,3,2018-10-22,512.0,Diego Ribeiro,M,3/17/1998,3.0,Curitiba,4.0,laptop gamer,5300.0,625.0,2018-12-04,0,43.0,28.0
36,9,3,2018-10-22,37.0,Emily Araujo,F,6/15/1989,10.0,Vitória,4.0,laptop gamer,5300.0,,,1,,37.0
33,10,3,2018-10-23,34.0,Arthur Alves,M,5/30/1954,,,4.0,laptop gamer,5300.0,626.0,2018-11-22,0,30.0,72.0
59,2,1,2018-10-23,60.0,Camila Azevedo,F,12/11/1975,3.0,Curitiba,2.0,teclado,30.0,,,1,,51.0
679,4,3,2018-10-23,680.0,Julia Goncalves,F,8/22/1979,5.0,Santa Catarina,4.0,laptop gamer,5300.0,627.0,2018-10-23,0,0.0,47.0
943,2,6,2018-10-26,944.0,Igor Santos,M,2/15/1975,3.0,Curitiba,7.0,carregador,150.0,,,1,,51.0
13,2,6,2018-10-26,14.0,Eduardo Santos,M,7/22/1980,3.0,Curitiba,7.0,carregador,150.0,628.0,2018-11-28,0,33.0,46.0
627,3,7,2018-10-26,628.0,Bianca Costa,F,12/26/1985,4.0,Belo Horizonte,8.0,cadeira,540.0,629.0,2018-11-02,0,7.0,41.0
777,2,10,2018-10-26,778.0,Sofia Barbosa,F,4/21/1955,3.0,Curitiba,,,,,,1,,71.0
525,10,10,2018-10-26,526.0,Diogo Melo,M,6/10/1951,,,,,,630.0,2018-11-14,0,19.0,75.0
567,9,1,2018-10-26,568.0,Mariana Gomes,F,7/1/1958,10.0,Vitória,2.0,teclado,30.0,631.0,2018-11-12,0,17.0,68.0
276,9,6,2018-10-27,277.0,Brenda Santos,F,1/1/2020,10.0,Vitória,7.0,carregador,150.0,632.0,2018-11-24,0,28.0,6.0
133,2,1,2018-10-27,134.0,Fernanda Castro,F,11/29/1958,3.0,Curitiba,2.0,teclado,30.0,,,1,,68.0
726,7,9,2018-10-27,727.0,Marcos Cunha,M,12/1/1985,8.0,Brasília,10.0,xxx-231a,3.2113519999999998,633.0,2018-12-02,0,36.0,41.0
325,2,3,2018-10-27,326.0,Gabrielly Alves,F,7/7/1981,3.0,Curitiba,4.0,laptop gamer,5300.0,634.0,2018-11-03,0,7.0,45.0
998,5,7,2018-10-27,999.0,Julian Cunha,M,6/20/1994,6.0,Recife,8.0,cadeira,540.0,,,1,,32.0
432,6,7,2018-10-27,433.0,Luis Almeida,M,8/2/2003,7.0,Salvador,8.0,cadeira,540.0,635.0,2018-11-20,0,24.0,23.0
893,8,3,2018-10-28,894.0,Danilo Dias,M,5/23/1946,9.0,Palmas,4.0,laptop gamer,5300.0,636.0,2018-11-28,0,31.0,80.0
5,2,4,2018-10-28,6.0,Felipe Almeida,M,10/11/1976,3.0,Curitiba,5.0,monitor,1500.0,637.0,2018-11-19,0,22.0,50.0
785,4,3,2018-10-28,786.0,Tânia Lima,F,12/26/1945,5.0,Santa Catarina,4.0,laptop gamer,5300.0,638.0,2018-11-16,0,19.0,81.0
195,4,4,2018-10-29,196.0,Tânia Pereira,F,7/10/1986,5.0,Santa Catarina,5.0,monitor,1500.0,,,1,,40.0
710,2,3,2018-10-29,711.0,Larissa Ferreira,F,1/23/1944,3.0,Curitiba,4.0,laptop gamer,5300.0,,,1,,82.0
528,7,3,2018-10-29,529.0,Giovanna Barros,F,12/24/1984,8.0,Brasília,4.0,laptop gamer,5300.0,639.0,2018-12-05,0,37.0,42.0
881,5,6,2018-11-01,882.0,Yasmin Carvalho,F,7/6/1978,6.0,Recife,7.0,carregador,150.0,640.0,2018-11-25,0,24.0,48.0
726,9,5,2018-11-01,727.0,Marcos Cunha,M,12/1/1985,10.0,Vitória,6.0,impressora,700.0,641.0,2018-11-04,0,3.0,41.0
57,3,3,2018-11-01,58.0,Rodrigo Souza,M,12/30/1999,4.0,Belo Horizonte,4.0,laptop gamer,5300.0,642.0,2018-11-01,0,0.0,27.0
33,10,7,2018-11-02,34.0,Arthur Alves,M,5/30/1954,,,8.0,cadeira,540.0,643.0,2018-11-23,0,21.0,72.0
245,2,4,2018-11-02,246.0,Leonardo Melo,M,9/7/1961,3.0,Curitiba,5.0,monitor,1500.0,,,1,,65.0
312,5,1,2018-11-02,313.0,Larissa Cunha,F,9/15/1972,6.0,Recife,2.0,teclado,30.0,,,1,,54.0
465,2,3,2018-11-04,466.0,Tomás Cardoso,M,8/7/1972,3.0,Curitiba,4.0,laptop gamer,5300.0,,,1,,54.0
60,2,4,2018-11-04,61.0,Laura Barbosa,F,10/11/1969,3.0,Curitiba,5.0,monitor,1500.0,644.0,2018-11-20,0,16.0,57.0
296,2,4,2018-11-04,297.0,Kauê Oliveira,M,3/8/1956,3.0,Curitiba,5.0,monitor,1500.0,,,1,,70.0
25,2,3,2018-11-04,26.0,Isabella Lima,F,8/12/1987,3.0,Curitiba,4.0,laptop gamer,5300.0,,,1,,39.0
444,2,7,2018-11-04,445.0,Giovanna Rodrigues,F,8/20/1982,3.0,Curitiba,8.0,cadeira,540.0,,,1,,44.0
514,2,4,2018-11-04,515.0,Rafael Cavalcanti,M,5/11/1968,3.0,Curitiba,5.0,monitor,1500.0,645.0,2018-11-08,0,4.0,58.0
5,2,3,2018-11-05,6.0,Felipe Almeida,M,10/11/1976,3.0,Curitiba,4.0,laptop gamer,5300.0,,,1,,50.0
819,6,3,2018-11-05,820.0,Murilo Cunha,M,11/19/1979,7.0,Salvador,4.0,laptop gamer,5300.0,646.0,2018-12-03,0,28.0,47.0
689,8,6,2018-11-05,690.0,Julieta Araujo,F,1/6/1982,9.0,Palmas,7.0,carregador,150.0,,,1,,44.0
876,2,9,2018-11-05,877.0,Sarah Silva,F,1/7/1999,3.0,Curitiba,10.0,xxx-231a,3.2113519999999998,,,1,,27.0
720,10,1,2018-11-05,721.0,Clara Rodrigues,F,11/7/1999,,,2.0,teclado,30.0,647.0,2018-11-07,0,2.0,27.0
415,2,3,2018-11-05,416.0,Larissa Alves,F,5/7/1959,3.0,Curitiba,4.0,laptop gamer,5300.0,648.0,2018-11-29,0,24.0,67.0
938,10,6,2018-11-07,939.0,Amanda Martins,F,7/7/1958,,,7.0,carregador,150.0,,,1,,68.0
248,7,2,2018-11-07,249.0,Leonardo Barros,M,3/24/1960,8.0,Brasília,3.0,laptop básico,2300.0,649.0,2018-12-09,0,32.0,66.0
102,2,8,2018-11-07,103.0,Bianca Cavalcanti,F,9/25/1986,3.0,Curitiba,9.0,mesa,860.0,,,1,,40.0
162,2,3,2018-11-08,163.0,Ana Pereira,F,1/10/1967,3.0,Curitiba,4.0,laptop gamer,5300.0,650.0,2018-12-09,0,31.0,59.0
221,9,3,2018-11-08,222.0,Giovanna Cunha,F,7/26/1978,10.0,Vitória,4.0,laptop gamer,5300.0,651.0,2018-12-23,0,45.0,48.0
993,1,2,2018-11-08,994.0,Eduardo Costa,M,12/18/1963,2.0,Rio de Janeiro,3.0,laptop básico,2300.0,652.0,2018-11-19,0,11.0,63.0
972,2,5,2018-11-09,973.0,Samuel Ferreira,M,7/2/1960,3.0,Curitiba,6.0,impressora,700.0,,,1,,66.0
534,6,3,2018-11-09,535.0,Cauã Fernandes,M,5/30/1982,7.0,Salvador,4.0,laptop gamer,5300.0,653.0,2018-12-17,0,38.0,44.0
409,2,3,2018-11-09,410.0,Antônio Almeida,M,9/3/1981,3.0,Curitiba,4.0,laptop gamer,5300.0,,,1,,45.0
371,6,3,2018-11-11,372.0,Emilly Ferreira,F,8/20/1970,7.0,Salvador,4.0,laptop gamer,5300.0,654.0,2018-12-19,0,38.0,56.0
282,1,3,2018-11-11,283.0,Amanda Barros,F,1/1/2020,2.0,Rio de Janeiro,4.0,laptop gamer,5300.0,655.0,2018-12-17,0,36.0,6.0
158,2,2,2018-11-11,159.0,Luís Almeida,M,4/16/1959,3.0,Curitiba,3.0,laptop básico,2300.0,656.0,2018-12-16,0,35.0,67.0
244,2,3,2018-11-11,245.0,Igor Dias,M,9/18/1975,3.0,Curitiba,4.0,laptop gamer,5300.0,657.0,2018-12-19,0,38.0,51.0
600,2,1,2018-11-11,601.0,Alex Ferreira,M,4/16/1989,3.0,Curitiba,2.0,teclado,30.0,,,1,,37.0
832,7,3,2018-11-11,833.0,Isabella Rocha,F,4/26/1990,8.0,Brasília,4.0,laptop gamer,5300.0,658.0,2018-12-07,0,26.0,36.0
573,2,9,2018-11-12,574.0,Leila Rocha,F,9/5/1968,3.0,Curitiba,10.0,xxx-231a,3.2113519999999998,,,1,,58.0
875,2,3,2018-11-12,876.0,Camila Barbosa,F,10/14/2001,3.0,Curitiba,4.0,laptop gamer,5300.0,659.0,2018-12-08,0,26.0,25.0
194,9,3,2018-11-12,195.0,Carlos Barros,M,6/3/1952,10.0,Vitória,4.0,laptop gamer,5300.0,660.0,2018-11-22,0,10.0,74.0
340,10,3,2018-11-13,341.0,Kauan Rodrigues,M,9/20/1984,,,4.0,laptop gamer,5300.0,661.0,2018-12-10,0,27.0,42.0
15,8,3,2018-11-13,16.0,Kai Ferreira,M,9/3/1985,9.0,Palmas,4.0,laptop gamer,5300.0,662.0,2018-11-13,0,0.0,41.0
400,8,9,2018-11-13,401.0,Gabrielle Costa,F,11/24/2000,9.0,Palmas,10.0,xxx-231a,3.2113519999999998,663.0,2018-12-27,0,44.0,26.0
16,8,2,2018-11-13,17.0,Diego Carvalho,M,1/17/1957,9.0,Palmas,3.0,laptop básico,2300.0,664.0,2018-12-10,0,27.0,69.0
409,1,3,2018-11-13,410.0,Antônio Almeida,M,9/3/1981,2.0,Rio de Janeiro,4.0,laptop gamer,5300.0,665.0,2018-12-20,0,37.0,45.0
723,2,4,2018-11-13,724.0,Paulo Goncalves,M,11/11/1979,3.0,Curitiba,5.0,monitor,1500.0,,,1,,47.0
556,2,3,2018-11-13,557.0,Sofia Azevedo,F,6/3/1981,3.0,Curitiba,4.0,laptop gamer,5300.0,,,1,,45.0
101,3,6,2018-11-13,102.0,Diego Lima,M,11/13/1949,4.0,Belo Horizonte,7.0,carregador,150.0,666.0,2018-12-01,0,18.0,77.0
440,1,4,2018-11-13,441.0,Sarah Castro,F,2/8/1999,2.0,Rio de Janeiro,5.0,monitor,1500.0,667.0,2018-12-11,0,28.0,27.0
254,6,3,2018-11-13,255.0,Lucas Oliveira,M,10/24/1935,7.0,Salvador,4.0,laptop gamer,5300.0,668.0,2018-12-20,0,37.0,91.0
498,7,3,2018-11-13,499.0,Luís Carvalho,M,5/4/1969,8.0,Brasília,4.0,laptop gamer,5300.0,,,1,,57.0
977,3,3,2018-11-13,978.0,Enzo Lima,M,8/17/2000,4.0,Belo Horizonte,4.0,laptop gamer,5300.0,669.0,2018-11-22,0,9.0,26.0
659,4,4,2018-11-13,660.0,Carlos Barros,M,7/17/2002,5.0,Santa Catarina,5.0,monitor,1500.0,,,1,,24.0
844,2,4,2018-11-13,845.0,Luiza Cunha,F,11/10/1944,3.0,Curitiba,5.0,monitor,1500.0,,,1,,82.0
339,9,3,2018-11-13,340.0,Alex Azevedo,M,11/5/1962,10.0,Vitória,4.0,laptop gamer,5300.0,670.0,2018-12-26,0,43.0,64.0
359,2,4,2018-11-14,360.0,Fernanda Rodrigues,F,4/25/1939,3.0,Curitiba,5.0,monitor,1500.0,671.0,2018-11-24,0,10.0,87.0
653,2,10,2018-11-14,654.0,Isabella Correia,F,12/4/1937,3.0,Curitiba,,,,,,1,,89.0
24,2,1,2018-11-14,25.0,Otávio Carvalho,M,8/9/1943,3.0,Curitiba,2.0,teclado,30.0,,,1,,83.0
806,6,9,2018-11-15,807.0,Murilo Almeida,M,3/6/2000,7.0,Salvador,10.0,xxx-231a,3.2113519999999998,672.0,2018-12-19,0,34.0,26.0
843,2,8,2018-11-15,844.0,Eduardo Costa,M,8/2/1967,3.0,Curitiba,9.0,mesa,860.0,673.0,2018-12-11,0,26.0,59.0
382,8,3,2018-11-15,383.0,Sofia Ferreira,F,12/19/1999,9.0,Palmas,4.0,laptop gamer,5300.0,674.0,2018-12-06,0,21.0,27.0
142,2,3,2018-11-16,143.0,Fábio Melo,M,9/23/1995,3.0,Curitiba,4.0,laptop gamer,5300.0,,,1,,31.0
465,2,3,2018-11-16,466.0,Tomás Cardoso,M,8/7/1972,3.0,Curitiba,4.0,laptop gamer,5300.0,,,1,,54.0
711,5,4,2018-11-16,712.0,Mateus Almeida,M,4/16/1949,6.0,Recife,5.0,monitor,1500.0,,,1,,77.0
371,4,6,2018-11-17,372.0,Emilly Ferreira,F,8/20/1970,5.0,Santa Catarina,7.0,carregador,150.0,675.0,2018-11-23,0,6.0,56.0
783,2,5,2018-11-17,784.0,Matilde Goncalves,F,4/30/1938,3.0,Curitiba,6.0,impressora,700.0,676.0,2018-12-29,0,42.0,88.0
4,2,9,2018-11-17,5.0,Gabrielle Martins,F,5/6/1953,3.0,Curitiba,10.0,xxx-231a,3.2113519999999998,,,1,,73.0
804,2,9,2018-11-17,805.0,Gustavo Souza,M,5/21/1987,3.0,Curitiba,10.0,xxx-231a,3.2113519999999998,,,1,,39.0
242,2,3,2018-11-17,243.0,Sofia Barros,F,3/10/1984,3.0,Curitiba,4.0,laptop gamer,5300.0,677.0,2018-11-27,0,10.0,42.0
538,3,3,2018-11-17,539.0,Rodrigo Cavalcanti,M,12/2/1970,4.0,Belo Horizonte,4.0,laptop gamer,5300.0,678.0,2018-12-10,0,23.0,56.0
815,7,3,2018-11-21,816.0,Julian Martins,M,11/6/1998,8.0,Brasília,4.0,laptop gamer,5300.0,679.0,2018-12-26,0,35.0,28.0
377,3,3,2018-11-21,378.0,Clara Azevedo,F,4/17/2003,4.0,Belo Horizonte,4.0,laptop gamer,5300.0,680.0,2018-12-21,0,30.0,23.0
522,7,5,2018-11-21,523.0,Tânia Alves,F,12/7/1991,8.0,Brasília,6.0,impressora,700.0,681.0,2018-11-25,0,4.0,35.0
992,2,2,2018-11-21,993.0,Marcos Castro,M,5/24/1984,3.0,Curitiba,3.0,laptop básico,2300.0,,,1,,42.0
172,8,8,2018-11-21,173.0,Alex Melo,M,9/18/1988,9.0,Palmas,9.0,mesa,860.0,682.0,2018-11-27,0,6.0,38.0
38,9,4,2018-11-21,39.0,Giovana Barbosa,F,10/7/1962,10.0,Vitória,5.0,monitor,1500.0,,,1,,64.0
301,9,3,2018-11-24,302.0,Guilherme Cardoso,o,3/9/1998,10.0,Vitória,4.0,laptop gamer,5300.0,683.0,2018-11-28,0,4.0,28.0
512,8,10,2018-11-24,513.0,Erick Barbosa,M,8/8/1973,9.0,Palmas,,,,684.0,2018-11-30,0,6.0,53.0
375,10,7,2018-11-24,376.0,Isabela Lima,F,8/10/1941,,,8.0,cadeira,540.0,,,1,,85.0
144,3,3,2018-11-25,145.0,Luan Goncalves,M,10/19/1940,4.0,Belo Horizonte,4.0,laptop gamer,5300.0,685.0,2019-01-03,0,39.0,86.0
198,6,2,2018-11-25,199.0,João Pinto,M,10/27/1971,7.0,Salvador,3.0,laptop básico,2300.0,686.0,2018-12-26,0,31.0,55.0
296,2,9,2018-11-25,297.0,Kauê Oliveira,M,3/8/1956,3.0,Curitiba,10.0,xxx-231a,3.2113519999999998,,,1,,70.0
462,2,8,2018-11-28,463.0,Giovanna Costa,F,3/3/2002,3.0,Curitiba,9.0,mesa,860.0,,,1,,24.0
536,7,3,2018-11-28,537.0,Leila Melo,F,10/22/1989,8.0,Brasília,4.0,laptop gamer,5300.0,687.0,2018-12-29,0,31.0,37.0
862,6,8,2018-11-28,863.0,Leonor Santos,F,3/4/1968,7.0,Salvador,9.0,mesa,860.0,688.0,2018-12-09,0,11.0,58.0
302,5,3,2018-11-28,303.0,Clara Costa,F,4/18/1941,6.0,Recife,4.0,laptop gamer,5300.0,689.0,2019-01-05,0,38.0,85.0
266,2,3,2018-11-28,267.0,Maria Melo,F,8/9/1947,3.0,Curitiba,4.0,laptop gamer,5300.0,,,1,,79.0
830,1,3,2018-11-28,831.0,José Barros,M,10/13/1967,2.0,Rio de Janeiro,4.0,laptop gamer,5300.0,690.0,2019-01-12,0,45.0,59.0
801,2,5,2018-11-30,802.0,Sofia Barbosa,F,7/5/1984,3.0,Curitiba,6.0,impressora,700.0,,,1,,42.0
947,3,3,2018-11-30,948.0,Victor Pinto,M,8/12/1999,4.0,Belo Horizonte,4.0,laptop gamer,5300.0,,,1,,27.0
464,7,7,2018-11-30,465.0,Nicole Lima,F,4/17/1962,8.0,Brasília,8.0,cadeira,540.0,,,1,,64.0
98,2,10,2018-12-01,99.0,André Souza,M,1/24/1974,3.0,Curitiba,,,,691.0,2018-12-18,0,17.0,52.0
729,10,3,2018-12-01,730.0,Erick Ferreira,M,6/5/1945,,,4.0,laptop gamer,5300.0,692.0,2018-12-13,0,12.0,81.0
764,8,3,2018-12-01,765.0,Victor Alves,M,6/21/1961,9.0,Palmas,4.0,laptop gamer,5300.0,693.0,2018-12-26,0,25.0,65.0
994,7,10,2018-12-03,995.0,Ágatha Pereira,F,12/24/1939,8.0,Brasília,,,,694.0,2018-12-28,0,25.0,87.0
416,2,3,2018-12-03,417.0,Leonor Almeida,F,1/31/1972,3.0,Curitiba,4.0,laptop gamer,5300.0,,,1,,54.0
97,2,3,2018-12-03,98.0,Sophia Azevedo,F,1/23/1990,3.0,Curitiba,4.0,laptop gamer,5300.0,,,1,,36.0
120,6,2,2018-12-03,121.0,André Ferreira,M,9/17/1939,7.0,Salvador,3.0,laptop básico,2300.0,695.0,2018-12-28,0,25.0,87.0
161,7,1,2018-12-03,162.0,Matheus Lima,M,1/13/1952,8.0,Brasília,2.0,teclado,30.0,696.0,2018-12-17,0,14.0,74.0
317,7,3,2018-12-03,318.0,Nicolash Cavalcanti,M,7/2/1949,8.0,Brasília,4.0,laptop gamer,5300.0,697.0,2018-12-06,0,3.0,77.0
296,2,9,2018-12-05,297.0,Kauê Oliveira,M,3/8/1956,3.0,Curitiba,10.0,xxx-231a,3.2113519999999998,698.0,2018-12-15,0,10.0,70.0
807,2,3,2018-12-05,808.0,Davi Rocha,M,7/8/1954,3.0,Curitiba,4.0,laptop gamer,5300.0,,,1,,72.0
954,2,3,2018-12-05,955.0,Danilo Rocha,M,8/28/1980,3.0,Curitiba,4.0,laptop gamer,5300.0,,,1,,46.0
120,10,3,2018-12-06,121.0,André Ferreira,M,9/17/1939,,,4.0,laptop gamer,5300.0,699.0,2018-12-24,0,18.0,87.0
427,7,4,2018-12-06,428.0,Leonardo Dias,M,7/7/1959,8.0,Brasília,5.0,monitor,1500.0,700.0,2019-01-15,0,40.0,67.0
72,2,6,2018-12-06,73.0,Matheus Rodrigues,M,11/20/1982,3.0,Curitiba,7.0,carregador,150.0,701.0,2019-01-13,0,38.0,44.0
864,1,6,2018-12-06,865.0,Rafaela Silva,F,10/5/1937,2.0,Rio de Janeiro,7.0,carregador,150.0,702.0,2019-01-12,0,37.0,89.0
577,7,5,2018-12-06,578.0,Melissa Ferreira,F,1/23/1961,8.0,Brasília,6.0,impressora,700.0,703.0,2018-12-26,0,20.0,65.0
993,10,3,2018-12-06,994.0,Eduardo Costa,M,12/18/1963,,,4.0,laptop gamer,5300.0,704.0,2019-01-16,0,41.0,63.0
874,3,3,2018-12-06,875.0,Luís Pereira,M,10/26/1987,4.0,Belo Horizonte,4.0,laptop gamer,5300.0,705.0,2019-01-12,0,37.0,39.0
279,4,5,2018-12-06,280.0,Ryan Cavalcanti,M,4/2/1967,5.0,Santa Catarina,6.0,impressora,700.0,706.0,2019-01-20,0,45.0,59.0
607,9,3,2018-12-06,608.0,Victor Costa,M,5/3/1979,10.0,Vitória,4.0,laptop gamer,5300.0,707.0,2018-12-07,0,1.0,47.0
899,4,3,2018-12-07,900.0,Victor Ribeiro,M,12/24/1944,5.0,Santa Catarina,4.0,laptop gamer,5300.0,708.0,2018-12-08,0,1.0,82.0
463,4,3,2018-12-07,464.0,Melissa Melo,F,6/4/1964,5.0,Santa Catarina,4.0,laptop gamer,5300.0,709.0,2019-01-03,0,27.0,62.0
363,6,5,2018-12-07,364.0,Luiza Souza,F,8/27/1998,7.0,Salvador,6.0,impressora,700.0,710.0,2018-12-29,0,22.0,28.0
267,8,3,2018-12-07,268.0,José Almeida,M,1/1/1939,9.0,Palmas,4.0,laptop gamer,5300.0,711.0,2019-01-07,0,31.0,87.0
585,1,3,2018-12-07,586.0,Aline Pinto,F,3/29/1994,2.0,Rio de Janeiro,4.0,laptop gamer,5300.0,712.0,2018-12-12,0,5.0,32.0
578,2,3,2018-12-07,579.0,Nicole Ferreira,F,11/3/1979,3.0,Curitiba,4.0,laptop gamer,5300.0,,,1,,47.0
491,6,8,2018-12-09,492.0,Vinicius Sousa,M,1/5/2003,7.0,Salvador,9.0,mesa,860.0,713.0,2018-12-12,0,3.0,23.0
570,2,3,2018-12-09,571.0,Enzo Melo,M,7/8/1947,3.0,Curitiba,4.0,laptop gamer,5300.0,,,1,,79.0
623,2,3,2018-12-09,624.0,Bianca Pereira,F,9/7/1952,3.0,Curitiba,4.0,laptop gamer,5300.0,,,1,,74.0
555,2,2,2018-12-09,556.0,Luiza Ferreira,F,12/19/1997,3.0,Curitiba,3.0,laptop básico,2300.0,,,1,,29.0
60,1,7,2018-12-09,61.0,Laura Barbosa,F,10/11/1969,2.0,Rio de Janeiro,8.0,cadeira,540.0,714.0,2018-12-21,0,12.0,57.0
774,5,3,2018-12-09,775.0,Ana Barbosa,F,12/6/1935,6.0,Recife,4.0,laptop gamer,5300.0,715.0,2019-01-05,0,27.0,91.0
608,1,3,2018-12-10,609.0,Enzo Barros,M,3/2/1959,2.0,Rio de Janeiro,4.0,laptop gamer,5300.0,716.0,2019-01-13,0,34.0,67.0
144,6,7,2018-12-10,145.0,Luan Goncalves,M,10/19/1940,7.0,Salvador,8.0,cadeira,540.0,717.0,2019-01-07,0,28.0,86.0
513,1,5,2018-12-10,514.0,Joao Souza,M,10/14/1939,2.0,Rio de Janeiro,6.0,impressora,700.0,718.0,2018-12-28,0,18.0,87.0
668,8,3,2018-12-13,669.0,Davi Fernandes,M,3/12/1947,9.0,Palmas,4.0,laptop gamer,5300.0,719.0,2019-01-01,0,19.0,79.0
13,2,2,2018-12-13,14.0,Eduardo Santos,M,7/22/1980,3.0,Curitiba,3.0,laptop básico,2300.0,,,1,,46.0
216,2,7,2018-12-13,217.0,Rafaela Almeida,F,7/25/2003,3.0,Curitiba,8.0,cadeira,540.0,720.0,2019-01-17,0,35.0,23.0
505,1,5,2018-12-13,506.0,Brenda Costa,F,1/9/1957,2.0,Rio de Janeiro,6.0,impressora,700.0,721.0,2018-12-27,0,14.0,69.0
539,2,3,2018-12-13,540.0,Kauã Rodrigues,M,3/8/1938,3.0,Curitiba,4.0,laptop gamer,5300.0,722.0,2019-01-07,0,25.0,88.0
839,4,3,2018-12-13,840.0,Maria Pinto,F,3/19/1981,5.0,Santa Catarina,4.0,laptop gamer,5300.0,723.0,2019-01-21,0,39.0,45.0
81,6,3,2018-12-14,82.0,Julian Azevedo,M,2/10/1991,7.0,Salvador,4.0,laptop gamer,5300.0,724.0,2019-01-02,0,19.0,35.0
776,6,7,2018-12-14,777.0,Kauan Almeida,M,7/24/1976,7.0,Salvador,8.0,cadeira,540.0,725.0,2019-01-04,0,21.0,50.0
346,6,4,2018-12-14,347.0,Eduardo Martins,M,5/10/1959,7.0,Salvador,5.0,monitor,1500.0,,,1,,67.0
663,2,1,2018-12-15,664.0,Marisa Melo,F,11/15/1962,3.0,Curitiba,2.0,teclado,30.0,,,1,,64.0
394,9,6,2018-12-15,395.0,Kauã Dias,M,6/15/1964,10.0,Vitória,7.0,carregador,150.0,726.0,2019-01-22,0,38.0,62.0
269,5,4,2018-12-15,270.0,sem nome,M,1/1/2020,6.0,Recife,5.0,monitor,1500.0,,,1,,6.0
84,2,3,2018-12-16,85.0,Giovana Correia,F,1/28/1990,3.0,Curitiba,4.0,laptop gamer,5300.0,727.0,2018-12-21,0,5.0,36.0
518,8,3,2018-12-16,519.0,Lara Souza,F,7/31/1992,9.0,Palmas,4.0,laptop gamer,5300.0,728.0,2019-01-21,0,36.0,34.0
832,4,8,2018-12-16,833.0,Isabella Rocha,F,4/26/1990,5.0,Santa Catarina,9.0,mesa,860.0,729.0,2018-12-20,0,4.0,36.0
936,7,10,2018-12-17,937.0,Bianca Cavalcanti,F,1/26/2003,8.0,Brasília,,,,730.0,2018-12-22,0,5.0,23.0
461,3,3,2018-12-17,462.0,Isabelle Almeida,F,10/21/1998,4.0,Belo Horizonte,4.0,laptop gamer,5300.0,731.0,2019-01-10,0,24.0,28.0
457,4,8,2018-12-17,458.0,Sarah Ferreira,F,7/20/1939,5.0,Santa Catarina,9.0,mesa,860.0,732.0,2019-01-31,0,45.0,87.0
332,4,3,2018-12-18,333.0,Renan Carvalho,M,9/17/1973,5.0,Santa Catarina,4.0,laptop gamer,5300.0,733.0,2019-01-25,0,38.0,53.0
119,2,3,2018-12-18,120.0,Sofia Souza,F,2/23/1945,3.0,Curitiba,4.0,laptop gamer,5300.0,734.0,2019-01-21,0,34.0,81.0
224,2,2,2018-12-18,225.0,Miguel Almeida,M,1/9/1985,3.0,Curitiba,3.0,laptop básico,2300.0,,,1,,41.0
986,1,8,2018-12-18,987.0,Beatriz Cardoso,F,7/17/1984,2.0,Rio de Janeiro,9.0,mesa,860.0,735.0,2018-12-30,0,12.0,42.0
699,4,3,2018-12-18,700.0,José Pinto,M,7/26/1936,5.0,Santa Catarina,4.0,laptop gamer,5300.0,736.0,2018-12-25,0,7.0,90.0
637,7,3,2018-12-18,638.0,João Martins,M,7/22/1947,8.0,Brasília,4.0,laptop gamer,5300.0,737.0,2019-01-14,0,27.0,79.0
594,2,6,2018-12-19,595.0,Matheus Alves,M,4/14/1972,3.0,Curitiba,7.0,carregador,150.0,,,1,,54.0
879,1,3,2018-12-19,880.0,Ágatha Azevedo,F,7/23/1981,2.0,Rio de Janeiro,4.0,laptop gamer,5300.0,738.0,2018-12-27,0,8.0,45.0
293,2,6,2018-12-19,294.0,Alex Santos,M,10/3/1987,3.0,Curitiba,7.0,carregador,150.0,739.0,2019-01-25,0,37.0,39.0
923,1,4,2018-12-21,924.0,Diego Gomes,M,1/27/1986,2.0,Rio de Janeiro,5.0,monitor,1500.0,,,1,,40.0
555,10,3,2018-12-21,556.0,Luiza Ferreira,F,12/19/1997,,,4.0,laptop gamer,5300.0,740.0,2019-01-31,0,41.0,29.0
588,4,6,2018-12-21,589.0,Emily Castro,F,5/11/1936,5.0,Santa Catarina,7.0,carregador,150.0,741.0,2019-02-02,0,43.0,90.0
330,2,3,2018-12-21,331.0,Vitoria Castro,F,3/31/1987,3.0,Curitiba,4.0,laptop gamer,5300.0,,,1,,39.0
327,6,3,2018-12-21,328.0,Julieta Sousa,F,8/12/1952,7.0,Salvador,4.0,laptop gamer,5300.0,742.0,2018-12-26,0,5.0,74.0
78,2,9,2018-12-21,79.0,Thaís Pinto,F,9/5/1943,3.0,Curitiba,10.0,xxx-231a,3.2113519999999998,743.0,2019-01-28,0,38.0,83.0
207,5,3,2018-12-21,208.0,Kai Lima,M,1/13/2001,6.0,Recife,4.0,laptop gamer,5300.0,744.0,2019-01-06,0,16.0,25.0
511,2,3,2018-12-21,512.0,Diego Ribeiro,M,3/17/1998,3.0,Curitiba,4.0,laptop gamer,5300.0,745.0,2018-12-25,0,4.0,28.0
455,9,9,2018-12-21,456.0,Fernanda Pinto,F,12/13/1987,10.0,Vitória,10.0,xxx-231a,3.2113519999999998,746.0,2019-02-02,0,43.0,39.0
736,3,3,2018-12-21,737.0,Carlos Gomes,M,12/13/1960,4.0,Belo Horizonte,4.0,laptop gamer,5300.0,747.0,2019-01-02,0,12.0,66.0
888,2,10,2018-12-21,889.0,Kauan Ferreira,M,8/28/1954,3.0,Curitiba,,,,748.0,2019-01-17,0,27.0,72.0
140,2,3,2018-12-21,141.0,Luís Cunha,M,3/12/1941,3.0,Curitiba,4.0,laptop gamer,5300.0,749.0,2019-01-25,0,35.0,85.0
393,2,5,2018-12-21,394.0,Sophia Costa,F,8/8/1985,3.0,Curitiba,6.0,impressora,700.0,,,1,,41.0
361,9,1,2018-12-21,362.0,Thaís Goncalves,F,1/29/1981,10.0,Vitória,2.0,teclado,30.0,750.0,2019-01-03,0,13.0,45.0
432,2,3,2018-12-21,433.0,Luis Almeida,M,8/2/2003,3.0,Curitiba,4.0,laptop gamer,5300.0,,,1,,23.0
898,2,6,2018-12-24,899.0,Kauan Pinto,M,7/30/1961,3.0,Curitiba,7.0,carregador,150.0,751.0,2019-01-24,0,31.0,65.0
557,4,3,2018-12-24,558.0,Mariana Castro,F,1/4/1983,5.0,Santa Catarina,4.0,laptop gamer,5300.0,752.0,2019-01-02,0,9.0,43.0
227,2,3,2018-12-24,228.0,Kauê Correia,M,4/4/1981,3.0,Curitiba,4.0,laptop gamer,5300.0,753.0,2019-02-07,0,45.0,45.0
407,2,7,2018-12-25,408.0,Luan Alves,M,10/23/1956,3.0,Curitiba,8.0,cadeira,540.0,754.0,2019-01-17,0,23.0,70.0
747,2,4,2018-12-25,748.0,Gustavo Almeida,M,5/12/1992,3.0,Curitiba,5.0,monitor,1500.0,,,1,,34.0
308,2,4,2018-12-25,309.0,Diego Correia,M,9/17/1958,3.0,Curitiba,5.0,monitor,1500.0,755.0,2019-01-19,0,25.0,68.0
657,3,3,2018-12-25,658.0,Victor Martins,M,2/28/1985,4.0,Belo Horizonte,4.0,laptop gamer,5300.0,756.0,2019-02-08,0,45.0,41.0
942,8,2,2018-12-25,943.0,Vinícius Carvalho,M,2/4/1997,9.0,Palmas,3.0,laptop básico,2300.0,757.0,2019-01-19,0,25.0,29.0
682,2,3,2018-12-25,683.0,Kai Barbosa,M,9/29/1990,3.0,Curitiba,4.0,laptop gamer,5300.0,758.0,2019-01-20,0,26.0,36.0
744,5,9,2018-12-26,745.0,Otávio Alves,M,9/8/1957,6.0,Recife,10.0,xxx-231a,3.2113519999999998,759.0,2018-12-28,0,2.0,69.0
285,2,2,2018-12-26,286.0,Kai Cavalcanti,M,6/11/1952,3.0,Curitiba,3.0,laptop básico,2300.0,,,1,,74.0
267,1,1,2018-12-26,268.0,José Almeida,M,1/1/1939,2.0,Rio de Janeiro,2.0,teclado,30.0,760.0,2019-01-14,0,19.0,87.0
796,2,7,2018-12-27,797.0,Miguel Barros,M,11/2/1942,3.0,Curitiba,8.0,cadeira,540.0,,,1,,84.0
7,3,3,2018-12-27,8.0,Gabrielly Almeida,F,7/14/1997,4.0,Belo Horizonte,4.0,laptop gamer,5300.0,761.0,2019-01-28,0,32.0,29.0
345,6,3,2018-12-27,346.0,Arthur Oliveira,M,11/2/1961,7.0,Salvador,4.0,laptop gamer,5300.0,762.0,2018-12-27,0,0.0,65.0
123,3,10,2018-12-27,124.0,Rafaela Azevedo,F,9/8/1989,4.0,Belo Horizonte,,,,763.0,2019-01-21,0,25.0,37.0
213,7,9,2018-12-27,214.0,Matilde Santos,F,12/27/1957,8.0,Brasília,10.0,xxx-231a,3.2113519999999998,764.0,2019-01-21,0,25.0,69.0
199,4,3,2018-12-27,200.0,Fernanda Alves,F,1/4/1960,5.0,Santa Catarina,4.0,laptop gamer,5300.0,765.0,2019-01-27,0,31.0,66.0
124,2,2,2018-12-27,125.0,Sofia Almeida,F,4/15/1939,3.0,Curitiba,3.0,laptop básico,2300.0,,,1,,87.0
914,1,8,2018-12-27,915.0,Beatriz Cardoso,F,3/13/1954,2.0,Rio de Janeiro,9.0,mesa,860.0,766.0,2019-01-01,0,5.0,72.0
940,2,3,2018-12-27,941.0,Pedro Pereira,M,4/3/1957,3.0,Curitiba,4.0,laptop gamer,5300.0,767.0,2019-02-08,0,43.0,69.0
865,9,4,2018-12-27,866.0,Beatriz Sousa,F,7/3/1942,10.0,Vitória,5.0,monitor,1500.0,768.0,2019-01-12,0,16.0,84.0
920,10,3,2018-12-27,921.0,Isabelle Martins,F,4/7/1973,,,4.0,laptop gamer,5300.0,769.0,2019-01-27,0,31.0,53.0
439,2,10,2018-12-27,440.0,Eduardo Araujo,M,10/20/1937,3.0,Curitiba,,,,,,1,,89.0
484,9,4,2018-12-28,485.0,Nicolash Goncalves,M,3/4/1952,10.0,Vitória,5.0,monitor,1500.0,770.0,2019-01-30,0,33.0,74.0
439,6,3,2018-12-28,440.0,Eduardo Araujo,M,10/20/1937,7.0,Salvador,4.0,laptop gamer,5300.0,771.0,2019-02-01,0,35.0,89.0
396,3,3,2018-12-28,397.0,Estevan Cardoso,M,6/26/1975,4.0,Belo Horizonte,4.0,laptop gamer,5300.0,772.0,2019-02-10,0,44.0,51.0
626,2,9,2018-12-29,627.0,Sophia Ribeiro,F,2/23/1970,3.0,Curitiba,10.0,xxx-231a,3.2113519999999998,773.0,2019-01-20,0,22.0,56.0
242,2,3,2018-12-29,243.0,Sofia Barros,F,3/10/1984,3.0,Curitiba,4.0,laptop gamer,5300.0,,,1,,42.0
603,7,3,2018-12-29,604.0,Lucas Souza,M,8/18/1939,8.0,Brasília,4.0,laptop gamer,5300.0,774.0,2019-01-02,0,4.0,87.0
521,3,6,2019-01-03,522.0,Bianca Martins,F,10/12/1938,4.0,Belo Horizonte,7.0,carregador,150.0,775.0,2019-01-24,0,21.0,88.0
992,10,2,2019-01-03,993.0,Marcos Castro,M,5/24/1984,,,3.0,laptop básico,2300.0,776.0,2019-01-11,0,8.0,42.0
592,2,7,2019-01-03,593.0,Fernanda Goncalves,F,6/13/1974,3.0,Curitiba,8.0,cadeira,540.0,777.0,2019-01-07,0,4.0,52.0
912,7,2,2019-01-04,913.0,Vitor Martins,M,9/21/1941,8.0,Brasília,3.0,laptop básico,2300.0,778.0,2019-01-20,0,16.0,85.0
811,9,5,2019-01-04,812.0,Diego Rodrigues,M,1/7/1938,10.0,Vitória,6.0,impressora,700.0,779.0,2019-01-06,0,2.0,88.0
763,3,5,2019-01-04,764.0,João Rocha,M,10/17/1937,4.0,Belo Horizonte,6.0,impressora,700.0,780.0,2019-01-21,0,17.0,89.0
92,6,7,2019-01-05,93.0,Caio Barros,M,3/23/1970,7.0,Salvador,8.0,cadeira,540.0,781.0,2019-01-17,0,12.0,56.0
402,2,8,2019-01-05,403.0,Carolina Cunha,F,4/29/1965,3.0,Curitiba,9.0,mesa,860.0,,,1,,61.0
133,7,10,2019-01-05,134.0,Fernanda Castro,F,11/29/1958,8.0,Brasília,,,,782.0,2019-01-28,0,23.0,68.0
679,2,3,2019-01-06,680.0,Julia Goncalves,F,8/22/1979,3.0,Curitiba,4.0,laptop gamer,5300.0,783.0,2019-01-08,0,2.0,47.0
293,2,1,2019-01-06,294.0,Alex Santos,M,10/3/1987,3.0,Curitiba,2.0,teclado,30.0,784.0,2019-01-19,0,13.0,39.0
456,6,2,2019-01-06,457.0,Thaís Correia,F,9/29/1948,7.0,Salvador,3.0,laptop básico,2300.0,785.0,2019-01-27,0,21.0,78.0
135,2,6,2019-01-08,136.0,Leila Costa,F,11/14/1963,3.0,Curitiba,7.0,carregador,150.0,,,1,,63.0
418,6,5,2019-01-08,419.0,Melissa Araujo,F,7/15/1999,7.0,Salvador,6.0,impressora,700.0,786.0,2019-01-18,0,10.0,27.0
716,2,2,2019-01-08,717.0,Clara Alves,F,10/27/1989,3.0,Curitiba,3.0,laptop básico,2300.0,787.0,2019-01-27,0,19.0,37.0
690,4,8,2019-01-08,691.0,Amanda Ribeiro,F,10/2/1952,5.0,Santa Catarina,9.0,mesa,860.0,788.0,2019-02-16,0,39.0,74.0
765,2,6,2019-01-08,766.0,Sophia Almeida,F,6/18/1999,3.0,Curitiba,7.0,carregador,150.0,789.0,2019-01-20,0,12.0,27.0
353,3,3,2019-01-08,354.0,Daniel Pereira,M,8/4/1941,4.0,Belo Horizonte,4.0,laptop gamer,5300.0,790.0,2019-01-10,0,2.0,85.0
235,9,3,2019-01-09,236.0,Leila Costa,F,8/30/1995,10.0,Vitória,4.0,laptop gamer,5300.0,791.0,2019-02-17,0,39.0,31.0
440,7,10,2019-01-09,441.0,Sarah Castro,F,2/8/1999,8.0,Brasília,,,,792.0,2019-02-05,0,27.0,27.0
369,2,7,2019-01-09,370.0,Melissa Pereira,F,2/21/1937,3.0,Curitiba,8.0,cadeira,540.0,,,1,,89.0
411,10,9,2019-01-12,412.0,Pedro Oliveira,M,2/26/1996,,,10.0,xxx-231a,3.2113519999999998,793.0,2019-02-03,0,22.0,30.0
151,2,9,2019-01-12,152.0,Miguel Dias,M,10/1/2000,3.0,Curitiba,10.0,xxx-231a,3.2113519999999998,,,1,,26.0
636,2,3,2019-01-12,637.0,Cauã Cunha,M,9/24/1962,3.0,Curitiba,4.0,laptop gamer,5300.0,,,1,,64.0
704,6,4,2019-01-13,705.0,Gabrielly Costa,F,4/20/1997,7.0,Salvador,5.0,monitor,1500.0,794.0,2019-02-11,0,29.0,29.0
741,9,3,2019-01-13,742.0,João Costa,M,1/26/2001,10.0,Vitória,4.0,laptop gamer,5300.0,,,1,,25.0
557,10,2,2019-01-13,558.0,Mariana Castro,F,1/4/1983,,,3.0,laptop básico,2300.0,795.0,2019-01-25,0,12.0,43.0
341,2,3,2019-01-14,342.0,Lucas Lima,M,3/16/1947,3.0,Curitiba,4.0,laptop gamer,5300.0,796.0,2019-02-06,0,23.0,79.0
838,4,3,2019-01-14,839.0,Breno Souza,M,12/25/1949,5.0,Santa Catarina,4.0,laptop gamer,5300.0,797.0,2019-01-27,0,13.0,77.0
463,1,5,2019-01-14,464.0,Melissa Melo,F,6/4/1964,2.0,Rio de Janeiro,6.0,impressora,700.0,798.0,2019-01-29,0,15.0,62.0
818,6,2,2019-01-15,819.0,Rafaela Pinto,F,9/6/2002,7.0,Salvador,3.0,laptop básico,2300.0,799.0,2019-02-04,0,20.0,24.0
409,2,5,2019-01-15,410.0,Antônio Almeida,M,9/3/1981,3.0,Curitiba,6.0,impressora,700.0,800.0,2019-02-07,0,23.0,45.0
382,4,5,2019-01-15,383.0,Sofia Ferreira,F,12/19/1999,5.0,Santa Catarina,6.0,impressora,700.0,801.0,2019-02-06,0,22.0,27.0
968,4,3,2019-01-16,969.0,Rebeca Sousa,F,3/11/1999,5.0,Santa Catarina,4.0,laptop gamer,5300.0,802.0,2019-01-31,0,15.0,27.0
580,4,3,2019-01-16,581.0,Igor Carvalho,M,11/30/1940,5.0,Santa Catarina,4.0,laptop gamer,5300.0,803.0,2019-01-18,0,2.0,86.0
470,2,3,2019-01-16,471.0,Clara Silva,F,9/26/1942,3.0,Curitiba,4.0,laptop gamer,5300.0,,,1,,84.0
761,4,3,2019-01-22,762.0,Vinícius Goncalves,M,6/29/1958,5.0,Santa Catarina,4.0,laptop gamer,5300.0,804.0,2019-02-14,0,23.0,68.0
65,2,4,2019-01-22,66.0,Leila Araujo,F,10/24/1982,3.0,Curitiba,5.0,monitor,1500.0,805.0,2019-02-16,0,25.0,44.0
929,2,1,2019-01-22,930.0,Camila Castro,F,5/14/1948,3.0,Curitiba,2.0,teclado,30.0,,,1,,78.0
602,2,3,2019-01-23,603.0,Murilo Martins,M,1/20/1972,3.0,Curitiba,4.0,laptop gamer,5300.0,806.0,2019-02-21,0,29.0,54.0
958,2,3,2019-01-23,959.0,Isabelle Cardoso,F,3/31/1964,3.0,Curitiba,4.0,laptop gamer,5300.0,,,1,,62.0
240,5,3,2019-01-23,241.0,Danilo Pereira,M,6/24/1988,6.0,Recife,4.0,laptop gamer,5300.0,,,1,,38.0
291,5,3,2019-01-24,292.0,Leonor Oliveira,F,7/28/1986,6.0,Recife,4.0,laptop gamer,5300.0,807.0,2019-03-04,0,39.0,40.0
708,8,1,2019-01-24,709.0,Breno Ribeiro,M,11/28/1945,9.0,Palmas,2.0,teclado,30.0,808.0,2019-02-11,0,18.0,81.0
756,10,1,2019-01-24,757.0,Otávio Santos,M,5/7/1953,,,2.0,teclado,30.0,809.0,2019-02-07,0,14.0,73.0
588,4,9,2019-01-24,589.0,Emily Castro,F,5/11/1936,5.0,Santa Catarina,10.0,xxx-231a,3.2113519999999998,810.0,2019-02-19,0,26.0,90.0
705,2,3,2019-01-24,706.0,Sarah Barbosa,F,3/13/1939,3.0,Curitiba,4.0,laptop gamer,5300.0,,,1,,87.0
790,2,10,2019-01-24,791.0,Cauã Azevedo,M,2/28/1938,3.0,Curitiba,,,,,,1,,88.0
258,6,6,2019-01-24,259.0,Igor Pinto,M,4/21/1959,7.0,Salvador,7.0,carregador,150.0,811.0,2019-02-15,0,22.0,67.0
595,3,10,2019-01-24,596.0,Luiz Silva,M,5/4/1957,4.0,Belo Horizonte,,,,,,1,,69.0
61,2,4,2019-01-24,62.0,Kauan Araujo,M,10/8/1982,3.0,Curitiba,5.0,monitor,1500.0,,,1,,44.0
762,5,3,2019-01-25,763.0,Manuela Gomes,F,6/29/1961,6.0,Recife,4.0,laptop gamer,5300.0,,,1,,65.0
562,2,3,2019-01-25,563.0,Yasmin Sousa,F,4/28/1981,3.0,Curitiba,4.0,laptop gamer,5300.0,,,1,,45.0
365,6,5,2019-01-25,366.0,Marcos Rodrigues,M,8/18/1965,7.0,Salvador,6.0,impressora,700.0,812.0,2019-02-09,0,15.0,61.0
511,2,3,2019-01-28,512.0,Diego Ribeiro,M,3/17/1998,3.0,Curitiba,4.0,laptop gamer,5300.0,,,1,,28.0
652,1,4,2019-01-28,653.0,Tomás Melo,M,5/3/1941,2.0,Rio de Janeiro,5.0,monitor,1500.0,,,1,,85.0
909,2,3,2019-01-28,910.0,Luiz Carvalho,M,4/17/1948,3.0,Curitiba,4.0,laptop gamer,5300.0,813.0,2019-03-11,0,42.0,78.0
817,4,2,2019-01-29,818.0,Arthur Silva,M,3/9/1949,5.0,Santa Catarina,3.0,laptop básico,2300.0,814.0,2019-02-21,0,23.0,77.0
49,4,2,2019-01-29,50.0,Tânia Azevedo,F,9/20/1998,5.0,Santa Catarina,3.0,laptop básico,2300.0,,,1,,28.0
542,10,3,2019-01-29,543.0,Julieta Costa,F,6/18/1989,,,4.0,laptop gamer,5300.0,,,1,,37.0
64,5,5,2019-01-29,65.0,Luiza Araujo,F,1/19/1976,6.0,Recife,6.0,impressora,700.0,815.0,2019-03-08,0,38.0,50.0
483,2,3,2019-01-29,484.0,Vinícius Alves,M,9/23/1948,3.0,Curitiba,4.0,laptop gamer,5300.0,,,1,,78.0
71,7,3,2019-01-29,72.0,Luana Oliveira,F,11/6/1967,8.0,Brasília,4.0,laptop gamer,5300.0,816.0,2019-02-23,0,25.0,59.0
565,2,2,2019-02-01,566.0,Beatriz Sousa,F,3/19/1955,3.0,Curitiba,3.0,laptop básico,2300.0,,,1,,71.0
30,6,3,2019-02-01,31.0,Luis Rodrigues,M,8/7/1935,7.0,Salvador,4.0,laptop gamer,5300.0,817.0,2019-03-11,0,38.0,91.0
771,2,3,2019-02-01,772.0,Carolina Ferreira,F,7/31/1965,3.0,Curitiba,4.0,laptop gamer,5300.0,,,1,,61.0
675,2,2,2019-02-01,676.0,Nicolash Melo,M,6/4/1999,3.0,Curitiba,3.0,laptop básico,2300.0,,,1,,27.0
450,5,9,2019-02-01,451.0,Igor Oliveira,M,9/13/1948,6.0,Recife,10.0,xxx-231a,3.2113519999999998,818.0,2019-03-01,0,28.0,78.0
136,9,3,2019-02-01,137.0,Julian Pinto,M,11/12/2002,10.0,Vitória,4.0,laptop gamer,5300.0,819.0,2019-03-16,0,43.0,24.0
517,1,3,2019-02-01,518.0,Raissa Carvalho,F,7/7/1958,2.0,Rio de Janeiro,4.0,laptop gamer,5300.0,820.0,2019-03-05,0,32.0,68.0
737,4,3,2019-02-01,738.0,Alice Pereira,F,2/28/1986,5.0,Santa Catarina,4.0,laptop gamer,5300.0,821.0,2019-02-04,0,3.0,40.0
760,8,3,2019-02-01,761.0,Bianca Goncalves,F,7/30/1978,9.0,Palmas,4.0,laptop gamer,5300.0,822.0,2019-02-25,0,24.0,48.0
911,2,3,2019-02-01,912.0,Tiago Barbosa,M,1/4/1958,3.0,Curitiba,4.0,laptop gamer,5300.0,823.0,2019-03-12,0,39.0,68.0
86,4,8,2019-02-01,87.0,Lara Fernandes,F,6/26/1963,5.0,Santa Catarina,9.0,mesa,860.0,824.0,2019-03-16,0,43.0,63.0
44,9,3,2019-02-01,45.0,Maria Oliveira,F,1/9/1984,10.0,Vitória,4.0,laptop gamer,5300.0,825.0,2019-03-04,0,31.0,42.0
249,10,3,2019-02-02,250.0,Giovana Castro,F,12/19/1977,,,4.0,laptop gamer,5300.0,826.0,2019-02-20,0,18.0,49.0
931,6,3,2019-02-02,932.0,Davi Fernandes,M,3/13/1940,7.0,Salvador,4.0,laptop gamer,5300.0,827.0,2019-02-10,0,8.0,86.0
639,5,3,2019-02-02,640.0,Rafaela Araujo,F,11/7/1981,6.0,Recife,4.0,laptop gamer,5300.0,,,1,,45.0
194,5,2,2019-02-03,195.0,Carlos Barros,M,6/3/1952,6.0,Recife,3.0,laptop básico,2300.0,828.0,2019-02-28,0,25.0,74.0
109,6,6,2019-02-03,110.0,Enzo Dias,M,5/1/1965,7.0,Salvador,7.0,carregador,150.0,829.0,2019-03-09,0,34.0,61.0
234,1,3,2019-02-03,235.0,Rafaela Ferreira,F,8/12/1985,2.0,Rio de Janeiro,4.0,laptop gamer,5300.0,830.0,2019-03-03,0,28.0,41.0
994,2,5,2019-02-04,995.0,Ágatha Pereira,F,12/24/1939,3.0,Curitiba,6.0,impressora,700.0,831.0,2019-02-07,0,3.0,87.0
884,3,3,2019-02-04,885.0,Felipe Ribeiro,M,1/13/1935,4.0,Belo Horizonte,4.0,laptop gamer,5300.0,832.0,2019-03-03,0,27.0,91.0
645,2,8,2019-02-04,646.0,Murilo Carvalho,M,6/15/1962,3.0,Curitiba,9.0,mesa,860.0,,,1,,64.0
518,3,7,2019-02-08,519.0,Lara Souza,F,7/31/1992,4.0,Belo Horizonte,8.0,cadeira,540.0,833.0,2019-03-18,0,38.0,34.0
421,1,8,2019-02-08,422.0,Mariana Azevedo,F,4/23/1978,2.0,Rio de Janeiro,9.0,mesa,860.0,834.0,2019-03-17,0,37.0,48.0
975,5,3,2019-02-08,976.0,Emily Correia,F,3/10/1951,6.0,Recife,4.0,laptop gamer,5300.0,835.0,2019-02-13,0,5.0,75.0
316,5,3,2019-02-09,317.0,Thiago Martins,M,3/3/1952,6.0,Recife,4.0,laptop gamer,5300.0,836.0,2019-02-25,0,16.0,74.0
646,3,3,2019-02-09,647.0,Mariana Araujo,F,12/21/1984,4.0,Belo Horizonte,4.0,laptop gamer,5300.0,837.0,2019-02-22,0,13.0,42.0
827,4,5,2019-02-09,828.0,Lara Fernandes,F,6/14/1957,5.0,Santa Catarina,6.0,impressora,700.0,,,1,,69.0
644,2,3,2019-02-10,645.0,Emilly Rodrigues,F,6/18/1990,3.0,Curitiba,4.0,laptop gamer,5300.0,838.0,2019-03-06,0,24.0,36.0
142,2,3,2019-02-10,143.0,Fábio Melo,M,9/23/1995,3.0,Curitiba,4.0,laptop gamer,5300.0,839.0,2019-03-01,0,19.0,31.0
476,3,3,2019-02-10,477.0,Raissa Oliveira,F,3/5/1990,4.0,Belo Horizonte,4.0,laptop gamer,5300.0,840.0,2019-02-12,0,2.0,36.0
733,7,3,2019-02-11,734.0,Daniel Pereira,M,4/9/1988,8.0,Brasília,4.0,laptop gamer,5300.0,841.0,2019-02-14,0,3.0,38.0
168,7,1,2019-02-11,169.0,Matilde Almeida,F,5/23/1993,8.0,Brasília,2.0,teclado,30.0,842.0,2019-03-24,0,41.0,33.0
790,10,3,2019-02-11,791.0,Cauã Azevedo,M,2/28/1938,,,4.0,laptop gamer,5300.0,,,1,,88.0
853,2,3,2019-02-13,854.0,Danilo Costa,M,2/20/1957,3.0,Curitiba,4.0,laptop gamer,5300.0,,,1,,69.0
525,2,4,2019-02-13,526.0,Diogo Melo,M,6/10/1951,3.0,Curitiba,5.0,monitor,1500.0,,,1,,75.0
231,2,3,2019-02-13,232.0,Clara Rodrigues,F,8/18/1938,3.0,Curitiba,4.0,laptop gamer,5300.0,,,1,,88.0
738,2,3,2019-02-15,739.0,Ana Silva,F,3/24/1979,3.0,Curitiba,4.0,laptop gamer,5300.0,,,1,,47.0
137,9,3,2019-02-15,138.0,Alex Ferreira,M,2/4/1968,10.0,Vitória,4.0,laptop gamer,5300.0,843.0,2019-03-21,0,34.0,58.0
252,2,8,2019-02-15,253.0,Matilde Gomes,F,5/15/2003,3.0,Curitiba,9.0,mesa,860.0,844.0,2019-03-13,0,26.0,23.0
204,4,5,2019-02-15,205.0,Camila Araujo,F,10/3/1993,5.0,Santa Catarina,6.0,impressora,700.0,845.0,2019-02-22,0,7.0,33.0
171,2,7,2019-02-15,172.0,Raissa Cardoso,F,11/3/1988,3.0,Curitiba,8.0,cadeira,540.0,,,1,,38.0
220,2,1,2019-02-15,221.0,Estevan Souza,M,1/12/1962,3.0,Curitiba,2.0,teclado,30.0,846.0,2019-03-15,0,28.0,64.0
324,5,7,2019-02-16,325.0,Melissa Cavalcanti,F,6/6/1975,6.0,Recife,8.0,cadeira,540.0,847.0,2019-02-16,0,0.0,51.0
786,9,7,2019-02-16,787.0,Kai Almeida,M,10/31/1969,10.0,Vitória,8.0,cadeira,540.0,848.0,2019-03-28,0,40.0,57.0
4,9,5,2019-02-16,5.0,Gabrielle Martins,F,5/6/1953,10.0,Vitória,6.0,impressora,700.0,,,1,,73.0
513,8,3,2019-02-17,514.0,Joao Souza,M,10/14/1939,9.0,Palmas,4.0,laptop gamer,5300.0,849.0,2019-02-19,0,2.0,87.0
630,9,3,2019-02-17,631.0,Laura Alves,F,3/12/1962,10.0,Vitória,4.0,laptop gamer,5300.0,,,1,,64.0
567,6,9,2019-02-17,568.0,Mariana Gomes,F,7/1/1958,7.0,Salvador,10.0,xxx-231a,3.2113519999999998,850.0,2019-02-25,0,8.0,68.0
333,2,5,2019-02-18,334.0,Leonor Barbosa,F,5/15/1964,3.0,Curitiba,6.0,impressora,700.0,,,1,,62.0
276,2,2,2019-02-18,277.0,Brenda Santos,F,1/1/2020,3.0,Curitiba,3.0,laptop básico,2300.0,,,1,,6.0
482,2,5,2019-02-18,483.0,Enzo Goncalves,M,6/1/1938,3.0,Curitiba,6.0,impressora,700.0,851.0,2019-03-10,0,20.0,88.0
789,4,3,2019-02-20,790.0,Larissa Sousa,F,12/20/2002,5.0,Santa Catarina,4.0,laptop gamer,5300.0,,,1,,24.0
416,2,9,2019-02-20,417.0,Leonor Almeida,F,1/31/1972,3.0,Curitiba,10.0,xxx-231a,3.2113519999999998,852.0,2019-03-09,0,17.0,54.0
965,8,10,2019-02-20,966.0,Estevan Santos,M,11/11/1951,9.0,Palmas,,,,853.0,2019-04-06,0,45.0,75.0
486,4,3,2019-02-20,487.0,Miguel Correia,M,12/20/1960,5.0,Santa Catarina,4.0,laptop gamer,5300.0,854.0,2019-03-15,0,23.0,66.0
728,5,7,2019-02-20,729.0,Aline Cunha,F,5/24/1997,6.0,Recife,8.0,cadeira,540.0,855.0,2019-03-05,0,13.0,29.0
899,2,3,2019-02-20,900.0,Victor Ribeiro,M,12/24/1944,3.0,Curitiba,4.0,laptop gamer,5300.0,,,1,,82.0
217,9,1,2019-02-20,218.0,João Barbosa,M,3/2/1989,10.0,Vitória,2.0,teclado,30.0,856.0,2019-04-01,0,40.0,37.0
326,8,8,2019-02-20,327.0,João Sousa,M,9/6/1976,9.0,Palmas,9.0,mesa,860.0,857.0,2019-02-28,0,8.0,50.0
215,4,6,2019-02-20,216.0,Livia Cavalcanti,F,12/7/1966,5.0,Santa Catarina,7.0,carregador,150.0,,,1,,60.0
292,10,3,2019-02-20,293.0,Luís Barros,M,12/20/1981,,,4.0,laptop gamer,5300.0,858.0,2019-03-20,0,28.0,45.0
147,2,3,2019-02-20,148.0,Melissa Barros,F,5/21/1952,3.0,Curitiba,4.0,laptop gamer,5300.0,,,1,,74.0
201,7,3,2019-02-20,202.0,Lavinia Rocha,F,6/19/1966,8.0,Brasília,4.0,laptop gamer,5300.0,,,1,,60.0
543,5,3,2019-02-21,544.0,Pedro Sousa,M,6/19/1952,6.0,Recife,4.0,laptop gamer,5300.0,859.0,2019-03-28,0,35.0,74.0
592,7,1,2019-02-21,593.0,Fernanda Goncalves,F,6/13/1974,8.0,Brasília,2.0,teclado,30.0,860.0,2019-03-11,0,18.0,52.0
144,2,3,2019-02-21,145.0,Luan Goncalves,M,10/19/1940,3.0,Curitiba,4.0,laptop gamer,5300.0,,,1,,86.0
862,2,1,2019-02-21,863.0,Leonor Santos,F,3/4/1968,3.0,Curitiba,2.0,teclado,30.0,,,1,,58.0
413,9,6,2019-02-21,414.0,Kaua Pinto,M,1/5/1958,10.0,Vitória,7.0,carregador,150.0,861.0,2019-03-10,0,17.0,68.0
815,2,8,2019-02-21,816.0,Julian Martins,M,11/6/1998,3.0,Curitiba,9.0,mesa,860.0,,,1,,28.0
847,1,3,2019-02-22,848.0,Matilde Ribeiro,F,10/20/1988,2.0,Rio de Janeiro,4.0,laptop gamer,5300.0,862.0,2019-04-01,0,38.0,38.0
439,2,4,2019-02-22,440.0,Eduardo Araujo,M,10/20/1937,3.0,Curitiba,5.0,monitor,1500.0,,,1,,89.0
986,4,1,2019-02-22,987.0,Beatriz Cardoso,F,7/17/1984,5.0,Santa Catarina,2.0,teclado,30.0,863.0,2019-03-04,0,10.0,42.0
888,8,3,2019-02-23,889.0,Kauan Ferreira,M,8/28/1954,9.0,Palmas,4.0,laptop gamer,5300.0,864.0,2019-03-26,0,31.0,72.0
91,10,9,2019-02-23,92.0,Danilo Silva,M,11/9/1998,,,10.0,xxx-231a,3.2113519999999998,,,1,,28.0
727,3,3,2019-02-23,728.0,Giovanna Silva,F,5/21/1942,4.0,Belo Horizonte,4.0,laptop gamer,5300.0,865.0,2019-03-25,0,30.0,84.0
389,6,5,2019-02-23,390.0,Diego Silva,M,7/21/1935,7.0,Salvador,6.0,impressora,700.0,866.0,2019-04-06,0,42.0,91.0
893,2,3,2019-02-23,894.0,Danilo Dias,M,5/23/1946,3.0,Curitiba,4.0,laptop gamer,5300.0,,,1,,80.0
781,2,3,2019-02-23,782.0,Tiago Ferreira,M,12/19/1938,3.0,Curitiba,4.0,laptop gamer,5300.0,867.0,2019-04-06,0,42.0,88.0
380,9,3,2019-02-23,381.0,Pedro Lima,M,10/25/1966,10.0,Vitória,4.0,laptop gamer,5300.0,868.0,2019-03-17,0,22.0,60.0
696,7,3,2019-02-23,697.0,Luís Fernandes,M,4/3/1997,8.0,Brasília,4.0,laptop gamer,5300.0,869.0,2019-03-18,0,23.0,29.0
688,10,3,2019-02-23,689.0,Eduardo Alves,M,10/4/1948,,,4.0,laptop gamer,5300.0,,,1,,78.0
653,5,5,2019-02-26,654.0,Isabella Correia,F,12/4/1937,6.0,Recife,6.0,impressora,700.0,870.0,2019-04-01,0,34.0,89.0
450,4,3,2019-02-26,451.0,Igor Oliveira,M,9/13/1948,5.0,Santa Catarina,4.0,laptop gamer,5300.0,871.0,2019-03-23,0,25.0,78.0
506,5,3,2019-02-26,507.0,Isabela Ferreira,F,9/29/1981,6.0,Recife,4.0,laptop gamer,5300.0,,,1,,45.0
924,10,1,2019-02-26,925.0,Vitor Barros,M,11/15/1954,,,2.0,teclado,30.0,872.0,2019-04-05,0,38.0,72.0
495,2,3,2019-02-26,496.0,Rebeca Cavalcanti,F,4/27/2001,3.0,Curitiba,4.0,laptop gamer,5300.0,873.0,2019-03-03,0,5.0,25.0
652,2,3,2019-02-26,653.0,Tomás Melo,M,5/3/1941,3.0,Curitiba,4.0,laptop gamer,5300.0,,,1,,85.0
287,2,7,2019-02-27,288.0,Victor Ribeiro,o,12/17/1974,3.0,Curitiba,8.0,cadeira,540.0,874.0,2019-04-04,0,36.0,52.0
273,4,4,2019-02-27,274.0,Gustavo Melo,M,9/24/1946,5.0,Santa Catarina,5.0,monitor,1500.0,,,1,,80.0
500,2,4,2019-02-27,501.0,Daniel Goncalves,M,1/15/1967,3.0,Curitiba,5.0,monitor,1500.0,,,1,,59.0
71,8,3,2019-02-27,72.0,Luana Oliveira,F,11/6/1967,9.0,Palmas,4.0,laptop gamer,5300.0,875.0,2019-03-28,0,29.0,59.0
969,2,5,2019-02-27,970.0,Danilo Santos,M,5/31/1983,3.0,Curitiba,6.0,impressora,700.0,876.0,2019-03-02,0,3.0,43.0
311,2,3,2019-02-27,312.0,Julian Araujo,M,10/5/1945,3.0,Curitiba,4.0,laptop gamer,5300.0,877.0,2019-03-30,0,31.0,81.0
385,6,10,2019-03-02,386.0,Beatriz Lima,F,4/25/1947,7.0,Salvador,,,,878.0,2019-03-16,0,14.0,79.0
620,6,3,2019-03-02,621.0,Gabrielle Santos,F,3/28/1983,7.0,Salvador,4.0,laptop gamer,5300.0,879.0,2019-03-17,0,15.0,43.0
128,1,5,2019-03-02,129.0,Sofia Ribeiro,F,7/26/1989,2.0,Rio de Janeiro,6.0,impressora,700.0,880.0,2019-03-17,0,15.0,37.0
431,2,3,2019-03-02,432.0,André Santos,M,6/25/1988,3.0,Curitiba,4.0,laptop gamer,5300.0,881.0,2019-03-27,0,25.0,38.0
418,3,7,2019-03-02,419.0,Melissa Araujo,F,7/15/1999,4.0,Belo Horizonte,8.0,cadeira,540.0,882.0,2019-04-16,0,45.0,27.0
417,6,2,2019-03-02,418.0,Kauan Ferreira,M,7/11/1950,7.0,Salvador,3.0,laptop básico,2300.0,883.0,2019-04-04,0,33.0,76.0
990,1,5,2019-03-03,991.0,Diogo Melo,M,7/24/2001,2.0,Rio de Janeiro,6.0,impressora,700.0,884.0,2019-03-26,0,23.0,25.0
978,2,1,2019-03-03,979.0,Eduarda Almeida,F,5/30/1965,3.0,Curitiba,2.0,teclado,30.0,,,1,,61.0
588,7,3,2019-03-03,589.0,Emily Castro,F,5/11/1936,8.0,Brasília,4.0,laptop gamer,5300.0,,,1,,90.0
490,2,5,2019-03-03,491.0,Nicolash Ribeiro,M,7/26/1961,3.0,Curitiba,6.0,impressora,700.0,885.0,2019-04-03,0,31.0,65.0
281,2,6,2019-03-03,282.0,Vitória Souza,F,6/19/1967,3.0,Curitiba,7.0,carregador,150.0,,,1,,59.0
221,2,8,2019-03-03,222.0,Giovanna Cunha,F,7/26/1978,3.0,Curitiba,9.0,mesa,860.0,,,1,,48.0
271,9,5,2019-03-06,272.0,Paulo Alves,M,1/14/1937,10.0,Vitória,6.0,impressora,700.0,886.0,2019-03-20,0,14.0,89.0
897,6,10,2019-03-06,898.0,Lavinia Azevedo,F,12/4/1999,7.0,Salvador,,,,887.0,2019-04-19,0,44.0,27.0
360,2,10,2019-03-06,361.0,Vinicius Santos,M,3/21/1937,3.0,Curitiba,,,,,,1,,89.0
777,7,3,2019-03-06,778.0,Sofia Barbosa,F,4/21/1955,8.0,Brasília,4.0,laptop gamer,5300.0,888.0,2019-03-25,0,19.0,71.0
303,6,2,2019-03-06,304.0,Amanda Santos,F,4/6/1980,7.0,Salvador,3.0,laptop básico,2300.0,889.0,2019-04-20,0,45.0,46.0
358,1,2,2019-03-06,359.0,Aline Correia,F,1/23/1986,2.0,Rio de Janeiro,3.0,laptop básico,2300.0,890.0,2019-03-14,0,8.0,40.0
701,1,3,2019-03-07,702.0,Arthur Gomes,M,4/24/1961,2.0,Rio de Janeiro,4.0,laptop gamer,5300.0,,,1,,65.0
51,3,3,2019-03-07,52.0,Isabela Gomes,F,5/30/1970,4.0,Belo Horizonte,4.0,laptop gamer,5300.0,891.0,2019-04-01,0,25.0,56.0
820,6,3,2019-03-07,821.0,Emily Santos,F,4/27/1979,7.0,Salvador,4.0,laptop gamer,5300.0,892.0,2019-04-08,0,32.0,47.0
97,8,1,2019-03-09,98.0,Sophia Azevedo,F,1/23/1990,9.0,Palmas,2.0,teclado,30.0,893.0,2019-04-12,0,34.0,36.0
196,4,3,2019-03-09,197.0,Marcos Martins,M,1/3/1981,5.0,Santa Catarina,4.0,laptop gamer,5300.0,894.0,2019-04-04,0,26.0,45.0
882,6,6,2019-03-09,883.0,Tânia Sousa,F,6/3/1997,7.0,Salvador,7.0,carregador,150.0,895.0,2019-04-12,0,34.0,29.0
575,2,3,2019-03-10,576.0,Bianca Ribeiro,F,3/29/1983,3.0,Curitiba,4.0,laptop gamer,5300.0,,,1,,43.0
374,7,7,2019-03-10,375.0,Renan Melo,M,12/10/1998,8.0,Brasília,8.0,cadeira,540.0,896.0,2019-03-16,0,6.0,28.0
86,5,3,2019-03-10,87.0,Lara Fernandes,F,6/26/1963,6.0,Recife,4.0,laptop gamer,5300.0,897.0,2019-03-26,0,16.0,63.0
359,10,3,2019-03-11,360.0,Fernanda Rodrigues,F,4/25/1939,,,4.0,laptop gamer,5300.0,898.0,2019-03-23,0,12.0,87.0
524,2,3,2019-03-11,525.0,Lucas Carvalho,M,6/17/1993,3.0,Curitiba,4.0,laptop gamer,5300.0,,,1,,33.0
962,3,9,2019-03-11,963.0,Carla Azevedo,F,11/22/1948,4.0,Belo Horizonte,10.0,xxx-231a,3.2113519999999998,,,1,,78.0
714,10,3,2019-03-13,715.0,Rafael Santos,M,5/15/1967,,,4.0,laptop gamer,5300.0,899.0,2019-03-27,0,14.0,59.0
879,5,3,2019-03-13,880.0,Ágatha Azevedo,F,7/23/1981,6.0,Recife,4.0,laptop gamer,5300.0,900.0,2019-03-27,0,14.0,45.0
918,7,9,2019-03-13,919.0,José Cardoso,M,6/25/1996,8.0,Brasília,10.0,xxx-231a,3.2113519999999998,901.0,2019-03-19,0,6.0,30.0
15,3,3,2019-03-14,16.0,Kai Ferreira,M,9/3/1985,4.0,Belo Horizonte,4.0,laptop gamer,5300.0,902.0,2019-03-25,0,11.0,41.0
713,2,7,2019-03-14,714.0,Samuel Barbosa,M,12/19/1948,3.0,Curitiba,8.0,cadeira,540.0,,,1,,78.0
407,1,3,2019-03-14,408.0,Luan Alves,M,10/23/1956,2.0,Rio de Janeiro,4.0,laptop gamer,5300.0,903.0,2019-03-14,0,0.0,70.0
450,9,1,2019-03-15,451.0,Igor Oliveira,M,9/13/1948,10.0,Vitória,2.0,teclado,30.0,904.0,2019-04-22,0,38.0,78.0
859,2,3,2019-03-15,860.0,João Barros,M,1/15/1980,3.0,Curitiba,4.0,laptop gamer,5300.0,,,1,,46.0
895,4,5,2019-03-15,896.0,Melissa Lima,F,2/24/1936,5.0,Santa Catarina,6.0,impressora,700.0,905.0,2019-04-04,0,20.0,90.0
574,2,7,2019-03-16,575.0,Luiz Alves,M,9/4/1950,3.0,Curitiba,8.0,cadeira,540.0,,,1,,76.0
337,7,3,2019-03-16,338.0,Mariana Rodrigues,F,6/2/2001,8.0,Brasília,4.0,laptop gamer,5300.0,906.0,2019-04-04,0,19.0,25.0
98,2,9,2019-03-16,99.0,André Souza,M,1/24/1974,3.0,Curitiba,10.0,xxx-231a,3.2113519999999998,,,1,,52.0
931,2,9,2019-03-16,932.0,Davi Fernandes,M,3/13/1940,3.0,Curitiba,10.0,xxx-231a,3.2113519999999998,,,1,,86.0
516,2,3,2019-03-16,517.0,Caio Barbosa,M,3/9/1958,3.0,Curitiba,4.0,laptop gamer,5300.0,907.0,2019-04-18,0,33.0,68.0
96,2,5,2019-03-16,97.0,Beatrice Goncalves,F,11/22/1964,3.0,Curitiba,6.0,impressora,700.0,,,1,,62.0
676,3,3,2019-03-16,677.0,Vinícius Barbosa,M,12/21/1956,4.0,Belo Horizonte,4.0,laptop gamer,5300.0,908.0,2019-03-23,0,7.0,70.0
952,1,3,2019-03-16,953.0,André Lima,M,3/2/2002,2.0,Rio de Janeiro,4.0,laptop gamer,5300.0,909.0,2019-04-10,0,25.0,24.0
520,10,3,2019-03-16,521.0,Murilo Oliveira,M,9/21/1960,,,4.0,laptop gamer,5300.0,910.0,2019-04-27,0,42.0,66.0
422,4,8,2019-03-18,423.0,Letícia Cardoso,F,7/7/1961,5.0,Santa Catarina,9.0,mesa,860.0,911.0,2019-05-02,0,45.0,65.0
943,6,10,2019-03-18,944.0,Igor Santos,M,2/15/1975,7.0,Salvador,,,,912.0,2019-04-04,0,17.0,51.0
775,5,3,2019-03-18,776.0,Eduarda Melo,F,3/31/1976,6.0,Recife,4.0,laptop gamer,5300.0,913.0,2019-04-16,0,29.0,50.0
494,5,10,2019-03-18,495.0,Vitór Lima,M,1/20/1979,6.0,Recife,,,,,,1,,47.0
590,7,10,2019-03-18,591.0,Tânia Cardoso,F,6/10/1970,8.0,Brasília,,,,914.0,2019-03-19,0,1.0,56.0
806,10,3,2019-03-18,807.0,Murilo Almeida,M,3/6/2000,,,4.0,laptop gamer,5300.0,915.0,2019-03-23,0,5.0,26.0
704,3,1,2019-03-19,705.0,Gabrielly Costa,F,4/20/1997,4.0,Belo Horizonte,2.0,teclado,30.0,916.0,2019-03-23,0,4.0,29.0
543,1,4,2019-03-19,544.0,Pedro Sousa,M,6/19/1952,2.0,Rio de Janeiro,5.0,monitor,1500.0,,,1,,74.0
529,5,3,2019-03-19,530.0,Beatrice Correia,F,3/19/1981,6.0,Recife,4.0,laptop gamer,5300.0,917.0,2019-03-22,0,3.0,45.0
65,9,4,2019-03-20,66.0,Leila Araujo,F,10/24/1982,10.0,Vitória,5.0,monitor,1500.0,,,1,,44.0
371,2,2,2019-03-20,372.0,Emilly Ferreira,F,8/20/1970,3.0,Curitiba,3.0,laptop básico,2300.0,918.0,2019-03-31,0,11.0,56.0
241,1,7,2019-03-20,242.0,Brenda Barros,F,4/13/1998,2.0,Rio de Janeiro,8.0,cadeira,540.0,919.0,2019-04-02,0,13.0,28.0
62,2,5,2019-03-22,63.0,Bianca Araujo,F,1/31/1964,3.0,Curitiba,6.0,impressora,700.0,920.0,2019-04-13,0,22.0,62.0
574,3,5,2019-03-22,575.0,Luiz Alves,M,9/4/1950,4.0,Belo Horizonte,6.0,impressora,700.0,921.0,2019-04-12,0,21.0,76.0
286,8,3,2019-03-22,287.0,Luis Correia,M,12/25/1934,9.0,Palmas,4.0,laptop gamer,5300.0,,,1,,92.0
324,4,3,2019-03-22,325.0,Melissa Cavalcanti,F,6/6/1975,5.0,Santa Catarina,4.0,laptop gamer,5300.0,,,1,,51.0
78,2,8,2019-03-22,79.0,Thaís Pinto,F,9/5/1943,3.0,Curitiba,9.0,mesa,860.0,922.0,2019-04-13,0,22.0,83.0
541,2,6,2019-03-22,542.0,Nicole Barbosa,F,3/23/1935,3.0,Curitiba,7.0,carregador,150.0,,,1,,91.0
415,2,3,2019-03-22,416.0,Larissa Alves,F,5/7/1959,3.0,Curitiba,4.0,laptop gamer,5300.0,,,1,,67.0
235,2,3,2019-03-22,236.0,Leila Costa,F,8/30/1995,3.0,Curitiba,4.0,laptop gamer,5300.0,,,1,,31.0
568,10,3,2019-03-22,569.0,Douglas Pinto,M,9/14/1982,,,4.0,laptop gamer,5300.0,923.0,2019-05-05,0,44.0,44.0
146,4,10,2019-03-23,147.0,Gabriela Martins,F,5/29/1957,5.0,Santa Catarina,,,,924.0,2019-03-27,0,4.0,69.0
752,5,3,2019-03-23,753.0,Miguel Melo,M,8/15/1939,6.0,Recife,4.0,laptop gamer,5300.0,925.0,2019-04-05,0,13.0,87.0
727,2,4,2019-03-23,728.0,Giovanna Silva,F,5/21/1942,3.0,Curitiba,5.0,monitor,1500.0,,,1,,84.0
229,2,9,2019-03-24,230.0,Nicole Gomes,F,5/4/1995,3.0,Curitiba,10.0,xxx-231a,3.2113519999999998,,,1,,31.0
819,10,3,2019-03-24,820.0,Murilo Cunha,M,11/19/1979,,,4.0,laptop gamer,5300.0,926.0,2019-04-10,0,17.0,47.0
186,10,3,2019-03-24,187.0,Emilly Almeida,F,2/2/1968,,,4.0,laptop gamer,5300.0,927.0,2019-04-16,0,23.0,58.0
95,2,3,2019-03-25,96.0,Gabrielle Pinto,F,10/22/1940,3.0,Curitiba,4.0,laptop gamer,5300.0,928.0,2019-03-26,0,1.0,86.0
461,1,5,2019-03-25,462.0,Isabelle Almeida,F,10/21/1998,2.0,Rio de Janeiro,6.0,impressora,700.0,929.0,2019-04-30,0,36.0,28.0
839,10,4,2019-03-25,840.0,Maria Pinto,F,3/19/1981,,,5.0,monitor,1500.0,930.0,2019-05-04,0,40.0,45.0
345,4,6,2019-03-26,346.0,Arthur Oliveira,M,11/2/1961,5.0,Santa Catarina,7.0,carregador,150.0,931.0,2019-04-23,0,28.0,65.0
517,9,3,2019-03-26,518.0,Raissa Carvalho,F,7/7/1958,10.0,Vitória,4.0,laptop gamer,5300.0,932.0,2019-04-27,0,32.0,68.0
697,3,3,2019-03-26,698.0,Murilo Santos,M,9/25/1949,4.0,Belo Horizonte,4.0,laptop gamer,5300.0,933.0,2019-05-08,0,43.0,77.0
324,2,8,2019-03-26,325.0,Melissa Cavalcanti,F,6/6/1975,3.0,Curitiba,9.0,mesa,860.0,934.0,2019-04-04,0,9.0,51.0
109,2,4,2019-03-26,110.0,Enzo Dias,M,5/1/1965,3.0,Curitiba,5.0,monitor,1500.0,,,1,,61.0
458,2,7,2019-03-26,459.0,Sophia Melo,F,3/9/1997,3.0,Curitiba,8.0,cadeira,540.0,935.0,2019-04-29,0,34.0,29.0
948,2,7,2019-03-26,949.0,Luís Melo,M,6/16/1971,3.0,Curitiba,8.0,cadeira,540.0,,,1,,55.0
403,6,10,2019-03-26,404.0,Igor Fernandes,M,8/5/1949,7.0,Salvador,,,,936.0,2019-04-14,0,19.0,77.0
199,2,10,2019-03-26,200.0,Fernanda Alves,F,1/4/1960,3.0,Curitiba,,,,,,1,,66.0
706,2,3,2019-03-26,707.0,Tânia Goncalves,F,10/31/1997,3.0,Curitiba,4.0,laptop gamer,5300.0,,,1,,29.0
177,3,10,2019-03-26,178.0,Isabela Pinto,F,7/18/1939,4.0,Belo Horizonte,,,,937.0,2019-05-01,0,36.0,87.0
757,2,3,2019-03-26,758.0,Carlos Almeida,M,3/10/1989,3.0,Curitiba,4.0,laptop gamer,5300.0,,,1,,37.0
302,2,3,2019-03-27,303.0,Clara Costa,F,4/18/1941,3.0,Curitiba,4.0,laptop gamer,5300.0,,,1,,85.0
824,5,3,2019-03-27,825.0,Joao Azevedo,M,9/11/1941,6.0,Recife,4.0,laptop gamer,5300.0,938.0,2019-04-15,0,19.0,85.0
859,2,3,2019-03-27,860.0,João Barros,M,1/15/1980,3.0,Curitiba,4.0,laptop gamer,5300.0,,,1,,46.0
263,10,10,2019-03-29,264.0,sem nome,F,7/29/1997,,,,,,939.0,2019-05-12,0,44.0,29.0
587,2,7,2019-03-29,588.0,Luana Costa,F,1/5/1997,3.0,Curitiba,8.0,cadeira,540.0,940.0,2019-03-31,0,2.0,29.0
130,8,3,2019-03-29,131.0,Enzo Souza,M,8/8/1998,9.0,Palmas,4.0,laptop gamer,5300.0,941.0,2019-04-27,0,29.0,28.0
935,8,3,2019-04-01,936.0,Vitoria Azevedo,F,6/26/1937,9.0,Palmas,4.0,laptop gamer,5300.0,,,1,,89.0
490,6,6,2019-04-01,491.0,Nicolash Ribeiro,M,7/26/1961,7.0,Salvador,7.0,carregador,150.0,942.0,2019-04-07,0,6.0,65.0
698,2,4,2019-04-01,699.0,Murilo Pereira,M,3/1/1971,3.0,Curitiba,5.0,monitor,1500.0,,,1,,55.0
937,4,6,2019-04-02,938.0,Vitoria Castro,F,3/5/1968,5.0,Santa Catarina,7.0,carregador,150.0,943.0,2019-04-05,0,3.0,58.0
832,5,3,2019-04-02,833.0,Isabella Rocha,F,4/26/1990,6.0,Recife,4.0,laptop gamer,5300.0,944.0,2019-04-13,0,11.0,36.0
607,2,4,2019-04-02,608.0,Victor Costa,M,5/3/1979,3.0,Curitiba,5.0,monitor,1500.0,,,1,,47.0
886,4,7,2019-04-02,887.0,Matheus Rocha,M,10/6/1986,5.0,Santa Catarina,8.0,cadeira,540.0,,,1,,40.0
918,1,3,2019-04-02,919.0,José Cardoso,M,6/25/1996,2.0,Rio de Janeiro,4.0,laptop gamer,5300.0,945.0,2019-04-25,0,23.0,30.0
370,3,10,2019-04-02,371.0,Gustavo Castro,M,2/18/1965,4.0,Belo Horizonte,,,,946.0,2019-04-11,0,9.0,61.0
175,3,3,2019-04-02,176.0,Maria Rodrigues,F,12/15/1964,4.0,Belo Horizonte,4.0,laptop gamer,5300.0,947.0,2019-04-28,0,26.0,62.0
759,1,5,2019-04-02,760.0,André Oliveira,M,2/10/1979,2.0,Rio de Janeiro,6.0,impressora,700.0,948.0,2019-05-17,0,45.0,47.0
3,2,3,2019-04-02,4.0,Sarah Goncalves,F,2/24/1937,3.0,Curitiba,4.0,laptop gamer,5300.0,,,1,,89.0
647,1,3,2019-04-04,648.0,Luan Araujo,M,8/20/2000,2.0,Rio de Janeiro,4.0,laptop gamer,5300.0,949.0,2019-05-01,0,27.0,26.0
761,2,2,2019-04-04,762.0,Vinícius Goncalves,M,6/29/1958,3.0,Curitiba,3.0,laptop básico,2300.0,,,1,,68.0
853,1,3,2019-04-04,854.0,Danilo Costa,M,2/20/1957,2.0,Rio de Janeiro,4.0,laptop gamer,5300.0,950.0,2019-04-29,0,25.0,69.0
442,3,3,2019-04-05,443.0,Arthur Rocha,M,7/4/1990,4.0,Belo Horizonte,4.0,laptop gamer,5300.0,951.0,2019-04-26,0,21.0,36.0
487,4,2,2019-04-05,488.0,Júlia Castro,F,2/5/1981,5.0,Santa Catarina,3.0,laptop básico,2300.0,952.0,2019-05-17,0,42.0,45.0
246,9,10,2019-04-05,247.0,Luís Alves,M,3/23/1950,10.0,Vitória,,,,953.0,2019-04-25,0,20.0,76.0
762,8,2,2019-04-07,763.0,Manuela Gomes,F,6/29/1961,9.0,Palmas,3.0,laptop básico,2300.0,954.0,2019-04-29,0,22.0,65.0
545,5,3,2019-04-07,546.0,Clara Souza,F,11/19/1976,6.0,Recife,4.0,laptop gamer,5300.0,955.0,2019-04-07,0,0.0,50.0
696,6,2,2019-04-07,697.0,Luís Fernandes,M,4/3/1997,7.0,Salvador,3.0,laptop básico,2300.0,956.0,2019-05-06,0,29.0,29.0
587,2,3,2019-04-09,588.0,Luana Costa,F,1/5/1997,3.0,Curitiba,4.0,laptop gamer,5300.0,,,1,,29.0
104,2,3,2019-04-09,105.0,Camila Ribeiro,F,4/9/1988,3.0,Curitiba,4.0,laptop gamer,5300.0,,,1,,38.0
392,8,2,2019-04-09,393.0,Gustavo Silva,M,1/4/1950,9.0,Palmas,3.0,laptop básico,2300.0,957.0,2019-04-17,0,8.0,76.0
986,3,3,2019-04-12,987.0,Beatriz Cardoso,F,7/17/1984,4.0,Belo Horizonte,4.0,laptop gamer,5300.0,958.0,2019-04-16,0,4.0,42.0
214,8,3,2019-04-12,215.0,Luís Rocha,M,12/23/1991,9.0,Palmas,4.0,laptop gamer,5300.0,959.0,2019-04-20,0,8.0,35.0
459,5,5,2019-04-12,460.0,Camila Ferreira,F,11/5/1970,6.0,Recife,6.0,impressora,700.0,960.0,2019-04-17,0,5.0,56.0
823,1,3,2019-04-12,824.0,Rafaela Sousa,F,5/21/1936,2.0,Rio de Janeiro,4.0,laptop gamer,5300.0,961.0,2019-05-10,0,28.0,90.0
243,2,3,2019-04-12,244.0,Thiago Ribeiro,M,1/31/1935,3.0,Curitiba,4.0,laptop gamer,5300.0,,,1,,91.0
371,3,10,2019-04-12,372.0,Emilly Ferreira,F,8/20/1970,4.0,Belo Horizonte,,,,962.0,2019-04-26,0,14.0,56.0
736,2,9,2019-04-18,737.0,Carlos Gomes,M,12/13/1960,3.0,Curitiba,10.0,xxx-231a,3.2113519999999998,,,1,,66.0
455,2,3,2019-04-18,456.0,Fernanda Pinto,F,12/13/1987,3.0,Curitiba,4.0,laptop gamer,5300.0,,,1,,39.0
543,4,3,2019-04-18,544.0,Pedro Sousa,M,6/19/1952,5.0,Santa Catarina,4.0,laptop gamer,5300.0,963.0,2019-04-30,0,12.0,74.0
174,2,3,2019-04-20,175.0,Marcos Santos,M,2/8/2003,3.0,Curitiba,4.0,laptop gamer,5300.0,,,1,,23.0
575,10,3,2019-04-20,576.0,Bianca Ribeiro,F,3/29/1983,,,4.0,laptop gamer,5300.0,964.0,2019-06-03,0,44.0,43.0
603,5,3,2019-04-20,604.0,Lucas Souza,M,8/18/1939,6.0,Recife,4.0,laptop gamer,5300.0,965.0,2019-05-30,0,40.0,87.0
129,2,1,2019-04-21,130.0,Lavinia Carvalho,F,10/8/1968,3.0,Curitiba,2.0,teclado,30.0,,,1,,58.0
574,4,9,2019-04-21,575.0,Luiz Alves,M,9/4/1950,5.0,Santa Catarina,10.0,xxx-231a,3.2113519999999998,966.0,2019-05-12,0,21.0,76.0
703,2,1,2019-04-21,704.0,Caio Cavalcanti,M,8/1/1979,3.0,Curitiba,2.0,teclado,30.0,967.0,2019-05-06,0,15.0,47.0
479,2,9,2019-04-21,480.0,Paulo Rocha,M,7/8/1965,3.0,Curitiba,10.0,xxx-231a,3.2113519999999998,968.0,2019-05-07,0,16.0,61.0
551,4,3,2019-04-21,552.0,Carlos Pereira,M,1/9/1973,5.0,Santa Catarina,4.0,laptop gamer,5300.0,969.0,2019-04-21,0,0.0,53.0
67,10,5,2019-04-21,68.0,Erick Ferreira,M,6/14/1973,,,6.0,impressora,700.0,970.0,2019-04-22,0,1.0,53.0
700,2,1,2019-04-21,701.0,Camila Lima,F,4/14/1974,3.0,Curitiba,2.0,teclado,30.0,971.0,2019-05-21,0,30.0,52.0
138,8,3,2019-04-21,139.0,Kauê Araujo,M,5/31/1974,9.0,Palmas,4.0,laptop gamer,5300.0,972.0,2019-05-18,0,27.0,52.0
714,4,3,2019-04-21,715.0,Rafael Santos,M,5/15/1967,5.0,Santa Catarina,4.0,laptop gamer,5300.0,973.0,2019-06-05,0,45.0,59.0
441,8,4,2019-04-21,442.0,Livia Martins,F,10/30/1967,9.0,Palmas,5.0,monitor,1500.0,,,1,,59.0
809,2,4,2019-04-21,810.0,Nicolas Dias,M,8/12/1992,3.0,Curitiba,5.0,monitor,1500.0,,,1,,34.0
18,7,2,2019-04-21,19.0,Luis Araujo,M,1/22/1966,8.0,Brasília,3.0,laptop básico,2300.0,974.0,2019-05-17,0,26.0,60.0
361,6,2,2019-04-21,362.0,Thaís Goncalves,F,1/29/1981,7.0,Salvador,3.0,laptop básico,2300.0,975.0,2019-04-30,0,9.0,45.0
43,10,3,2019-04-21,44.0,André Cavalcanti,M,4/12/1972,,,4.0,laptop gamer,5300.0,,,1,,54.0
157,2,4,2019-04-21,158.0,Gabrielle Castro,F,3/5/1996,3.0,Curitiba,5.0,monitor,1500.0,,,1,,30.0
750,9,7,2019-04-22,751.0,Martim Azevedo,M,12/30/1970,10.0,Vitória,8.0,cadeira,540.0,976.0,2019-06-04,0,43.0,56.0
419,1,3,2019-04-22,420.0,João Correia,M,2/19/1984,2.0,Rio de Janeiro,4.0,laptop gamer,5300.0,977.0,2019-05-07,0,15.0,42.0
503,2,9,2019-04-22,504.0,Igor Rodrigues,M,6/29/1968,3.0,Curitiba,10.0,xxx-231a,3.2113519999999998,978.0,2019-05-26,0,34.0,58.0
430,1,5,2019-04-22,431.0,Martim Cunha,M,7/2/1969,2.0,Rio de Janeiro,6.0,impressora,700.0,979.0,2019-06-01,0,40.0,57.0
211,5,3,2019-04-22,212.0,Guilherme Carvalho,M,8/27/1962,6.0,Recife,4.0,laptop gamer,5300.0,980.0,2019-05-04,0,12.0,64.0
509,2,3,2019-04-22,510.0,Julieta Barros,F,6/17/1989,3.0,Curitiba,4.0,laptop gamer,5300.0,981.0,2019-05-11,0,19.0,37.0
528,8,3,2019-04-22,529.0,Giovanna Barros,F,12/24/1984,9.0,Palmas,4.0,laptop gamer,5300.0,982.0,2019-05-24,0,32.0,42.0
638,7,3,2019-04-22,639.0,Vinicius Cardoso,M,12/10/1995,8.0,Brasília,4.0,laptop gamer,5300.0,983.0,2019-05-13,0,21.0,31.0
674,7,2,2019-04-22,675.0,Leila Castro,F,12/15/1989,8.0,Brasília,3.0,laptop básico,2300.0,984.0,2019-06-03,0,42.0,37.0
15,7,3,2019-04-25,16.0,Kai Ferreira,M,9/3/1985,8.0,Brasília,4.0,laptop gamer,5300.0,985.0,2019-05-21,0,26.0,41.0
3,3,3,2019-04-25,4.0,Sarah Goncalves,F,2/24/1937,4.0,Belo Horizonte,4.0,laptop gamer,5300.0,,,1,,89.0
742,9,1,2019-04-25,743.0,Gabrielly Barros,F,4/6/1946,10.0,Vitória,2.0,teclado,30.0,986.0,2019-05-28,0,33.0,80.0
668,2,9,2019-04-29,669.0,Davi Fernandes,M,3/12/1947,3.0,Curitiba,10.0,xxx-231a,3.2113519999999998,987.0,2019-06-03,0,35.0,79.0
763,3,10,2019-04-29,764.0,João Rocha,M,10/17/1937,4.0,Belo Horizonte,,,,988.0,2019-05-26,0,27.0,89.0
652,3,3,2019-04-29,653.0,Tomás Melo,M,5/3/1941,4.0,Belo Horizonte,4.0,laptop gamer,5300.0,989.0,2019-05-28,0,29.0,85.0
289,2,3,2019-04-29,290.0,Mateus Castro,M,3/18/1941,3.0,Curitiba,4.0,laptop gamer,5300.0,,,1,,85.0
264,3,3,2019-04-29,265.0,sem nome,M,2/7/1979,4.0,Belo Horizonte,4.0,laptop gamer,5300.0,990.0,2019-05-12,0,13.0,47.0
215,8,2,2019-04-29,216.0,Livia Cavalcanti,F,12/7/1966,9.0,Palmas,3.0,laptop básico,2300.0,991.0,2019-05-08,0,9.0,60.0
59,2,10,2019-04-29,60.0,Camila Azevedo,F,12/11/1975,3.0,Curitiba,,,,992.0,2019-06-07,0,39.0,51.0
411,7,2,2019-04-29,412.0,Pedro Oliveira,M,2/26/1996,8.0,Brasília,3.0,laptop básico,2300.0,993.0,2019-06-09,0,41.0,30.0
180,2,8,2019-04-29,181.0,Thiago Silva,M,3/19/1953,3.0,Curitiba,9.0,mesa,860.0,,,1,,73.0
512,2,3,2019-04-30,513.0,Erick Barbosa,M,8/8/1973,3.0,Curitiba,4.0,laptop gamer,5300.0,994.0,2019-05-26,0,26.0,53.0
738,10,4,2019-04-30,739.0,Ana Silva,F,3/24/1979,,,5.0,monitor,1500.0,,,1,,47.0
243,5,3,2019-04-30,244.0,Thiago Ribeiro,M,1/31/1935,6.0,Recife,4.0,laptop gamer,5300.0,,,1,,91.0
779,10,1,2019-04-30,780.0,Júlia Dias,F,2/27/1937,,,2.0,teclado,30.0,995.0,2019-05-17,0,17.0,89.0
452,6,5,2019-04-30,453.0,Júlio Martins,M,12/22/1996,7.0,Salvador,6.0,impressora,700.0,996.0,2019-05-09,0,9.0,30.0
729,4,9,2019-04-30,730.0,Erick Ferreira,M,6/5/1945,5.0,Santa Catarina,10.0,xxx-231a,3.2113519999999998,997.0,2019-05-05,0,5.0,81.0
112,4,3,2019-05-03,113.0,Douglas Gomes,M,10/28/1944,5.0,Santa Catarina,4.0,laptop gamer,5300.0,998.0,2019-05-13,0,10.0,82.0
642,2,2,2019-05-03,643.0,Otávio Sousa,M,1/4/1958,3.0,Curitiba,3.0,laptop básico,2300.0,999.0,2019-06-01,0,29.0,68.0
304,10,3,2019-05-03,305.0,Antônio Araujo,M,4/26/1952,,,4.0,laptop gamer,5300.0,1000.0,2019-06-05,0,33.0,74.0
143,7,3,2019-05-04,144.0,José Carvalho,M,4/18/1989,8.0,Brasília,4.0,laptop gamer,5300.0,1001.0,2019-05-17,0,13.0,37.0
353,4,3,2019-05-04,354.0,Daniel Pereira,M,8/4/1941,5.0,Santa Catarina,4.0,laptop gamer,5300.0,1002.0,2019-05-26,0,22.0,85.0
448,6,10,2019-05-04,449.0,Diogo Correia,M,12/17/1998,7.0,Salvador,,,,1003.0,2019-06-06,0,33.0,28.0
448,2,7,2019-05-04,449.0,Diogo Correia,M,12/17/1998,3.0,Curitiba,8.0,cadeira,540.0,1004.0,2019-05-26,0,22.0,28.0
549,5,8,2019-05-04,550.0,Larissa Ferreira,F,5/10/1983,6.0,Recife,9.0,mesa,860.0,1005.0,2019-05-06,0,2.0,43.0
203,2,8,2019-05-04,204.0,Laura Silva,F,1/26/1957,3.0,Curitiba,9.0,mesa,860.0,,,1,,69.0
784,8,3,2019-05-05,785.0,Davi Dias,M,1/21/1965,9.0,Palmas,4.0,laptop gamer,5300.0,1006.0,2019-06-18,0,44.0,61.0
944,2,3,2019-05-05,945.0,Bruna Oliveira,F,10/26/1972,3.0,Curitiba,4.0,laptop gamer,5300.0,,,1,,54.0
352,2,5,2019-05-05,353.0,Melissa Cavalcanti,F,7/12/1984,3.0,Curitiba,6.0,impressora,700.0,,,1,,42.0
927,4,3,2019-05-05,928.0,Julian Sousa,M,7/1/1985,5.0,Santa Catarina,4.0,laptop gamer,5300.0,1007.0,2019-05-07,0,2.0,41.0
648,2,3,2019-05-05,649.0,Daniel Carvalho,M,8/28/1968,3.0,Curitiba,4.0,laptop gamer,5300.0,,,1,,58.0
83,2,3,2019-05-05,84.0,Alex Oliveira,M,3/14/1968,3.0,Curitiba,4.0,laptop gamer,5300.0,1008.0,2019-06-09,0,35.0,58.0
569,4,1,2019-05-07,570.0,Marina Araujo,F,2/18/1947,5.0,Santa Catarina,2.0,teclado,30.0,1009.0,2019-05-30,0,23.0,79.0
350,2,7,2019-05-07,351.0,Fernanda Pinto,F,6/29/1945,3.0,Curitiba,8.0,cadeira,540.0,1010.0,2019-06-14,0,38.0,81.0
279,7,8,2019-05-07,280.0,Ryan Cavalcanti,M,4/2/1967,8.0,Brasília,9.0,mesa,860.0,1011.0,2019-06-16,0,40.0,59.0
126,10,3,2019-05-09,127.0,Emilly Lima,F,1/27/1961,,,4.0,laptop gamer,5300.0,1012.0,2019-05-18,0,9.0,65.0
437,2,6,2019-05-09,438.0,Manuela Barbosa,F,11/6/1976,3.0,Curitiba,7.0,carregador,150.0,,,1,,50.0
689,3,7,2019-05-09,690.0,Julieta Araujo,F,1/6/1982,4.0,Belo Horizonte,8.0,cadeira,540.0,1013.0,2019-06-02,0,24.0,44.0
162,10,3,2019-05-10,163.0,Ana Pereira,F,1/10/1967,,,4.0,laptop gamer,5300.0,1014.0,2019-06-06,0,27.0,59.0
748,7,1,2019-05-10,749.0,Evelyn Barros,F,3/7/1975,8.0,Brasília,2.0,teclado,30.0,1015.0,2019-05-16,0,6.0,51.0
124,4,3,2019-05-10,125.0,Sofia Almeida,F,4/15/1939,5.0,Santa Catarina,4.0,laptop gamer,5300.0,1016.0,2019-05-19,0,9.0,87.0
94,2,6,2019-05-10,95.0,Fábio Correia,M,9/10/1996,3.0,Curitiba,7.0,carregador,150.0,,,1,,30.0
701,4,8,2019-05-10,702.0,Arthur Gomes,M,4/24/1961,5.0,Santa Catarina,9.0,mesa,860.0,1017.0,2019-06-09,0,30.0,65.0
376,5,3,2019-05-10,377.0,Julia Correia,F,3/29/1935,6.0,Recife,4.0,laptop gamer,5300.0,1018.0,2019-05-28,0,18.0,91.0
381,8,9,2019-05-12,382.0,Luana Silva,F,7/3/1939,9.0,Palmas,10.0,xxx-231a,3.2113519999999998,1019.0,2019-06-21,0,40.0,87.0
647,2,3,2019-05-12,648.0,Luan Araujo,M,8/20/2000,3.0,Curitiba,4.0,laptop gamer,5300.0,,,1,,26.0
725,2,3,2019-05-12,726.0,Vitoria Gomes,F,12/18/1990,3.0,Curitiba,4.0,laptop gamer,5300.0,1020.0,2019-06-10,0,29.0,36.0
435,2,5,2019-05-14,436.0,Ana Correia,F,6/28/1952,3.0,Curitiba,6.0,impressora,700.0,1021.0,2019-06-03,0,20.0,74.0
306,8,3,2019-05-14,307.0,Mateus Barros,M,2/21/1940,9.0,Palmas,4.0,laptop gamer,5300.0,1022.0,2019-06-06,0,23.0,86.0
760,10,7,2019-05-14,761.0,Bianca Goncalves,F,7/30/1978,,,8.0,cadeira,540.0,1023.0,2019-06-19,0,36.0,48.0
936,2,2,2019-05-14,937.0,Bianca Cavalcanti,F,1/26/2003,3.0,Curitiba,3.0,laptop básico,2300.0,1024.0,2019-06-15,0,32.0,23.0
697,2,10,2019-05-14,698.0,Murilo Santos,M,9/25/1949,3.0,Curitiba,,,,1025.0,2019-06-22,0,39.0,77.0
63,1,3,2019-05-14,64.0,Tânia Costa,F,5/13/1959,2.0,Rio de Janeiro,4.0,laptop gamer,5300.0,1026.0,2019-06-28,0,45.0,67.0
959,3,6,2019-05-16,960.0,Camila Correia,F,12/29/1981,4.0,Belo Horizonte,7.0,carregador,150.0,,,1,,45.0
441,9,3,2019-05-16,442.0,Livia Martins,F,10/30/1967,10.0,Vitória,4.0,laptop gamer,5300.0,1027.0,2019-06-30,0,45.0,59.0
467,5,7,2019-05-16,468.0,Julieta Oliveira,F,8/30/1947,6.0,Recife,8.0,cadeira,540.0,1028.0,2019-06-25,0,40.0,79.0
922,10,3,2019-05-16,923.0,Otávio Ferreira,M,1/15/1964,,,4.0,laptop gamer,5300.0,,,1,,62.0
32,7,3,2019-05-16,33.0,Antônio Gomes,M,10/7/1997,8.0,Brasília,4.0,laptop gamer,5300.0,1029.0,2019-05-18,0,2.0,29.0
869,7,3,2019-05-16,870.0,Pedro Correia,M,3/13/1974,8.0,Brasília,4.0,laptop gamer,5300.0,1030.0,2019-06-21,0,36.0,52.0
896,2,3,2019-05-16,897.0,Enzo Goncalves,M,6/25/1964,3.0,Curitiba,4.0,laptop gamer,5300.0,,,1,,62.0
904,6,3,2019-05-16,905.0,Clara Cunha,F,4/17/1950,7.0,Salvador,4.0,laptop gamer,5300.0,1031.0,2019-06-09,0,24.0,76.0
20,2,5,2019-05-16,21.0,Gustavo Cardoso,M,10/13/1939,3.0,Curitiba,6.0,impressora,700.0,1032.0,2019-05-30,0,14.0,87.0
167,7,3,2019-05-18,168.0,Vinicius Silva,M,8/15/1949,8.0,Brasília,4.0,laptop gamer,5300.0,1033.0,2019-06-23,0,36.0,77.0
482,2,8,2019-05-18,483.0,Enzo Goncalves,M,6/1/1938,3.0,Curitiba,9.0,mesa,860.0,,,1,,88.0
546,8,2,2019-05-18,547.0,Kaua Fernandes,M,10/17/2001,9.0,Palmas,3.0,laptop básico,2300.0,,,1,,25.0
251,9,2,2019-05-20,252.0,André Gomes,M,7/21/1993,10.0,Vitória,3.0,laptop básico,2300.0,1034.0,2019-05-20,0,0.0,33.0
244,2,3,2019-05-20,245.0,Igor Dias,M,9/18/1975,3.0,Curitiba,4.0,laptop gamer,5300.0,,,1,,51.0
188,2,10,2019-05-20,189.0,Laura Azevedo,F,11/14/1984,3.0,Curitiba,,,,1035.0,2019-05-23,0,3.0,42.0
1000,4,10,2019-05-20,,,,,5.0,Santa Catarina,,,,1036.0,2019-06-07,0,18.0,
420,2,5,2019-05-20,421.0,Igor Cardoso,M,9/1/1998,3.0,Curitiba,6.0,impressora,700.0,1037.0,2019-05-22,0,2.0,28.0
506,9,7,2019-05-20,507.0,Isabela Ferreira,F,9/29/1981,10.0,Vitória,8.0,cadeira,540.0,1038.0,2019-06-12,0,23.0,45.0
172,3,3,2019-05-22,173.0,Alex Melo,M,9/18/1988,4.0,Belo Horizonte,4.0,laptop gamer,5300.0,,,1,,38.0
660,3,1,2019-05-22,661.0,Livia Oliveira,F,1/18/1951,4.0,Belo Horizonte,2.0,teclado,30.0,,,1,,75.0
197,2,1,2019-05-22,198.0,Diogo Castro,M,2/17/1961,3.0,Curitiba,2.0,teclado,30.0,1039.0,2019-06-18,0,27.0,65.0
99,2,9,2019-05-23,100.0,Luís Cardoso,M,6/23/1989,3.0,Curitiba,10.0,xxx-231a,3.2113519999999998,,,1,,37.0
449,6,5,2019-05-23,450.0,Bruna Correia,F,9/15/1972,7.0,Salvador,6.0,impressora,700.0,1040.0,2019-07-01,0,39.0,54.0
919,4,3,2019-05-23,920.0,Camila Cunha,F,11/25/2000,5.0,Santa Catarina,4.0,laptop gamer,5300.0,1041.0,2019-06-23,0,31.0,26.0
284,5,5,2019-05-24,285.0,Gustavo Dias,M,6/2/1992,6.0,Recife,6.0,impressora,700.0,1042.0,2019-06-17,0,24.0,34.0
823,6,3,2019-05-24,824.0,Rafaela Sousa,F,5/21/1936,7.0,Salvador,4.0,laptop gamer,5300.0,1043.0,2019-06-03,0,10.0,90.0
511,10,3,2019-05-24,512.0,Diego Ribeiro,M,3/17/1998,,,4.0,laptop gamer,5300.0,1044.0,2019-06-07,0,14.0,28.0
313,1,3,2019-05-24,314.0,Diogo Santos,M,5/1/1995,2.0,Rio de Janeiro,4.0,laptop gamer,5300.0,1045.0,2019-06-09,0,16.0,31.0
963,3,3,2019-05-24,964.0,Clara Silva,F,3/19/1972,4.0,Belo Horizonte,4.0,laptop gamer,5300.0,1046.0,2019-05-28,0,4.0,54.0
321,2,6,2019-05-24,322.0,Renan Goncalves,M,7/27/1990,3.0,Curitiba,7.0,carregador,150.0,1047.0,2019-06-16,0,23.0,36.0
749,8,3,2019-05-25,750.0,Alex Cunha,M,10/2/1983,9.0,Palmas,4.0,laptop gamer,5300.0,1048.0,2019-06-08,0,14.0,43.0
684,2,5,2019-05-25,685.0,Sarah Goncalves,F,9/19/1955,3.0,Curitiba,6.0,impressora,700.0,,,1,,71.0
728,8,2,2019-05-25,729.0,Aline Cunha,F,5/24/1997,9.0,Palmas,3.0,laptop básico,2300.0,1049.0,2019-06-10,0,16.0,29.0
947,7,3,2019-05-26,948.0,Victor Pinto,M,8/12/1999,8.0,Brasília,4.0,laptop gamer,5300.0,1050.0,2019-06-24,0,29.0,27.0
490,5,3,2019-05-26,491.0,Nicolash Ribeiro,M,7/26/1961,6.0,Recife,4.0,laptop gamer,5300.0,1051.0,2019-06-14,0,19.0,65.0
912,9,8,2019-05-26,913.0,Vitor Martins,M,9/21/1941,10.0,Vitória,9.0,mesa,860.0,1052.0,2019-06-23,0,28.0,85.0
785,3,10,2019-05-27,786.0,Tânia Lima,F,12/26/1945,4.0,Belo Horizonte,,,,1053.0,2019-07-01,0,35.0,81.0
300,5,4,2019-05-27,301.0,Gabrielly Rocha,F,5/23/1961,6.0,Recife,5.0,monitor,1500.0,1054.0,2019-06-01,0,5.0,65.0
663,10,5,2019-05-27,664.0,Marisa Melo,F,11/15/1962,,,6.0,impressora,700.0,1055.0,2019-06-15,0,19.0,64.0
278,10,3,2019-05-27,279.0,Luís Silva,M,9/29/1955,,,4.0,laptop gamer,5300.0,1056.0,2019-06-30,0,34.0,71.0
185,2,10,2019-05-27,186.0,Leonor Pinto,F,12/2/1999,3.0,Curitiba,,,,,,1,,27.0
720,1,3,2019-05-27,721.0,Clara Rodrigues,F,11/7/1999,2.0,Rio de Janeiro,4.0,laptop gamer,5300.0,1057.0,2019-05-31,0,4.0,27.0
754,2,1,2019-05-30,755.0,Thaís Cardoso,F,1/28/1980,3.0,Curitiba,2.0,teclado,30.0,1058.0,2019-07-09,0,40.0,46.0
220,2,10,2019-05-30,221.0,Estevan Souza,M,1/12/1962,3.0,Curitiba,,,,1059.0,2019-06-09,0,10.0,64.0
513,1,3,2019-05-30,514.0,Joao Souza,M,10/14/1939,2.0,Rio de Janeiro,4.0,laptop gamer,5300.0,1060.0,2019-06-28,0,29.0,87.0
414,3,3,2019-05-31,415.0,Nicolash Pinto,M,6/22/1989,4.0,Belo Horizonte,4.0,laptop gamer,5300.0,1061.0,2019-07-02,0,32.0,37.0
998,2,3,2019-05-31,999.0,Julian Cunha,M,6/20/1994,3.0,Curitiba,4.0,laptop gamer,5300.0,,,1,,32.0
602,7,10,2019-05-31,603.0,Murilo Martins,M,1/20/1972,8.0,Brasília,,,,1062.0,2019-06-29,0,29.0,54.0
324,2,1,2019-06-01,325.0,Melissa Cavalcanti,F,6/6/1975,3.0,Curitiba,2.0,teclado,30.0,,,1,,51.0
597,9,6,2019-06-01,598.0,Fábio Cavalcanti,M,6/29/1985,10.0,Vitória,7.0,carregador,150.0,1063.0,2019-06-12,0,11.0,41.0
256,8,7,2019-06-01,257.0,Luís Ribeiro,M,7/4/1976,9.0,Palmas,8.0,cadeira,540.0,1064.0,2019-07-06,0,35.0,50.0
414,9,3,2019-06-01,415.0,Nicolash Pinto,M,6/22/1989,10.0,Vitória,4.0,laptop gamer,5300.0,1065.0,2019-07-11,0,40.0,37.0
327,2,9,2019-06-01,328.0,Julieta Sousa,F,8/12/1952,3.0,Curitiba,10.0,xxx-231a,3.2113519999999998,,,1,,74.0
723,10,3,2019-06-01,724.0,Paulo Goncalves,M,11/11/1979,,,4.0,laptop gamer,5300.0,1066.0,2019-06-03,0,2.0,47.0
750,1,2,2019-06-04,751.0,Martim Azevedo,M,12/30/1970,2.0,Rio de Janeiro,3.0,laptop básico,2300.0,1067.0,2019-07-03,0,29.0,56.0
466,2,3,2019-06-04,467.0,Lavinia Cunha,F,8/10/1964,3.0,Curitiba,4.0,laptop gamer,5300.0,,,1,,62.0
104,2,9,2019-06-04,105.0,Camila Ribeiro,F,4/9/1988,3.0,Curitiba,10.0,xxx-231a,3.2113519999999998,,,1,,38.0
248,2,2,2019-06-06,249.0,Leonardo Barros,M,3/24/1960,3.0,Curitiba,3.0,laptop básico,2300.0,,,1,,66.0
751,9,3,2019-06-06,752.0,Eduardo Melo,M,5/18/1966,10.0,Vitória,4.0,laptop gamer,5300.0,1068.0,2019-06-07,0,1.0,60.0
68,2,5,2019-06-06,69.0,Estevan Ribeiro,M,11/18/2002,3.0,Curitiba,6.0,impressora,700.0,,,1,,24.0
81,2,3,2019-06-07,82.0,Julian Azevedo,M,2/10/1991,3.0,Curitiba,4.0,laptop gamer,5300.0,,,1,,35.0
869,7,6,2019-06-07,870.0,Pedro Correia,M,3/13/1974,8.0,Brasília,7.0,carregador,150.0,1069.0,2019-07-09,0,32.0,52.0
907,2,3,2019-06-07,908.0,Amanda Lima,F,3/18/1941,3.0,Curitiba,4.0,laptop gamer,5300.0,1070.0,2019-07-11,0,34.0,85.0
4,2,3,2019-06-07,5.0,Gabrielle Martins,F,5/6/1953,3.0,Curitiba,4.0,laptop gamer,5300.0,,,1,,73.0
896,2,10,2019-06-07,897.0,Enzo Goncalves,M,6/25/1964,3.0,Curitiba,,,,1071.0,2019-06-11,0,4.0,62.0
575,7,5,2019-06-07,576.0,Bianca Ribeiro,F,3/29/1983,8.0,Brasília,6.0,impressora,700.0,1072.0,2019-06-12,0,5.0,43.0
935,8,3,2019-06-07,936.0,Vitoria Azevedo,F,6/26/1937,9.0,Palmas,4.0,laptop gamer,5300.0,1073.0,2019-06-30,0,23.0,89.0
365,10,4,2019-06-07,366.0,Marcos Rodrigues,M,8/18/1965,,,5.0,monitor,1500.0,,,1,,61.0
987,2,8,2019-06-07,988.0,Martim Silva,M,2/10/2003,3.0,Curitiba,9.0,mesa,860.0,1074.0,2019-06-08,0,1.0,23.0
840,7,9,2019-06-07,841.0,Brenda Melo,F,4/17/2003,8.0,Brasília,10.0,xxx-231a,3.2113519999999998,1075.0,2019-06-14,0,7.0,23.0
315,9,3,2019-06-07,316.0,Larissa Costa,F,9/16/1949,10.0,Vitória,4.0,laptop gamer,5300.0,1076.0,2019-06-11,0,4.0,77.0
916,2,3,2019-06-07,917.0,Eduarda Lima,F,10/28/1950,3.0,Curitiba,4.0,laptop gamer,5300.0,1077.0,2019-06-22,0,15.0,76.0
40,2,3,2019-06-09,41.0,Tânia Cardoso,F,12/11/1967,3.0,Curitiba,4.0,laptop gamer,5300.0,,,1,,59.0
215,2,7,2019-06-09,216.0,Livia Cavalcanti,F,12/7/1966,3.0,Curitiba,8.0,cadeira,540.0,1078.0,2019-06-29,0,20.0,60.0
708,10,3,2019-06-09,709.0,Breno Ribeiro,M,11/28/1945,,,4.0,laptop gamer,5300.0,1079.0,2019-06-15,0,6.0,81.0
67,9,1,2019-06-09,68.0,Erick Ferreira,M,6/14/1973,10.0,Vitória,2.0,teclado,30.0,1080.0,2019-07-12,0,33.0,53.0
487,2,3,2019-06-09,488.0,Júlia Castro,F,2/5/1981,3.0,Curitiba,4.0,laptop gamer,5300.0,1081.0,2019-07-20,0,41.0,45.0
592,2,1,2019-06-09,593.0,Fernanda Goncalves,F,6/13/1974,3.0,Curitiba,2.0,teclado,30.0,,,1,,52.0
24,6,3,2019-06-09,25.0,Otávio Carvalho,M,8/9/1943,7.0,Salvador,4.0,laptop gamer,5300.0,1082.0,2019-07-06,0,27.0,83.0
317,6,3,2019-06-09,318.0,Nicolash Cavalcanti,M,7/2/1949,7.0,Salvador,4.0,laptop gamer,5300.0,1083.0,2019-07-15,0,36.0,77.0
692,10,1,2019-06-09,693.0,Raissa Barbosa,F,6/20/1994,,,2.0,teclado,30.0,1084.0,2019-06-21,0,12.0,32.0
572,2,6,2019-06-10,573.0,Tânia Pinto,F,10/22/1946,3.0,Curitiba,7.0,carregador,150.0,,,1,,80.0
707,2,3,2019-06-10,708.0,Camila Pinto,F,9/3/1988,3.0,Curitiba,4.0,laptop gamer,5300.0,,,1,,38.0
888,10,9,2019-06-10,889.0,Kauan Ferreira,M,8/28/1954,,,10.0,xxx-231a,3.2113519999999998,1085.0,2019-07-02,0,22.0,72.0
861,2,3,2019-06-10,862.0,Daniel Gomes,M,8/2/1952,3.0,Curitiba,4.0,laptop gamer,5300.0,1086.0,2019-07-13,0,33.0,74.0
717,10,9,2019-06-10,718.0,Livia Azevedo,F,4/30/1980,,,10.0,xxx-231a,3.2113519999999998,1087.0,2019-07-18,0,38.0,46.0
809,2,5,2019-06-10,810.0,Nicolas Dias,M,8/12/1992,3.0,Curitiba,6.0,impressora,700.0,,,1,,34.0
933,3,3,2019-06-11,934.0,Vitória Barbosa,F,8/24/1941,4.0,Belo Horizonte,4.0,laptop gamer,5300.0,1088.0,2019-07-21,0,40.0,85.0
161,2,3,2019-06-11,162.0,Matheus Lima,M,1/13/1952,3.0,Curitiba,4.0,laptop gamer,5300.0,1089.0,2019-06-23,0,12.0,74.0
138,6,2,2019-06-11,139.0,Kauê Araujo,M,5/31/1974,7.0,Salvador,3.0,laptop básico,2300.0,1090.0,2019-07-05,0,24.0,52.0
645,1,7,2019-06-12,646.0,Murilo Carvalho,M,6/15/1962,2.0,Rio de Janeiro,8.0,cadeira,540.0,1091.0,2019-06-29,0,17.0,64.0
108,5,8,2019-06-12,109.0,Julieta Azevedo,F,6/30/1938,6.0,Recife,9.0,mesa,860.0,1092.0,2019-06-15,0,3.0,88.0
154,10,9,2019-06-12,155.0,Luis Rodrigues,M,7/3/1973,,,10.0,xxx-231a,3.2113519999999998,1093.0,2019-06-28,0,16.0,53.0
921,2,3,2019-06-12,922.0,Douglas Ferreira,M,12/14/1947,3.0,Curitiba,4.0,laptop gamer,5300.0,1094.0,2019-07-08,0,26.0,79.0
960,3,4,2019-06-12,961.0,Tomás Lima,M,7/31/1989,4.0,Belo Horizonte,5.0,monitor,1500.0,,,1,,37.0
924,5,7,2019-06-12,925.0,Vitor Barros,M,11/15/1954,6.0,Recife,8.0,cadeira,540.0,1095.0,2019-07-06,0,24.0,72.0
909,2,6,2019-06-13,910.0,Luiz Carvalho,M,4/17/1948,3.0,Curitiba,7.0,carregador,150.0,1096.0,2019-07-21,0,38.0,78.0
289,1,3,2019-06-13,290.0,Mateus Castro,M,3/18/1941,2.0,Rio de Janeiro,4.0,laptop gamer,5300.0,1097.0,2019-07-03,0,20.0,85.0
88,6,1,2019-06-13,89.0,Fernanda Barbosa,F,4/18/1961,7.0,Salvador,2.0,teclado,30.0,1098.0,2019-07-28,0,45.0,65.0
199,2,7,2019-06-13,200.0,Fernanda Alves,F,1/4/1960,3.0,Curitiba,8.0,cadeira,540.0,,,1,,66.0
714,2,3,2019-06-13,715.0,Rafael Santos,M,5/15/1967,3.0,Curitiba,4.0,laptop gamer,5300.0,1099.0,2019-07-14,0,31.0,59.0
553,2,8,2019-06-13,554.0,Carla Ferreira,F,5/25/1989,3.0,Curitiba,9.0,mesa,860.0,,,1,,37.0
622,2,3,2019-06-13,623.0,Julieta Lima,F,1/14/1950,3.0,Curitiba,4.0,laptop gamer,5300.0,,,1,,76.0
441,7,3,2019-06-13,442.0,Livia Martins,F,10/30/1967,8.0,Brasília,4.0,laptop gamer,5300.0,1100.0,2019-07-01,0,18.0,59.0
869,6,8,2019-06-13,870.0,Pedro Correia,M,3/13/1974,7.0,Salvador,9.0,mesa,860.0,1101.0,2019-07-13,0,30.0,52.0
121,6,10,2019-06-14,122.0,André Castro,M,2/16/1948,7.0,Salvador,,,,1102.0,2019-06-26,0,12.0,78.0
505,4,10,2019-06-14,506.0,Brenda Costa,F,1/9/1957,5.0,Santa Catarina,,,,,,1,,69.0
307,8,8,2019-06-14,308.0,Leonardo Barros,M,9/5/1997,9.0,Palmas,9.0,mesa,860.0,1103.0,2019-06-26,0,12.0,29.0
225,9,6,2019-06-15,226.0,Eduarda Santos,F,1/10/1961,10.0,Vitória,7.0,carregador,150.0,1104.0,2019-07-23,0,38.0,65.0
817,9,2,2019-06-15,818.0,Arthur Silva,M,3/9/1949,10.0,Vitória,3.0,laptop básico,2300.0,1105.0,2019-07-01,0,16.0,77.0
215,8,6,2019-06-15,216.0,Livia Cavalcanti,F,12/7/1966,9.0,Palmas,7.0,carregador,150.0,1106.0,2019-07-09,0,24.0,60.0
835,1,3,2019-06-15,836.0,Laura Carvalho,F,11/2/1966,2.0,Rio de Janeiro,4.0,laptop gamer,5300.0,1107.0,2019-07-20,0,35.0,60.0
492,2,3,2019-06-15,493.0,Ryan Pereira,M,2/8/1950,3.0,Curitiba,4.0,laptop gamer,5300.0,1108.0,2019-07-27,0,42.0,76.0
950,8,5,2019-06-15,951.0,Aline Oliveira,F,3/14/1959,9.0,Palmas,6.0,impressora,700.0,1109.0,2019-07-23,0,38.0,67.0
302,2,3,2019-06-15,303.0,Clara Costa,F,4/18/1941,3.0,Curitiba,4.0,laptop gamer,5300.0,,,1,,85.0
765,9,10,2019-06-15,766.0,Sophia Almeida,F,6/18/1999,10.0,Vitória,,,,1110.0,2019-07-27,0,42.0,27.0
452,8,3,2019-06-15,453.0,Júlio Martins,M,12/22/1996,9.0,Palmas,4.0,laptop gamer,5300.0,1111.0,2019-06-29,0,14.0,30.0
372,9,3,2019-06-19,373.0,Livia Pereira,F,7/28/1942,10.0,Vitória,4.0,laptop gamer,5300.0,,,1,,84.0
833,9,9,2019-06-19,834.0,Beatrice Correia,F,7/8/1938,10.0,Vitória,10.0,xxx-231a,3.2113519999999998,1112.0,2019-06-26,0,7.0,88.0
373,1,7,2019-06-19,374.0,André Alves,M,8/3/1962,2.0,Rio de Janeiro,8.0,cadeira,540.0,1113.0,2019-07-20,0,31.0,64.0
98,10,3,2019-06-19,99.0,André Souza,M,1/24/1974,,,4.0,laptop gamer,5300.0,1114.0,2019-06-23,0,4.0,52.0
100,2,3,2019-06-19,101.0,Davi Pereira,M,9/14/1995,3.0,Curitiba,4.0,laptop gamer,5300.0,,,1,,31.0
587,1,3,2019-06-19,588.0,Luana Costa,F,1/5/1997,2.0,Rio de Janeiro,4.0,laptop gamer,5300.0,1115.0,2019-07-05,0,16.0,29.0
885,1,2,2019-06-22,886.0,Bruna Sousa,F,8/14/1948,2.0,Rio de Janeiro,3.0,laptop básico,2300.0,1116.0,2019-06-26,0,4.0,78.0
713,2,8,2019-06-22,714.0,Samuel Barbosa,M,12/19/1948,3.0,Curitiba,9.0,mesa,860.0,,,1,,78.0
796,8,3,2019-06-22,797.0,Miguel Barros,M,11/2/1942,9.0,Palmas,4.0,laptop gamer,5300.0,1117.0,2019-07-30,0,38.0,84.0
385,10,1,2019-06-22,386.0,Beatriz Lima,F,4/25/1947,,,2.0,teclado,30.0,1118.0,2019-07-27,0,35.0,79.0
64,2,3,2019-06-22,65.0,Luiza Araujo,F,1/19/1976,3.0,Curitiba,4.0,laptop gamer,5300.0,1119.0,2019-07-07,0,15.0,50.0
599,5,3,2019-06-22,600.0,Matheus Cunha,M,12/26/1994,6.0,Recife,4.0,laptop gamer,5300.0,1120.0,2019-07-06,0,14.0,32.0
917,2,7,2019-06-24,918.0,Sophia Cunha,F,6/27/1966,3.0,Curitiba,8.0,cadeira,540.0,1121.0,2019-08-03,0,40.0,60.0
89,7,3,2019-06-24,90.0,Eduardo Cardoso,M,7/14/1935,8.0,Brasília,4.0,laptop gamer,5300.0,1122.0,2019-07-26,0,32.0,91.0
960,2,3,2019-06-24,961.0,Tomás Lima,M,7/31/1989,3.0,Curitiba,4.0,laptop gamer,5300.0,1123.0,2019-07-05,0,11.0,37.0
625,2,8,2019-06-25,626.0,Yasmin Silva,F,8/17/1954,3.0,Curitiba,9.0,mesa,860.0,,,1,,72.0
846,1,3,2019-06-25,847.0,Ágatha Oliveira,F,4/1/2001,2.0,Rio de Janeiro,4.0,laptop gamer,5300.0,1124.0,2019-08-05,0,41.0,25.0
925,2,4,2019-06-25,926.0,Vitória Goncalves,F,10/9/1974,3.0,Curitiba,5.0,monitor,1500.0,,,1,,52.0
902,4,1,2019-06-27,903.0,Bianca Santos,F,12/6/1964,5.0,Santa Catarina,2.0,teclado,30.0,1125.0,2019-08-02,0,36.0,62.0
126,1,6,2019-06-27,127.0,Emilly Lima,F,1/27/1961,2.0,Rio de Janeiro,7.0,carregador,150.0,1126.0,2019-07-05,0,8.0,65.0
698,2,8,2019-06-27,699.0,Murilo Pereira,M,3/1/1971,3.0,Curitiba,9.0,mesa,860.0,,,1,,55.0
848,5,3,2019-06-28,849.0,Júlia Ferreira,F,10/29/1944,6.0,Recife,4.0,laptop gamer,5300.0,1127.0,2019-06-28,0,0.0,82.0
53,8,3,2019-06-28,54.0,Beatrice Goncalves,F,1/1/1937,9.0,Palmas,4.0,laptop gamer,5300.0,1128.0,2019-07-08,0,10.0,89.0
780,2,8,2019-06-28,781.0,Kai Melo,M,2/22/1948,3.0,Curitiba,9.0,mesa,860.0,,,1,,78.0
580,5,7,2019-06-30,581.0,Igor Carvalho,M,11/30/1940,6.0,Recife,8.0,cadeira,540.0,1129.0,2019-07-06,0,6.0,86.0
197,7,8,2019-06-30,198.0,Diogo Castro,M,2/17/1961,8.0,Brasília,9.0,mesa,860.0,,,1,,65.0
891,2,3,2019-06-30,892.0,Isabela Souza,F,12/29/1997,3.0,Curitiba,4.0,laptop gamer,5300.0,,,1,,29.0
611,2,6,2019-07-01,612.0,Vitor Costa,M,6/21/1989,3.0,Curitiba,7.0,carregador,150.0,,,1,,37.0
143,5,2,2019-07-01,144.0,José Carvalho,M,4/18/1989,6.0,Recife,3.0,laptop básico,2300.0,,,1,,37.0
744,5,2,2019-07-01,745.0,Otávio Alves,M,9/8/1957,6.0,Recife,3.0,laptop básico,2300.0,1130.0,2019-08-04,0,34.0,69.0
544,5,7,2019-07-01,545.0,Matheus Rodrigues,M,10/28/1957,6.0,Recife,8.0,cadeira,540.0,1131.0,2019-08-10,0,40.0,69.0
634,3,1,2019-07-01,635.0,Danilo Silva,M,5/30/1966,4.0,Belo Horizonte,2.0,teclado,30.0,1132.0,2019-08-05,0,35.0,60.0
991,10,3,2019-07-01,992.0,Julia Barbosa,F,12/23/1959,,,4.0,laptop gamer,5300.0,1133.0,2019-08-09,0,39.0,67.0
94,4,3,2019-07-02,95.0,Fábio Correia,M,9/10/1996,5.0,Santa Catarina,4.0,laptop gamer,5300.0,1134.0,2019-07-28,0,26.0,30.0
99,2,3,2019-07-02,100.0,Luís Cardoso,M,6/23/1989,3.0,Curitiba,4.0,laptop gamer,5300.0,,,1,,37.0
582,8,9,2019-07-02,583.0,Vinicius Cavalcanti,M,12/29/1981,9.0,Palmas,10.0,xxx-231a,3.2113519999999998,1135.0,2019-07-16,0,14.0,45.0
834,2,3,2019-07-02,835.0,Gabrielly Oliveira,F,10/9/1983,3.0,Curitiba,4.0,laptop gamer,5300.0,,,1,,43.0
892,10,3,2019-07-02,893.0,Danilo Gomes,M,5/25/1962,,,4.0,laptop gamer,5300.0,1136.0,2019-07-16,0,14.0,64.0
404,7,3,2019-07-02,405.0,Bruno Oliveira,M,1/11/1936,8.0,Brasília,4.0,laptop gamer,5300.0,,,1,,90.0
864,4,5,2019-07-03,865.0,Rafaela Silva,F,10/5/1937,5.0,Santa Catarina,6.0,impressora,700.0,1137.0,2019-07-19,0,16.0,89.0
151,5,3,2019-07-03,152.0,Miguel Dias,M,10/1/2000,6.0,Recife,4.0,laptop gamer,5300.0,1138.0,2019-08-02,0,30.0,26.0
209,8,4,2019-07-03,210.0,Carla Martins,F,7/17/1978,9.0,Palmas,5.0,monitor,1500.0,,,1,,48.0
964,2,3,2019-07-04,965.0,Caio Rodrigues,M,2/24/1967,3.0,Curitiba,4.0,laptop gamer,5300.0,,,1,,59.0
285,2,3,2019-07-04,286.0,Kai Cavalcanti,M,6/11/1952,3.0,Curitiba,4.0,laptop gamer,5300.0,1139.0,2019-07-17,0,13.0,74.0
296,6,2,2019-07-04,297.0,Kauê Oliveira,M,3/8/1956,7.0,Salvador,3.0,laptop básico,2300.0,1140.0,2019-07-27,0,23.0,70.0
204,10,6,2019-07-04,205.0,Camila Araujo,F,10/3/1993,,,7.0,carregador,150.0,1141.0,2019-07-16,0,12.0,33.0
46,4,3,2019-07-04,47.0,Ágatha Goncalves,F,4/18/1936,5.0,Santa Catarina,4.0,laptop gamer,5300.0,1142.0,2019-08-04,0,31.0,90.0
666,6,3,2019-07-04,667.0,Emilly Oliveira,F,5/19/1944,7.0,Salvador,4.0,laptop gamer,5300.0,1143.0,2019-07-22,0,18.0,82.0
747,2,3,2019-07-05,748.0,Gustavo Almeida,M,5/12/1992,3.0,Curitiba,4.0,laptop gamer,5300.0,,,1,,34.0
143,2,9,2019-07-05,144.0,José Carvalho,M,4/18/1989,3.0,Curitiba,10.0,xxx-231a,3.2113519999999998,1144.0,2019-07-27,0,22.0,37.0
701,5,3,2019-07-05,702.0,Arthur Gomes,M,4/24/1961,6.0,Recife,4.0,laptop gamer,5300.0,1145.0,2019-07-31,0,26.0,65.0
366,3,3,2019-07-06,367.0,Leonor Santos,F,2/23/1985,4.0,Belo Horizonte,4.0,laptop gamer,5300.0,1146.0,2019-07-15,0,9.0,41.0
152,2,8,2019-07-06,153.0,Maria Almeida,F,6/7/2000,3.0,Curitiba,9.0,mesa,860.0,,,1,,26.0
158,7,4,2019-07-06,159.0,Luís Almeida,M,4/16/1959,8.0,Brasília,5.0,monitor,1500.0,1147.0,2019-07-25,0,19.0,67.0
927,5,4,2019-07-08,928.0,Julian Sousa,M,7/1/1985,6.0,Recife,5.0,monitor,1500.0,,,1,,41.0
180,2,3,2019-07-08,181.0,Thiago Silva,M,3/19/1953,3.0,Curitiba,4.0,laptop gamer,5300.0,,,1,,73.0
992,7,3,2019-07-08,993.0,Marcos Castro,M,5/24/1984,8.0,Brasília,4.0,laptop gamer,5300.0,1148.0,2019-07-27,0,19.0,42.0
49,2,4,2019-07-10,50.0,Tânia Azevedo,F,9/20/1998,3.0,Curitiba,5.0,monitor,1500.0,,,1,,28.0
835,1,1,2019-07-10,836.0,Laura Carvalho,F,11/2/1966,2.0,Rio de Janeiro,2.0,teclado,30.0,1149.0,2019-07-17,0,7.0,60.0
868,2,3,2019-07-10,869.0,Eduarda Costa,F,10/15/1937,3.0,Curitiba,4.0,laptop gamer,5300.0,1150.0,2019-08-21,0,42.0,89.0
418,6,3,2019-07-11,419.0,Melissa Araujo,F,7/15/1999,7.0,Salvador,4.0,laptop gamer,5300.0,1151.0,2019-08-07,0,27.0,27.0
509,6,1,2019-07-11,510.0,Julieta Barros,F,6/17/1989,7.0,Salvador,2.0,teclado,30.0,1152.0,2019-07-28,0,17.0,37.0
455,6,3,2019-07-11,456.0,Fernanda Pinto,F,12/13/1987,7.0,Salvador,4.0,laptop gamer,5300.0,1153.0,2019-07-21,0,10.0,39.0
745,5,9,2019-07-12,746.0,Aline Sousa,F,1/13/1964,6.0,Recife,10.0,xxx-231a,3.2113519999999998,1154.0,2019-07-18,0,6.0,62.0
438,2,3,2019-07-12,439.0,Melissa Lima,F,10/23/1990,3.0,Curitiba,4.0,laptop gamer,5300.0,,,1,,36.0
827,6,8,2019-07-12,828.0,Lara Fernandes,F,6/14/1957,7.0,Salvador,9.0,mesa,860.0,,,1,,69.0
916,3,3,2019-07-13,917.0,Eduarda Lima,F,10/28/1950,4.0,Belo Horizonte,4.0,laptop gamer,5300.0,1155.0,2019-08-07,0,25.0,76.0
331,10,3,2019-07-13,332.0,Eduardo Almeida,M,10/28/1992,,,4.0,laptop gamer,5300.0,1156.0,2019-08-07,0,25.0,34.0
322,5,3,2019-07-13,323.0,Rafael Dias,M,3/3/1957,6.0,Recife,4.0,laptop gamer,5300.0,1157.0,2019-08-18,0,36.0,69.0
99,7,3,2019-07-13,100.0,Luís Cardoso,M,6/23/1989,8.0,Brasília,4.0,laptop gamer,5300.0,1158.0,2019-08-12,0,30.0,37.0
986,3,3,2019-07-13,987.0,Beatriz Cardoso,F,7/17/1984,4.0,Belo Horizonte,4.0,laptop gamer,5300.0,1159.0,2019-08-17,0,35.0,42.0
946,2,5,2019-07-13,947.0,Victor Lima,M,5/20/1935,3.0,Curitiba,6.0,impressora,700.0,,,1,,91.0
8,3,7,2019-07-14,9.0,Fernanda Silva,F,1/25/1959,4.0,Belo Horizonte,8.0,cadeira,540.0,1160.0,2019-08-16,0,33.0,67.0
818,4,7,2019-07-14,819.0,Rafaela Pinto,F,9/6/2002,5.0,Santa Catarina,8.0,cadeira,540.0,1161.0,2019-07-22,0,8.0,24.0
227,2,3,2019-07-14,228.0,Kauê Correia,M,4/4/1981,3.0,Curitiba,4.0,laptop gamer,5300.0,1162.0,2019-08-19,0,36.0,45.0
705,2,3,2019-07-14,706.0,Sarah Barbosa,F,3/13/1939,3.0,Curitiba,4.0,laptop gamer,5300.0,,,1,,87.0
199,5,3,2019-07-14,200.0,Fernanda Alves,F,1/4/1960,6.0,Recife,4.0,laptop gamer,5300.0,,,1,,66.0
193,8,4,2019-07-14,194.0,Cauã Carvalho,M,7/31/1975,9.0,Palmas,5.0,monitor,1500.0,,,1,,51.0
677,1,2,2019-07-16,678.0,Bruno Oliveira,M,3/10/1942,2.0,Rio de Janeiro,3.0,laptop básico,2300.0,1163.0,2019-08-26,0,41.0,84.0
989,2,6,2019-07-16,990.0,Julia Castro,F,9/12/1971,3.0,Curitiba,7.0,carregador,150.0,1164.0,2019-08-20,0,35.0,55.0
832,6,2,2019-07-16,833.0,Isabella Rocha,F,4/26/1990,7.0,Salvador,3.0,laptop básico,2300.0,1165.0,2019-08-08,0,23.0,36.0
336,2,3,2019-07-19,337.0,Manuela Castro,F,4/17/1960,3.0,Curitiba,4.0,laptop gamer,5300.0,1166.0,2019-07-29,0,10.0,66.0
357,2,5,2019-07-19,358.0,Leila Carvalho,F,2/3/1985,3.0,Curitiba,6.0,impressora,700.0,,,1,,41.0
262,7,3,2019-07-19,263.0,Tiago Pereira,M,12/14/1968,8.0,Brasília,4.0,laptop gamer,5300.0,1167.0,2019-07-29,0,10.0,58.0
134,1,3,2019-07-21,135.0,Júlia Azevedo,F,12/11/1987,2.0,Rio de Janeiro,4.0,laptop gamer,5300.0,1168.0,2019-08-27,0,37.0,39.0
308,2,3,2019-07-21,309.0,Diego Correia,M,9/17/1958,3.0,Curitiba,4.0,laptop gamer,5300.0,,,1,,68.0
575,7,3,2019-07-21,576.0,Bianca Ribeiro,F,3/29/1983,8.0,Brasília,4.0,laptop gamer,5300.0,1169.0,2019-08-14,0,24.0,43.0
669,9,7,2019-07-21,670.0,Tiago Cardoso,M,10/4/1955,10.0,Vitória,8.0,cadeira,540.0,1170.0,2019-07-21,0,0.0,71.0
641,3,8,2019-07-21,642.0,Kauê Cunha,M,4/1/1948,4.0,Belo Horizonte,9.0,mesa,860.0,1171.0,2019-08-15,0,25.0,78.0
151,4,3,2019-07-21,152.0,Miguel Dias,M,10/1/2000,5.0,Santa Catarina,4.0,laptop gamer,5300.0,1172.0,2019-08-11,0,21.0,26.0
364,2,3,2019-07-21,365.0,Luiz Castro,M,5/23/1982,3.0,Curitiba,4.0,laptop gamer,5300.0,,,1,,44.0
867,2,3,2019-07-21,868.0,Camila Almeida,F,10/25/1961,3.0,Curitiba,4.0,laptop gamer,5300.0,,,1,,65.0
645,5,6,2019-07-21,646.0,Murilo Carvalho,M,6/15/1962,6.0,Recife,7.0,carregador,150.0,1173.0,2019-08-04,0,14.0,64.0
712,2,3,2019-07-22,713.0,José Souza,M,9/4/1960,3.0,Curitiba,4.0,laptop gamer,5300.0,,,1,,66.0
776,2,3,2019-07-22,777.0,Kauan Almeida,M,7/24/1976,3.0,Curitiba,4.0,laptop gamer,5300.0,,,1,,50.0
596,8,3,2019-07-22,597.0,Luís Correia,M,1/20/1969,9.0,Palmas,4.0,laptop gamer,5300.0,1174.0,2019-08-27,0,36.0,57.0
526,6,5,2019-07-22,527.0,Renan Cardoso,M,8/14/1977,7.0,Salvador,6.0,impressora,700.0,1175.0,2019-08-27,0,36.0,49.0
496,2,3,2019-07-22,497.0,Leonardo Ribeiro,M,9/10/1942,3.0,Curitiba,4.0,laptop gamer,5300.0,1176.0,2019-08-30,0,39.0,84.0
349,4,3,2019-07-22,350.0,Giovanna Goncalves,F,9/17/1971,5.0,Santa Catarina,4.0,laptop gamer,5300.0,1177.0,2019-08-27,0,36.0,55.0
378,2,2,2019-07-23,379.0,Marina Ribeiro,F,10/7/1997,3.0,Curitiba,3.0,laptop básico,2300.0,,,1,,29.0
326,10,3,2019-07-23,327.0,João Sousa,M,9/6/1976,,,4.0,laptop gamer,5300.0,1178.0,2019-08-19,0,27.0,50.0
49,5,3,2019-07-23,50.0,Tânia Azevedo,F,9/20/1998,6.0,Recife,4.0,laptop gamer,5300.0,1179.0,2019-08-17,0,25.0,28.0
885,9,5,2019-07-26,886.0,Bruna Sousa,F,8/14/1948,10.0,Vitória,6.0,impressora,700.0,1180.0,2019-08-15,0,20.0,78.0
211,2,1,2019-07-26,212.0,Guilherme Carvalho,M,8/27/1962,3.0,Curitiba,2.0,teclado,30.0,,,1,,64.0
374,2,3,2019-07-26,375.0,Renan Melo,M,12/10/1998,3.0,Curitiba,4.0,laptop gamer,5300.0,,,1,,28.0
583,2,3,2019-07-26,584.0,Rodrigo Cunha,M,1/23/1991,3.0,Curitiba,4.0,laptop gamer,5300.0,,,1,,35.0
118,2,9,2019-07-26,119.0,Alex Pereira,M,11/29/1987,3.0,Curitiba,10.0,xxx-231a,3.2113519999999998,1181.0,2019-08-16,0,21.0,39.0
702,7,3,2019-07-26,703.0,Marina Rocha,F,2/11/2002,8.0,Brasília,4.0,laptop gamer,5300.0,,,1,,24.0
656,9,3,2019-07-26,657.0,Julieta Almeida,F,2/27/1971,10.0,Vitória,4.0,laptop gamer,5300.0,,,1,,55.0
83,3,7,2019-07-26,84.0,Alex Oliveira,M,3/14/1968,4.0,Belo Horizonte,8.0,cadeira,540.0,1182.0,2019-08-24,0,29.0,58.0
959,6,3,2019-07-26,960.0,Camila Correia,F,12/29/1981,7.0,Salvador,4.0,laptop gamer,5300.0,1183.0,2019-09-03,0,39.0,45.0
955,1,9,2019-07-28,956.0,Felipe Goncalves,M,3/27/1940,2.0,Rio de Janeiro,10.0,xxx-231a,3.2113519999999998,1184.0,2019-08-08,0,11.0,86.0
162,1,3,2019-07-28,163.0,Ana Pereira,F,1/10/1967,2.0,Rio de Janeiro,4.0,laptop gamer,5300.0,1185.0,2019-09-11,0,45.0,59.0
484,3,8,2019-07-28,485.0,Nicolash Goncalves,M,3/4/1952,4.0,Belo Horizonte,9.0,mesa,860.0,1186.0,2019-07-30,0,2.0,74.0
490,8,9,2019-07-28,491.0,Nicolash Ribeiro,M,7/26/1961,9.0,Palmas,10.0,xxx-231a,3.2113519999999998,1187.0,2019-09-09,0,43.0,65.0
523,9,8,2019-07-28,524.0,Tomás Oliveira,M,8/24/1974,10.0,Vitória,9.0,mesa,860.0,1188.0,2019-09-10,0,44.0,52.0
507,1,1,2019-07-28,508.0,João Alves,M,9/29/1990,2.0,Rio de Janeiro,2.0,teclado,30.0,1189.0,2019-08-15,0,18.0,36.0
885,2,3,2019-07-29,886.0,Bruna Sousa,F,8/14/1948,3.0,Curitiba,4.0,laptop gamer,5300.0,,,1,,78.0
772,9,3,2019-07-29,773.0,Gabriel Fernandes,M,3/5/1943,10.0,Vitória,4.0,laptop gamer,5300.0,1190.0,2019-09-08,0,41.0,83.0
337,2,9,2019-07-29,338.0,Mariana Rodrigues,F,6/2/2001,3.0,Curitiba,10.0,xxx-231a,3.2113519999999998,,,1,,25.0
323,2,6,2019-07-29,324.0,Letícia Fernandes,F,9/10/1951,3.0,Curitiba,7.0,carregador,150.0,1191.0,2019-09-12,0,45.0,75.0
225,10,3,2019-07-29,226.0,Eduarda Santos,F,1/10/1961,,,4.0,laptop gamer,5300.0,1192.0,2019-08-28,0,30.0,65.0
235,1,2,2019-07-29,236.0,Leila Costa,F,8/30/1995,2.0,Rio de Janeiro,3.0,laptop básico,2300.0,1193.0,2019-08-20,0,22.0,31.0
792,2,7,2019-07-30,793.0,Marcos Barbosa,M,10/27/1941,3.0,Curitiba,8.0,cadeira,540.0,,,1,,85.0
357,7,8,2019-07-30,358.0,Leila Carvalho,F,2/3/1985,8.0,Brasília,9.0,mesa,860.0,1194.0,2019-09-11,0,43.0,41.0
684,7,8,2019-07-30,685.0,Sarah Goncalves,F,9/19/1955,8.0,Brasília,9.0,mesa,860.0,1195.0,2019-08-07,0,8.0,71.0
777,2,3,2019-07-30,778.0,Sofia Barbosa,F,4/21/1955,3.0,Curitiba,4.0,laptop gamer,5300.0,1196.0,2019-08-10,0,11.0,71.0
660,4,3,2019-07-30,661.0,Livia Oliveira,F,1/18/1951,5.0,Santa Catarina,4.0,laptop gamer,5300.0,1197.0,2019-08-28,0,29.0,75.0
189,2,3,2019-07-30,190.0,Carolina Dias,F,11/3/1976,3.0,Curitiba,4.0,laptop gamer,5300.0,,,1,,50.0
921,3,9,2019-07-31,922.0,Douglas Ferreira,M,12/14/1947,4.0,Belo Horizonte,10.0,xxx-231a,3.2113519999999998,1198.0,2019-09-02,0,33.0,79.0
513,2,3,2019-07-31,514.0,Joao Souza,M,10/14/1939,3.0,Curitiba,4.0,laptop gamer,5300.0,1199.0,2019-08-04,0,4.0,87.0
560,3,5,2019-07-31,561.0,Bianca Fernandes,F,10/16/1968,4.0,Belo Horizonte,6.0,impressora,700.0,1200.0,2019-09-14,0,45.0,58.0
145,9,3,2019-08-01,146.0,Breno Rocha,M,11/25/1959,10.0,Vitória,4.0,laptop gamer,5300.0,1201.0,2019-09-04,0,34.0,67.0
773,1,3,2019-08-01,774.0,Mateus Castro,M,10/1/1945,2.0,Rio de Janeiro,4.0,laptop gamer,5300.0,1202.0,2019-08-12,0,11.0,81.0
611,9,10,2019-08-01,612.0,Vitor Costa,M,6/21/1989,10.0,Vitória,,,,1203.0,2019-08-19,0,18.0,37.0
507,3,4,2019-08-01,508.0,João Alves,M,9/29/1990,4.0,Belo Horizonte,5.0,monitor,1500.0,1204.0,2019-09-15,0,45.0,36.0
557,2,3,2019-08-01,558.0,Mariana Castro,F,1/4/1983,3.0,Curitiba,4.0,laptop gamer,5300.0,,,1,,43.0
545,6,4,2019-08-01,546.0,Clara Souza,F,11/19/1976,7.0,Salvador,5.0,monitor,1500.0,,,1,,50.0
253,2,3,2019-08-03,254.0,Davi Santos,M,3/2/1997,3.0,Curitiba,4.0,laptop gamer,5300.0,,,1,,29.0
661,1,7,2019-08-03,662.0,Laura Ribeiro,F,8/1/1960,2.0,Rio de Janeiro,8.0,cadeira,540.0,1205.0,2019-09-15,0,43.0,66.0
528,2,10,2019-08-03,529.0,Giovanna Barros,F,12/24/1984,3.0,Curitiba,,,,,,1,,42.0
45,2,6,2019-08-03,46.0,Isabela Pinto,F,11/10/1944,3.0,Curitiba,7.0,carregador,150.0,,,1,,82.0
269,9,3,2019-08-03,270.0,sem nome,M,1/1/2020,10.0,Vitória,4.0,laptop gamer,5300.0,1206.0,2019-09-03,0,31.0,6.0
864,10,3,2019-08-03,865.0,Rafaela Silva,F,10/5/1937,,,4.0,laptop gamer,5300.0,1207.0,2019-09-08,0,36.0,89.0
488,2,9,2019-08-04,489.0,Marisa Correia,F,12/29/1987,3.0,Curitiba,10.0,xxx-231a,3.2113519999999998,1208.0,2019-08-21,0,17.0,39.0
322,7,3,2019-08-04,323.0,Rafael Dias,M,3/3/1957,8.0,Brasília,4.0,laptop gamer,5300.0,1209.0,2019-09-16,0,43.0,69.0
292,1,2,2019-08-04,293.0,Luís Barros,M,12/20/1981,2.0,Rio de Janeiro,3.0,laptop básico,2300.0,1210.0,2019-09-04,0,31.0,45.0
895,3,9,2019-08-04,896.0,Melissa Lima,F,2/24/1936,4.0,Belo Horizonte,10.0,xxx-231a,3.2113519999999998,1211.0,2019-09-09,0,36.0,90.0
631,7,3,2019-08-04,632.0,Victor Rocha,M,10/22/1970,8.0,Brasília,4.0,laptop gamer,5300.0,1212.0,2019-08-21,0,17.0,56.0
963,10,5,2019-08-04,964.0,Clara Silva,F,3/19/1972,,,6.0,impressora,700.0,1213.0,2019-08-25,0,21.0,54.0
849,2,1,2019-08-06,850.0,Vitória Rocha,F,6/27/1980,3.0,Curitiba,2.0,teclado,30.0,1214.0,2019-08-15,0,9.0,46.0
571,1,3,2019-08-06,572.0,Giovana Alves,F,2/6/1941,2.0,Rio de Janeiro,4.0,laptop gamer,5300.0,1215.0,2019-09-01,0,26.0,85.0
111,3,2,2019-08-06,112.0,Gabrielly Fernandes,F,10/5/2003,4.0,Belo Horizonte,3.0,laptop básico,2300.0,1216.0,2019-08-29,0,23.0,23.0
89,2,3,2019-08-06,90.0,Eduardo Cardoso,M,7/14/1935,3.0,Curitiba,4.0,laptop gamer,5300.0,1217.0,2019-09-05,0,30.0,91.0
199,2,3,2019-08-06,200.0,Fernanda Alves,F,1/4/1960,3.0,Curitiba,4.0,laptop gamer,5300.0,1218.0,2019-08-25,0,19.0,66.0
371,4,5,2019-08-06,372.0,Emilly Ferreira,F,8/20/1970,5.0,Santa Catarina,6.0,impressora,700.0,1219.0,2019-08-16,0,10.0,56.0
282,4,10,2019-08-06,283.0,Amanda Barros,F,1/1/2020,5.0,Santa Catarina,,,,,,1,,6.0
535,9,3,2019-08-06,536.0,Luana Alves,F,4/7/1995,10.0,Vitória,4.0,laptop gamer,5300.0,1220.0,2019-09-07,0,32.0,31.0
59,2,7,2019-08-06,60.0,Camila Azevedo,F,12/11/1975,3.0,Curitiba,8.0,cadeira,540.0,,,1,,51.0
179,1,3,2019-08-07,180.0,Ryan Melo,M,12/15/1962,2.0,Rio de Janeiro,4.0,laptop gamer,5300.0,1221.0,2019-08-08,0,1.0,64.0
846,2,8,2019-08-07,847.0,Ágatha Oliveira,F,4/1/2001,3.0,Curitiba,9.0,mesa,860.0,1222.0,2019-09-11,0,35.0,25.0
379,2,3,2019-08-07,380.0,Bruno Cardoso,M,12/20/1950,3.0,Curitiba,4.0,laptop gamer,5300.0,,,1,,76.0
37,8,10,2019-08-08,38.0,Leonardo Sousa,M,4/26/1958,9.0,Palmas,,,,1223.0,2019-08-29,0,21.0,68.0
533,8,9,2019-08-08,534.0,Carla Santos,F,10/5/1975,9.0,Palmas,10.0,xxx-231a,3.2113519999999998,1224.0,2019-08-10,0,2.0,51.0
353,2,3,2019-08-08,354.0,Daniel Pereira,M,8/4/1941,3.0,Curitiba,4.0,laptop gamer,5300.0,,,1,,85.0
318,8,10,2019-08-08,319.0,Luan Alves,M,12/9/1985,9.0,Palmas,,,,1225.0,2019-09-18,0,41.0,41.0
382,7,2,2019-08-08,383.0,Sofia Ferreira,F,12/19/1999,8.0,Brasília,3.0,laptop básico,2300.0,1226.0,2019-09-05,0,28.0,27.0
66,9,2,2019-08-08,67.0,Anna Melo,F,11/6/1995,10.0,Vitória,3.0,laptop básico,2300.0,1227.0,2019-09-11,0,34.0,31.0
895,6,5,2019-08-11,896.0,Melissa Lima,F,2/24/1936,7.0,Salvador,6.0,impressora,700.0,,,1,,90.0
979,1,3,2019-08-11,980.0,Livia Pinto,F,10/16/1974,2.0,Rio de Janeiro,4.0,laptop gamer,5300.0,1228.0,2019-09-13,0,33.0,52.0
217,8,3,2019-08-11,218.0,João Barbosa,M,3/2/1989,9.0,Palmas,4.0,laptop gamer,5300.0,,,1,,37.0
64,5,9,2019-08-12,65.0,Luiza Araujo,F,1/19/1976,6.0,Recife,10.0,xxx-231a,3.2113519999999998,1229.0,2019-08-13,0,1.0,50.0
867,8,7,2019-08-12,868.0,Camila Almeida,F,10/25/1961,9.0,Palmas,8.0,cadeira,540.0,1230.0,2019-09-11,0,30.0,65.0
199,2,3,2019-08-12,200.0,Fernanda Alves,F,1/4/1960,3.0,Curitiba,4.0,laptop gamer,5300.0,,,1,,66.0
75,1,9,2019-08-13,76.0,Laura Oliveira,F,9/27/1953,2.0,Rio de Janeiro,10.0,xxx-231a,3.2113519999999998,1231.0,2019-08-25,0,12.0,73.0
168,1,5,2019-08-13,169.0,Matilde Almeida,F,5/23/1993,2.0,Rio de Janeiro,6.0,impressora,700.0,1232.0,2019-09-12,0,30.0,33.0
212,2,3,2019-08-13,213.0,Emilly Rocha,F,3/19/1990,3.0,Curitiba,4.0,laptop gamer,5300.0,,,1,,36.0
382,10,3,2019-08-14,383.0,Sofia Ferreira,F,12/19/1999,,,4.0,laptop gamer,5300.0,1233.0,2019-09-23,0,40.0,27.0
634,7,7,2019-08-14,635.0,Danilo Silva,M,5/30/1966,8.0,Brasília,8.0,cadeira,540.0,,,1,,60.0
913,4,3,2019-08-14,914.0,Eduarda Cunha,F,12/10/1951,5.0,Santa Catarina,4.0,laptop gamer,5300.0,1234.0,2019-09-21,0,38.0,75.0
578,3,3,2019-08-15,579.0,Nicole Ferreira,F,11/3/1979,4.0,Belo Horizonte,4.0,laptop gamer,5300.0,1235.0,2019-08-29,0,14.0,47.0
51,2,3,2019-08-15,52.0,Isabela Gomes,F,5/30/1970,3.0,Curitiba,4.0,laptop gamer,5300.0,,,1,,56.0
873,1,3,2019-08-15,874.0,Vinicius Oliveira,M,9/9/2003,2.0,Rio de Janeiro,4.0,laptop gamer,5300.0,1236.0,2019-08-26,0,11.0,23.0
601,1,3,2019-08-15,602.0,Julieta Fernandes,F,11/20/1971,2.0,Rio de Janeiro,4.0,laptop gamer,5300.0,1237.0,2019-09-15,0,31.0,55.0
46,2,3,2019-08-15,47.0,Ágatha Goncalves,F,4/18/1936,3.0,Curitiba,4.0,laptop gamer,5300.0,,,1,,90.0
367,2,9,2019-08-15,368.0,Tiago Correia,M,4/2/1961,3.0,Curitiba,10.0,xxx-231a,3.2113519999999998,,,1,,65.0
842,2,6,2019-08-15,843.0,Nicolas Fernandes,M,6/11/1942,3.0,Curitiba,7.0,carregador,150.0,,,1,,84.0
815,8,6,2019-08-15,816.0,Julian Martins,M,11/6/1998,9.0,Palmas,7.0,carregador,150.0,,,1,,28.0
965,10,3,2019-08-15,966.0,Estevan Santos,M,11/11/1951,,,4.0,laptop gamer,5300.0,1238.0,2019-08-26,0,11.0,75.0
499,10,3,2019-08-16,500.0,Kauê Cunha,M,12/5/1985,,,4.0,laptop gamer,5300.0,1239.0,2019-08-17,0,1.0,41.0
118,2,3,2019-08-16,119.0,Alex Pereira,M,11/29/1987,3.0,Curitiba,4.0,laptop gamer,5300.0,,,1,,39.0
743,6,2,2019-08-16,744.0,Amanda Araujo,F,5/29/2002,7.0,Salvador,3.0,laptop básico,2300.0,1240.0,2019-08-22,0,6.0,24.0
107,6,9,2019-08-18,108.0,Emily Ribeiro,F,7/5/1994,7.0,Salvador,10.0,xxx-231a,3.2113519999999998,1241.0,2019-09-03,0,16.0,32.0
311,6,2,2019-08-18,312.0,Julian Araujo,M,10/5/1945,7.0,Salvador,3.0,laptop básico,2300.0,1242.0,2019-08-24,0,6.0,81.0
733,6,3,2019-08-18,734.0,Daniel Pereira,M,4/9/1988,7.0,Salvador,4.0,laptop gamer,5300.0,,,1,,38.0
312,2,10,2019-08-18,313.0,Larissa Cunha,F,9/15/1972,3.0,Curitiba,,,,,,1,,54.0
419,4,3,2019-08-18,420.0,João Correia,M,2/19/1984,5.0,Santa Catarina,4.0,laptop gamer,5300.0,1243.0,2019-09-15,0,28.0,42.0
772,4,5,2019-08-18,773.0,Gabriel Fernandes,M,3/5/1943,5.0,Santa Catarina,6.0,impressora,700.0,1244.0,2019-09-08,0,21.0,83.0
874,5,10,2019-08-19,875.0,Luís Pereira,M,10/26/1987,6.0,Recife,,,,1245.0,2019-08-22,0,3.0,39.0
541,7,3,2019-08-19,542.0,Nicole Barbosa,F,3/23/1935,8.0,Brasília,4.0,laptop gamer,5300.0,1246.0,2019-09-30,0,42.0,91.0
496,2,3,2019-08-19,497.0,Leonardo Ribeiro,M,9/10/1942,3.0,Curitiba,4.0,laptop gamer,5300.0,1247.0,2019-09-20,0,32.0,84.0
176,7,6,2019-08-20,177.0,Bianca Pinto,F,5/4/1994,8.0,Brasília,7.0,carregador,150.0,1248.0,2019-08-27,0,7.0,32.0
476,7,3,2019-08-20,477.0,Raissa Oliveira,F,3/5/1990,8.0,Brasília,4.0,laptop gamer,5300.0,1249.0,2019-09-02,0,13.0,36.0
34,7,2,2019-08-20,35.0,Luiza Melo,F,10/23/1985,8.0,Brasília,3.0,laptop básico,2300.0,1250.0,2019-09-12,0,23.0,41.0
212,10,4,2019-08-23,213.0,Emilly Rocha,F,3/19/1990,,,5.0,monitor,1500.0,1251.0,2019-09-29,0,37.0,36.0
374,2,7,2019-08-23,375.0,Renan Melo,M,12/10/1998,3.0,Curitiba,8.0,cadeira,540.0,1252.0,2019-09-24,0,32.0,28.0
87,7,3,2019-08-23,88.0,Mariana Cardoso,F,9/11/1943,8.0,Brasília,4.0,laptop gamer,5300.0,1253.0,2019-08-30,0,7.0,83.0
120,8,3,2019-08-23,121.0,André Ferreira,M,9/17/1939,9.0,Palmas,4.0,laptop gamer,5300.0,1254.0,2019-10-03,0,41.0,87.0
907,2,7,2019-08-23,908.0,Amanda Lima,F,3/18/1941,3.0,Curitiba,8.0,cadeira,540.0,,,1,,85.0
815,2,3,2019-08-23,816.0,Julian Martins,M,11/6/1998,3.0,Curitiba,4.0,laptop gamer,5300.0,1255.0,2019-09-25,0,33.0,28.0
990,2,3,2019-08-24,991.0,Diogo Melo,M,7/24/2001,3.0,Curitiba,4.0,laptop gamer,5300.0,,,1,,25.0
918,2,3,2019-08-24,919.0,José Cardoso,M,6/25/1996,3.0,Curitiba,4.0,laptop gamer,5300.0,,,1,,30.0
210,7,3,2019-08-24,211.0,Matilde Alves,F,7/9/1984,8.0,Brasília,4.0,laptop gamer,5300.0,1256.0,2019-09-21,0,28.0,42.0
868,2,4,2019-08-24,869.0,Eduarda Costa,F,10/15/1937,3.0,Curitiba,5.0,monitor,1500.0,,,1,,89.0
951,1,3,2019-08-24,952.0,Amanda Fernandes,F,7/27/1997,2.0,Rio de Janeiro,4.0,laptop gamer,5300.0,1257.0,2019-09-15,0,22.0,29.0
210,2,3,2019-08-24,211.0,Matilde Alves,F,7/9/1984,3.0,Curitiba,4.0,laptop gamer,5300.0,1258.0,2019-09-01,0,8.0,42.0
370,1,3,2019-08-25,371.0,Gustavo Castro,M,2/18/1965,2.0,Rio de Janeiro,4.0,laptop gamer,5300.0,1259.0,2019-09-13,0,19.0,61.0
401,2,2,2019-08-25,402.0,Clara Melo,F,2/12/1959,3.0,Curitiba,3.0,laptop básico,2300.0,1260.0,2019-08-31,0,6.0,67.0
869,10,7,2019-08-25,870.0,Pedro Correia,M,3/13/1974,,,8.0,cadeira,540.0,1261.0,2019-09-20,0,26.0,52.0
436,2,9,2019-08-25,437.0,Carla Araujo,F,9/13/2000,3.0,Curitiba,10.0,xxx-231a,3.2113519999999998,,,1,,26.0
729,2,2,2019-08-25,730.0,Erick Ferreira,M,6/5/1945,3.0,Curitiba,3.0,laptop básico,2300.0,,,1,,81.0
55,6,3,2019-08-25,56.0,Rafael Santos,M,8/1/1948,7.0,Salvador,4.0,laptop gamer,5300.0,1262.0,2019-09-19,0,25.0,78.0
840,2,3,2019-08-25,841.0,Brenda Melo,F,4/17/2003,3.0,Curitiba,4.0,laptop gamer,5300.0,1263.0,2019-09-10,0,16.0,23.0
29,2,9,2019-08-25,30.0,Mariana Cavalcanti,F,8/24/1941,3.0,Curitiba,10.0,xxx-231a,3.2113519999999998,1264.0,2019-10-04,0,40.0,85.0
480,9,3,2019-08-25,481.0,Joao Azevedo,M,9/9/1941,10.0,Vitória,4.0,laptop gamer,5300.0,1265.0,2019-09-08,0,14.0,85.0
644,10,6,2019-08-25,645.0,Emilly Rodrigues,F,6/18/1990,,,7.0,carregador,150.0,1266.0,2019-09-17,0,23.0,36.0
763,6,10,2019-08-25,764.0,João Rocha,M,10/17/1937,7.0,Salvador,,,,1267.0,2019-08-28,0,3.0,89.0
261,6,8,2019-08-25,262.0,Bianca Oliveira,F,7/6/1948,7.0,Salvador,9.0,mesa,860.0,1268.0,2019-10-06,0,42.0,78.0
648,5,6,2019-08-26,649.0,Daniel Carvalho,M,8/28/1968,6.0,Recife,7.0,carregador,150.0,1269.0,2019-09-10,0,15.0,58.0
340,7,3,2019-08-26,341.0,Kauan Rodrigues,M,9/20/1984,8.0,Brasília,4.0,laptop gamer,5300.0,1270.0,2019-09-13,0,18.0,42.0
597,2,2,2019-08-26,598.0,Fábio Cavalcanti,M,6/29/1985,3.0,Curitiba,3.0,laptop básico,2300.0,1271.0,2019-09-06,0,11.0,41.0
593,2,3,2019-08-28,594.0,Bruno Almeida,M,9/6/1935,3.0,Curitiba,4.0,laptop gamer,5300.0,1272.0,2019-09-10,0,13.0,91.0
485,6,3,2019-08-28,486.0,Bruna Cunha,F,12/30/1979,7.0,Salvador,4.0,laptop gamer,5300.0,1273.0,2019-09-17,0,20.0,47.0
548,2,3,2019-08-28,549.0,Daniel Sousa,M,1/9/1946,3.0,Curitiba,4.0,laptop gamer,5300.0,,,1,,80.0
943,1,3,2019-08-29,944.0,Igor Santos,M,2/15/1975,2.0,Rio de Janeiro,4.0,laptop gamer,5300.0,1274.0,2019-10-09,0,41.0,51.0
714,8,2,2019-08-29,715.0,Rafael Santos,M,5/15/1967,9.0,Palmas,3.0,laptop básico,2300.0,1275.0,2019-10-04,0,36.0,59.0
412,2,3,2019-08-29,413.0,Antônio Souza,M,11/23/1936,3.0,Curitiba,4.0,laptop gamer,5300.0,,,1,,90.0
296,9,8,2019-08-29,297.0,Kauê Oliveira,M,3/8/1956,10.0,Vitória,9.0,mesa,860.0,1276.0,2019-10-13,0,45.0,70.0
199,2,6,2019-08-29,200.0,Fernanda Alves,F,1/4/1960,3.0,Curitiba,7.0,carregador,150.0,1277.0,2019-10-02,0,34.0,66.0
861,2,2,2019-08-29,862.0,Daniel Gomes,M,8/2/1952,3.0,Curitiba,3.0,laptop básico,2300.0,1278.0,2019-09-19,0,21.0,74.0
308,10,3,2019-08-30,309.0,Diego Correia,M,9/17/1958,,,4.0,laptop gamer,5300.0,1279.0,2019-10-13,0,44.0,68.0
879,4,9,2019-08-30,880.0,Ágatha Azevedo,F,7/23/1981,5.0,Santa Catarina,10.0,xxx-231a,3.2113519999999998,,,1,,45.0
355,10,10,2019-08-30,356.0,Isabela Lima,F,2/9/1953,,,,,,1280.0,2019-09-22,0,23.0,73.0
431,4,2,2019-08-31,432.0,André Santos,M,6/25/1988,5.0,Santa Catarina,3.0,laptop básico,2300.0,1281.0,2019-09-14,0,14.0,38.0
775,9,3,2019-08-31,776.0,Eduarda Melo,F,3/31/1976,10.0,Vitória,4.0,laptop gamer,5300.0,1282.0,2019-09-22,0,22.0,50.0
337,7,3,2019-08-31,338.0,Mariana Rodrigues,F,6/2/2001,8.0,Brasília,4.0,laptop gamer,5300.0,1283.0,2019-09-13,0,13.0,25.0
961,9,3,2019-09-02,962.0,Nicole Ferreira,F,5/10/1950,10.0,Vitória,4.0,laptop gamer,5300.0,1284.0,2019-09-05,0,3.0,76.0
521,4,4,2019-09-02,522.0,Bianca Martins,F,10/12/1938,5.0,Santa Catarina,5.0,monitor,1500.0,,,1,,88.0
327,6,3,2019-09-02,328.0,Julieta Sousa,F,8/12/1952,7.0,Salvador,4.0,laptop gamer,5300.0,1285.0,2019-09-12,0,10.0,74.0
431,1,3,2019-09-03,432.0,André Santos,M,6/25/1988,2.0,Rio de Janeiro,4.0,laptop gamer,5300.0,1286.0,2019-09-28,0,25.0,38.0
137,2,8,2019-09-03,138.0,Alex Ferreira,M,2/4/1968,3.0,Curitiba,9.0,mesa,860.0,,,1,,58.0
166,3,1,2019-09-03,167.0,Joao Martins,M,8/30/1998,4.0,Belo Horizonte,2.0,teclado,30.0,,,1,,28.0
250,9,3,2019-09-03,251.0,Anna Dias,F,6/13/2003,10.0,Vitória,4.0,laptop gamer,5300.0,1287.0,2019-10-17,0,44.0,23.0
427,2,3,2019-09-03,428.0,Leonardo Dias,M,7/7/1959,3.0,Curitiba,4.0,laptop gamer,5300.0,,,1,,67.0
870,10,9,2019-09-03,871.0,Julian Oliveira,M,6/9/1951,,,10.0,xxx-231a,3.2113519999999998,1288.0,2019-09-09,0,6.0,75.0
482,4,3,2019-09-04,483.0,Enzo Goncalves,M,6/1/1938,5.0,Santa Catarina,4.0,laptop gamer,5300.0,1289.0,2019-09-10,0,6.0,88.0
210,2,3,2019-09-04,211.0,Matilde Alves,F,7/9/1984,3.0,Curitiba,4.0,laptop gamer,5300.0,1290.0,2019-09-28,0,24.0,42.0
236,10,8,2019-09-04,237.0,Guilherme Dias,M,7/2/2002,,,9.0,mesa,860.0,1291.0,2019-09-15,0,11.0,24.0
280,2,3,2019-09-04,281.0,Giovana Cavalcanti,F,8/30/1972,3.0,Curitiba,4.0,laptop gamer,5300.0,1292.0,2019-10-13,0,39.0,54.0
325,7,6,2019-09-04,326.0,Gabrielly Alves,F,7/7/1981,8.0,Brasília,7.0,carregador,150.0,1293.0,2019-10-17,0,43.0,45.0
938,2,6,2019-09-04,939.0,Amanda Martins,F,7/7/1958,3.0,Curitiba,7.0,carregador,150.0,1294.0,2019-09-11,0,7.0,68.0
711,2,6,2019-09-08,712.0,Mateus Almeida,M,4/16/1949,3.0,Curitiba,7.0,carregador,150.0,,,1,,77.0
789,9,6,2019-09-08,790.0,Larissa Sousa,F,12/20/2002,10.0,Vitória,7.0,carregador,150.0,1295.0,2019-09-15,0,7.0,24.0
140,1,4,2019-09-08,141.0,Luís Cunha,M,3/12/1941,2.0,Rio de Janeiro,5.0,monitor,1500.0,1296.0,2019-09-12,0,4.0,85.0
477,4,3,2019-09-09,478.0,Matilde Souza,F,5/25/1995,5.0,Santa Catarina,4.0,laptop gamer,5300.0,1297.0,2019-10-18,0,39.0,31.0
169,2,1,2019-09-09,170.0,Lara Barbosa,F,1/8/1984,3.0,Curitiba,2.0,teclado,30.0,,,1,,42.0
649,5,3,2019-09-09,650.0,Kaua Costa,M,3/12/1954,6.0,Recife,4.0,laptop gamer,5300.0,1298.0,2019-09-23,0,14.0,72.0
756,2,2,2019-09-12,757.0,Otávio Santos,M,5/7/1953,3.0,Curitiba,3.0,laptop básico,2300.0,1299.0,2019-10-17,0,35.0,73.0
932,2,3,2019-09-12,933.0,Bruna Cunha,F,9/11/1978,3.0,Curitiba,4.0,laptop gamer,5300.0,1300.0,2019-10-05,0,23.0,48.0
189,7,10,2019-09-12,190.0,Carolina Dias,F,11/3/1976,8.0,Brasília,,,,1301.0,2019-09-30,0,18.0,50.0
673,8,3,2019-09-13,674.0,Luiza Lima,F,8/12/1985,9.0,Palmas,4.0,laptop gamer,5300.0,1302.0,2019-10-06,0,23.0,41.0
509,2,3,2019-09-13,510.0,Julieta Barros,F,6/17/1989,3.0,Curitiba,4.0,laptop gamer,5300.0,,,1,,37.0
501,2,5,2019-09-13,502.0,Eduarda Costa,F,2/20/1958,3.0,Curitiba,6.0,impressora,700.0,1303.0,2019-09-18,0,5.0,68.0
170,9,3,2019-09-14,171.0,Isabella Carvalho,F,6/7/1980,10.0,Vitória,4.0,laptop gamer,5300.0,1304.0,2019-10-28,0,44.0,46.0
491,8,9,2019-09-14,492.0,Vinicius Sousa,M,1/5/2003,9.0,Palmas,10.0,xxx-231a,3.2113519999999998,,,1,,23.0
901,6,3,2019-09-14,902.0,Clara Gomes,F,7/6/1935,7.0,Salvador,4.0,laptop gamer,5300.0,1305.0,2019-09-30,0,16.0,91.0
294,4,3,2019-09-14,295.0,Tiago Lima,o,7/26/1973,5.0,Santa Catarina,4.0,laptop gamer,5300.0,1306.0,2019-09-18,0,4.0,53.0
766,3,3,2019-09-14,767.0,Lara Alves,F,3/1/1980,4.0,Belo Horizonte,4.0,laptop gamer,5300.0,1307.0,2019-09-15,0,1.0,46.0
302,2,5,2019-09-14,303.0,Clara Costa,F,4/18/1941,3.0,Curitiba,6.0,impressora,700.0,1308.0,2019-10-04,0,20.0,85.0
222,1,3,2019-09-15,223.0,Martim Carvalho,M,7/21/1965,2.0,Rio de Janeiro,4.0,laptop gamer,5300.0,1309.0,2019-10-13,0,28.0,61.0
91,2,10,2019-09-15,92.0,Danilo Silva,M,11/9/1998,3.0,Curitiba,,,,1310.0,2019-10-04,0,19.0,28.0
314,6,3,2019-09-15,315.0,Caio Ferreira,M,4/6/1991,7.0,Salvador,4.0,laptop gamer,5300.0,1311.0,2019-10-29,0,44.0,35.0
874,8,3,2019-09-18,875.0,Luís Pereira,M,10/26/1987,9.0,Palmas,4.0,laptop gamer,5300.0,1312.0,2019-10-05,0,17.0,39.0
611,2,3,2019-09-18,612.0,Vitor Costa,M,6/21/1989,3.0,Curitiba,4.0,laptop gamer,5300.0,,,1,,37.0
528,2,9,2019-09-18,529.0,Giovanna Barros,F,12/24/1984,3.0,Curitiba,10.0,xxx-231a,3.2113519999999998,1313.0,2019-10-06,0,18.0,42.0
509,2,3,2019-09-19,510.0,Julieta Barros,F,6/17/1989,3.0,Curitiba,4.0,laptop gamer,5300.0,,,1,,37.0
757,1,2,2019-09-19,758.0,Carlos Almeida,M,3/10/1989,2.0,Rio de Janeiro,3.0,laptop básico,2300.0,,,1,,37.0
810,4,7,2019-09-19,811.0,Beatriz Pinto,F,12/11/1957,5.0,Santa Catarina,8.0,cadeira,540.0,1314.0,2019-10-17,0,28.0,69.0
737,4,3,2019-09-20,738.0,Alice Pereira,F,2/28/1986,5.0,Santa Catarina,4.0,laptop gamer,5300.0,1315.0,2019-10-25,0,35.0,40.0
943,2,1,2019-09-20,944.0,Igor Santos,M,2/15/1975,3.0,Curitiba,2.0,teclado,30.0,1316.0,2019-09-26,0,6.0,51.0
302,6,3,2019-09-20,303.0,Clara Costa,F,4/18/1941,7.0,Salvador,4.0,laptop gamer,5300.0,1317.0,2019-10-15,0,25.0,85.0
195,2,3,2019-09-21,196.0,Tânia Pereira,F,7/10/1986,3.0,Curitiba,4.0,laptop gamer,5300.0,1318.0,2019-10-29,0,38.0,40.0
395,10,4,2019-09-21,396.0,Gabriela Santos,F,4/27/2000,,,5.0,monitor,1500.0,1319.0,2019-10-23,0,32.0,26.0
479,2,3,2019-09-21,480.0,Paulo Rocha,M,7/8/1965,3.0,Curitiba,4.0,laptop gamer,5300.0,1320.0,2019-10-12,0,21.0,61.0
144,6,5,2019-09-22,145.0,Luan Goncalves,M,10/19/1940,7.0,Salvador,6.0,impressora,700.0,1321.0,2019-10-18,0,26.0,86.0
562,6,7,2019-09-22,563.0,Yasmin Sousa,F,4/28/1981,7.0,Salvador,8.0,cadeira,540.0,1322.0,2019-09-23,0,1.0,45.0
548,8,3,2019-09-22,549.0,Daniel Sousa,M,1/9/1946,9.0,Palmas,4.0,laptop gamer,5300.0,1323.0,2019-10-29,0,37.0,80.0
269,2,3,2019-09-22,270.0,sem nome,M,1/1/2020,3.0,Curitiba,4.0,laptop gamer,5300.0,,,1,,6.0
669,2,3,2019-09-22,670.0,Tiago Cardoso,M,10/4/1955,3.0,Curitiba,4.0,laptop gamer,5300.0,1324.0,2019-10-31,0,39.0,71.0
720,2,3,2019-09-22,721.0,Clara Rodrigues,F,11/7/1999,3.0,Curitiba,4.0,laptop gamer,5300.0,,,1,,27.0
646,2,2,2019-09-22,647.0,Mariana Araujo,F,12/21/1984,3.0,Curitiba,3.0,laptop básico,2300.0,1325.0,2019-10-06,0,14.0,42.0
194,5,3,2019-09-22,195.0,Carlos Barros,M,6/3/1952,6.0,Recife,4.0,laptop gamer,5300.0,1326.0,2019-09-27,0,5.0,74.0
731,9,3,2019-09-22,732.0,Bruna Cunha,F,3/18/1950,10.0,Vitória,4.0,laptop gamer,5300.0,1327.0,2019-10-26,0,34.0,76.0
210,9,10,2019-09-24,211.0,Matilde Alves,F,7/9/1984,10.0,Vitória,,,,1328.0,2019-10-03,0,9.0,42.0
466,1,3,2019-09-24,467.0,Lavinia Cunha,F,8/10/1964,2.0,Rio de Janeiro,4.0,laptop gamer,5300.0,1329.0,2019-09-29,0,5.0,62.0
199,2,3,2019-09-24,200.0,Fernanda Alves,F,1/4/1960,3.0,Curitiba,4.0,laptop gamer,5300.0,1330.0,2019-10-23,0,29.0,66.0
490,3,3,2019-09-25,491.0,Nicolash Ribeiro,M,7/26/1961,4.0,Belo Horizonte,4.0,laptop gamer,5300.0,1331.0,2019-10-22,0,27.0,65.0
263,2,9,2019-09-25,264.0,sem nome,F,7/29/1997,3.0,Curitiba,10.0,xxx-231a,3.2113519999999998,,,1,,29.0
722,2,4,2019-09-25,723.0,Evelyn Costa,F,6/26/1975,3.0,Curitiba,5.0,monitor,1500.0,1332.0,2019-10-09,0,14.0,51.0
865,5,3,2019-09-25,866.0,Beatriz Sousa,F,7/3/1942,6.0,Recife,4.0,laptop gamer,5300.0,1333.0,2019-10-29,0,34.0,84.0
164,1,3,2019-09-25,165.0,Emilly Rocha,F,10/1/1944,2.0,Rio de Janeiro,4.0,laptop gamer,5300.0,1334.0,2019-11-04,0,40.0,82.0
679,9,3,2019-09-25,680.0,Julia Goncalves,F,8/22/1979,10.0,Vitória,4.0,laptop gamer,5300.0,1335.0,2019-09-26,0,1.0,47.0
178,2,3,2019-09-26,179.0,Alex Melo,M,2/4/1983,3.0,Curitiba,4.0,laptop gamer,5300.0,,,1,,43.0
529,5,3,2019-09-26,530.0,Beatrice Correia,F,3/19/1981,6.0,Recife,4.0,laptop gamer,5300.0,,,1,,45.0
130,2,3,2019-09-26,131.0,Enzo Souza,M,8/8/1998,3.0,Curitiba,4.0,laptop gamer,5300.0,1336.0,2019-10-17,0,21.0,28.0
272,2,6,2019-09-27,273.0,Vitoria Rodrigues,F,1/3/1997,3.0,Curitiba,7.0,carregador,150.0,,,1,,29.0
335,5,3,2019-09-27,336.0,Matilde Pereira,F,10/6/1940,6.0,Recife,4.0,laptop gamer,5300.0,1337.0,2019-11-01,0,35.0,86.0
615,2,4,2019-09-27,616.0,Raissa Almeida,F,11/7/1989,3.0,Curitiba,5.0,monitor,1500.0,1338.0,2019-10-29,0,32.0,37.0
248,6,3,2019-09-27,249.0,Leonardo Barros,M,3/24/1960,7.0,Salvador,4.0,laptop gamer,5300.0,1339.0,2019-10-22,0,25.0,66.0
248,2,9,2019-09-27,249.0,Leonardo Barros,M,3/24/1960,3.0,Curitiba,10.0,xxx-231a,3.2113519999999998,,,1,,66.0
597,2,6,2019-09-27,598.0,Fábio Cavalcanti,M,6/29/1985,3.0,Curitiba,7.0,carregador,150.0,,,1,,41.0
227,2,3,2019-10-01,228.0,Kauê Correia,M,4/4/1981,3.0,Curitiba,4.0,laptop gamer,5300.0,,,1,,45.0
420,6,6,2019-10-01,421.0,Igor Cardoso,M,9/1/1998,7.0,Salvador,7.0,carregador,150.0,1340.0,2019-10-29,0,28.0,28.0
35,2,8,2019-10-01,36.0,Felipe Azevedo,M,10/13/1964,3.0,Curitiba,9.0,mesa,860.0,1341.0,2019-10-31,0,30.0,62.0
300,2,9,2019-10-03,301.0,Gabrielly Rocha,F,5/23/1961,3.0,Curitiba,10.0,xxx-231a,3.2113519999999998,,,1,,65.0
216,2,3,2019-10-03,217.0,Rafaela Almeida,F,7/25/2003,3.0,Curitiba,4.0,laptop gamer,5300.0,,,1,,23.0
105,2,3,2019-10-03,106.0,Laura Araujo,F,4/18/1974,3.0,Curitiba,4.0,laptop gamer,5300.0,,,1,,52.0
34,1,3,2019-10-04,35.0,Luiza Melo,F,10/23/1985,2.0,Rio de Janeiro,4.0,laptop gamer,5300.0,1342.0,2019-10-11,0,7.0,41.0
378,8,2,2019-10-04,379.0,Marina Ribeiro,F,10/7/1997,9.0,Palmas,3.0,laptop básico,2300.0,,,1,,29.0
837,8,3,2019-10-04,838.0,Júlio Martins,M,7/7/1960,9.0,Palmas,4.0,laptop gamer,5300.0,1343.0,2019-11-16,0,43.0,66.0
451,4,7,2019-10-04,452.0,Laura Azevedo,F,2/10/1959,5.0,Santa Catarina,8.0,cadeira,540.0,1344.0,2019-10-21,0,17.0,67.0
57,2,3,2019-10-04,58.0,Rodrigo Souza,M,12/30/1999,3.0,Curitiba,4.0,laptop gamer,5300.0,,,1,,27.0
336,3,3,2019-10-04,337.0,Manuela Castro,F,4/17/1960,4.0,Belo Horizonte,4.0,laptop gamer,5300.0,,,1,,66.0
524,2,7,2019-10-04,525.0,Lucas Carvalho,M,6/17/1993,3.0,Curitiba,8.0,cadeira,540.0,,,1,,33.0
184,8,7,2019-10-04,185.0,Sofia Silva,F,5/26/1955,9.0,Palmas,8.0,cadeira,540.0,1345.0,2019-10-29,0,25.0,71.0
218,2,5,2019-10-04,219.0,Douglas Rocha,M,1/10/1952,3.0,Curitiba,6.0,impressora,700.0,,,1,,74.0
652,5,10,2019-10-05,653.0,Tomás Melo,M,5/3/1941,6.0,Recife,,,,1346.0,2019-10-09,0,4.0,85.0
930,8,2,2019-10-05,931.0,Antônio Barbosa,M,4/9/1949,9.0,Palmas,3.0,laptop básico,2300.0,1347.0,2019-11-06,0,32.0,77.0
692,3,3,2019-10-05,693.0,Raissa Barbosa,F,6/20/1994,4.0,Belo Horizonte,4.0,laptop gamer,5300.0,1348.0,2019-10-06,0,1.0,32.0
581,9,4,2019-10-06,582.0,Vitor Correia,M,12/18/1951,10.0,Vitória,5.0,monitor,1500.0,1349.0,2019-10-20,0,14.0,75.0
999,2,8,2019-10-06,1000.0,Gustavo Barbosa,M,12/30/1975,3.0,Curitiba,9.0,mesa,860.0,1350.0,2019-11-17,0,42.0,51.0
130,9,8,2019-10-06,131.0,Enzo Souza,M,8/8/1998,10.0,Vitória,9.0,mesa,860.0,1351.0,2019-11-08,0,33.0,28.0
310,5,1,2019-10-06,311.0,Daniel Souza,M,2/16/1978,6.0,Recife,2.0,teclado,30.0,1352.0,2019-10-26,0,20.0,48.0
777,3,4,2019-10-06,778.0,Sofia Barbosa,F,4/21/1955,4.0,Belo Horizonte,5.0,monitor,1500.0,,,1,,71.0
195,8,4,2019-10-06,196.0,Tânia Pereira,F,7/10/1986,9.0,Palmas,5.0,monitor,1500.0,,,1,,40.0
722,2,2,2019-10-08,723.0,Evelyn Costa,F,6/26/1975,3.0,Curitiba,3.0,laptop básico,2300.0,,,1,,51.0
94,8,4,2019-10-08,95.0,Fábio Correia,M,9/10/1996,9.0,Palmas,5.0,monitor,1500.0,1353.0,2019-10-10,0,2.0,30.0
977,8,3,2019-10-08,978.0,Enzo Lima,M,8/17/2000,9.0,Palmas,4.0,laptop gamer,5300.0,1354.0,2019-11-09,0,32.0,26.0
513,2,3,2019-10-09,514.0,Joao Souza,M,10/14/1939,3.0,Curitiba,4.0,laptop gamer,5300.0,1355.0,2019-11-07,0,29.0,87.0
625,6,2,2019-10-09,626.0,Yasmin Silva,F,8/17/1954,7.0,Salvador,3.0,laptop básico,2300.0,1356.0,2019-10-23,0,14.0,72.0
589,2,2,2019-10-09,590.0,Samuel Carvalho,M,5/22/1995,3.0,Curitiba,3.0,laptop básico,2300.0,,,1,,31.0
621,9,3,2019-10-09,622.0,Luis Almeida,M,9/28/1973,10.0,Vitória,4.0,laptop gamer,5300.0,1357.0,2019-10-30,0,21.0,53.0
578,4,3,2019-10-09,579.0,Nicole Ferreira,F,11/3/1979,5.0,Santa Catarina,4.0,laptop gamer,5300.0,1358.0,2019-11-11,0,33.0,47.0
990,10,9,2019-10-09,991.0,Diogo Melo,M,7/24/2001,,,10.0,xxx-231a,3.2113519999999998,1359.0,2019-10-23,0,14.0,25.0
796,2,7,2019-10-11,797.0,Miguel Barros,M,11/2/1942,3.0,Curitiba,8.0,cadeira,540.0,,,1,,84.0
85,10,2,2019-10-11,86.0,Guilherme Castro,M,11/15/1986,,,3.0,laptop básico,2300.0,1360.0,2019-10-15,0,4.0,40.0
986,7,3,2019-10-11,987.0,Beatriz Cardoso,F,7/17/1984,8.0,Brasília,4.0,laptop gamer,5300.0,1361.0,2019-10-29,0,18.0,42.0
741,4,9,2019-10-11,742.0,João Costa,M,1/26/2001,5.0,Santa Catarina,10.0,xxx-231a,3.2113519999999998,1362.0,2019-11-11,0,31.0,25.0
672,2,3,2019-10-11,673.0,Sophia Martins,F,1/25/1979,3.0,Curitiba,4.0,laptop gamer,5300.0,,,1,,47.0
806,10,10,2019-10-11,807.0,Murilo Almeida,M,3/6/2000,,,,,,1363.0,2019-10-31,0,20.0,26.0
189,6,2,2019-10-13,190.0,Carolina Dias,F,11/3/1976,7.0,Salvador,3.0,laptop básico,2300.0,1364.0,2019-11-04,0,22.0,50.0
374,2,10,2019-10-13,375.0,Renan Melo,M,12/10/1998,3.0,Curitiba,,,,,,1,,28.0
253,2,3,2019-10-13,254.0,Davi Santos,M,3/2/1997,3.0,Curitiba,4.0,laptop gamer,5300.0,,,1,,29.0
483,2,9,2019-10-14,484.0,Vinícius Alves,M,9/23/1948,3.0,Curitiba,10.0,xxx-231a,3.2113519999999998,,,1,,78.0
570,2,9,2019-10-14,571.0,Enzo Melo,M,7/8/1947,3.0,Curitiba,10.0,xxx-231a,3.2113519999999998,,,1,,79.0
146,2,6,2019-10-14,147.0,Gabriela Martins,F,5/29/1957,3.0,Curitiba,7.0,carregador,150.0,,,1,,69.0
670,1,9,2019-10-16,671.0,Ana Goncalves,F,10/31/1999,2.0,Rio de Janeiro,10.0,xxx-231a,3.2113519999999998,1365.0,2019-11-08,0,23.0,27.0
711,6,4,2019-10-16,712.0,Mateus Almeida,M,4/16/1949,7.0,Salvador,5.0,monitor,1500.0,1366.0,2019-11-05,0,20.0,77.0
556,2,7,2019-10-16,557.0,Sofia Azevedo,F,6/3/1981,3.0,Curitiba,8.0,cadeira,540.0,,,1,,45.0
302,5,4,2019-10-17,303.0,Clara Costa,F,4/18/1941,6.0,Recife,5.0,monitor,1500.0,,,1,,85.0
484,10,5,2019-10-17,485.0,Nicolash Goncalves,M,3/4/1952,,,6.0,impressora,700.0,1367.0,2019-10-28,0,11.0,74.0
610,6,5,2019-10-17,611.0,Gabrielle Barros,F,10/3/1983,7.0,Salvador,6.0,impressora,700.0,1368.0,2019-11-22,0,36.0,43.0
339,2,5,2019-10-19,340.0,Alex Azevedo,M,11/5/1962,3.0,Curitiba,6.0,impressora,700.0,1369.0,2019-11-23,0,35.0,64.0
7,2,2,2019-10-19,8.0,Gabrielly Almeida,F,7/14/1997,3.0,Curitiba,3.0,laptop básico,2300.0,,,1,,29.0
524,3,10,2019-10-19,525.0,Lucas Carvalho,M,6/17/1993,4.0,Belo Horizonte,,,,1370.0,2019-12-03,0,45.0,33.0
107,2,1,2019-10-21,108.0,Emily Ribeiro,F,7/5/1994,3.0,Curitiba,2.0,teclado,30.0,,,1,,32.0
22,10,8,2019-10-21,23.0,Gabrielly Castro,F,12/29/1980,,,9.0,mesa,860.0,1371.0,2019-11-17,0,27.0,46.0
199,1,3,2019-10-21,200.0,Fernanda Alves,F,1/4/1960,2.0,Rio de Janeiro,4.0,laptop gamer,5300.0,1372.0,2019-11-15,0,25.0,66.0
883,9,7,2019-10-22,884.0,Antônio Cardoso,M,10/1/1957,10.0,Vitória,8.0,cadeira,540.0,1373.0,2019-11-17,0,26.0,69.0
470,3,3,2019-10-22,471.0,Clara Silva,F,9/26/1942,4.0,Belo Horizonte,4.0,laptop gamer,5300.0,1374.0,2019-11-03,0,12.0,84.0
541,2,3,2019-10-22,542.0,Nicole Barbosa,F,3/23/1935,3.0,Curitiba,4.0,laptop gamer,5300.0,1375.0,2019-10-31,0,9.0,91.0
339,9,6,2019-10-23,340.0,Alex Azevedo,M,11/5/1962,10.0,Vitória,7.0,carregador,150.0,1376.0,2019-10-31,0,8.0,64.0
127,8,8,2019-10-23,128.0,José Silva,M,3/28/1978,9.0,Palmas,9.0,mesa,860.0,1377.0,2019-11-22,0,30.0,48.0
290,3,3,2019-10-23,291.0,Clara Pinto,o,12/25/1980,4.0,Belo Horizonte,4.0,laptop gamer,5300.0,1378.0,2019-10-26,0,3.0,46.0
616,8,3,2019-10-25,617.0,Cauã Lima,M,3/20/1957,9.0,Palmas,4.0,laptop gamer,5300.0,1379.0,2019-12-04,0,40.0,69.0
2,2,10,2019-10-25,3.0,Júlio Azevedo,M,11/4/1952,3.0,Curitiba,,,,,,1,,74.0
530,7,3,2019-10-25,531.0,Breno Silva,M,10/17/2002,8.0,Brasília,4.0,laptop gamer,5300.0,1380.0,2019-11-26,0,32.0,24.0
656,2,6,2019-10-28,657.0,Julieta Almeida,F,2/27/1971,3.0,Curitiba,7.0,carregador,150.0,,,1,,55.0
200,7,4,2019-10-28,201.0,Matilde Cavalcanti,F,1/9/1986,8.0,Brasília,5.0,monitor,1500.0,,,1,,40.0
195,8,10,2019-10-28,196.0,Tânia Pereira,F,7/10/1986,9.0,Palmas,,,,1381.0,2019-11-26,0,29.0,40.0
678,5,6,2019-10-29,679.0,Beatriz Barbosa,F,12/25/1984,6.0,Recife,7.0,carregador,150.0,1382.0,2019-11-05,0,7.0,42.0
764,7,3,2019-10-29,765.0,Victor Alves,M,6/21/1961,8.0,Brasília,4.0,laptop gamer,5300.0,1383.0,2019-11-06,0,8.0,65.0
667,3,3,2019-10-29,668.0,Breno Pinto,M,6/26/1996,4.0,Belo Horizonte,4.0,laptop gamer,5300.0,1384.0,2019-11-09,0,11.0,30.0
712,1,10,2019-10-30,713.0,José Souza,M,9/4/1960,2.0,Rio de Janeiro,,,,1385.0,2019-12-06,0,37.0,66.0
790,6,2,2019-10-30,791.0,Cauã Azevedo,M,2/28/1938,7.0,Salvador,3.0,laptop básico,2300.0,,,1,,88.0
661,9,9,2019-10-30,662.0,Laura Ribeiro,F,8/1/1960,10.0,Vitória,10.0,xxx-231a,3.2113519999999998,1386.0,2019-11-10,0,11.0,66.0
469,2,3,2019-10-31,470.0,Douglas Costa,M,12/27/1993,3.0,Curitiba,4.0,laptop gamer,5300.0,1387.0,2019-12-07,0,37.0,33.0
690,8,3,2019-10-31,691.0,Amanda Ribeiro,F,10/2/1952,9.0,Palmas,4.0,laptop gamer,5300.0,1388.0,2019-11-17,0,17.0,74.0
206,3,1,2019-10-31,207.0,Breno Barros,M,11/18/1976,4.0,Belo Horizonte,2.0,teclado,30.0,1389.0,2019-12-03,0,33.0,50.0
288,7,2,2019-10-31,289.0,Júlia Carvalho,F,8/16/1952,8.0,Brasília,3.0,laptop básico,2300.0,1390.0,2019-11-28,0,28.0,74.0
951,8,5,2019-10-31,952.0,Amanda Fernandes,F,7/27/1997,9.0,Palmas,6.0,impressora,700.0,1391.0,2019-12-06,0,36.0,29.0
858,3,9,2019-10-31,859.0,Giovanna Lima,F,1/14/1977,4.0,Belo Horizonte,10.0,xxx-231a,3.2113519999999998,1392.0,2019-11-24,0,24.0,49.0
273,9,5,2019-10-31,274.0,Gustavo Melo,M,9/24/1946,10.0,Vitória,6.0,impressora,700.0,1393.0,2019-11-30,0,30.0,80.0
634,7,3,2019-10-31,635.0,Danilo Silva,M,5/30/1966,8.0,Brasília,4.0,laptop gamer,5300.0,1394.0,2019-11-09,0,9.0,60.0
437,2,3,2019-10-31,438.0,Manuela Barbosa,F,11/6/1976,3.0,Curitiba,4.0,laptop gamer,5300.0,1395.0,2019-12-11,0,41.0,50.0
498,8,10,2019-10-31,499.0,Luís Carvalho,M,5/4/1969,9.0,Palmas,,,,1396.0,2019-11-13,0,13.0,57.0
425,2,7,2019-10-31,426.0,Sarah Sousa,F,6/13/1936,3.0,Curitiba,8.0,cadeira,540.0,,,1,,90.0
755,3,9,2019-10-31,756.0,Cauã Melo,M,1/1/1938,4.0,Belo Horizonte,10.0,xxx-231a,3.2113519999999998,1397.0,2019-11-17,0,17.0,88.0
515,7,7,2019-10-31,516.0,Emilly Martins,F,10/15/1955,8.0,Brasília,8.0,cadeira,540.0,1398.0,2019-11-16,0,16.0,71.0
300,4,4,2019-10-31,301.0,Gabrielly Rocha,F,5/23/1961,5.0,Santa Catarina,5.0,monitor,1500.0,,,1,,65.0
380,7,1,2019-10-31,381.0,Pedro Lima,M,10/25/1966,8.0,Brasília,2.0,teclado,30.0,1399.0,2019-11-16,0,16.0,60.0
641,6,3,2019-11-03,642.0,Kauê Cunha,M,4/1/1948,7.0,Salvador,4.0,laptop gamer,5300.0,1400.0,2019-12-01,0,28.0,78.0
57,2,4,2019-11-03,58.0,Rodrigo Souza,M,12/30/1999,3.0,Curitiba,5.0,monitor,1500.0,,,1,,27.0
762,3,3,2019-11-03,763.0,Manuela Gomes,F,6/29/1961,4.0,Belo Horizonte,4.0,laptop gamer,5300.0,1401.0,2019-11-30,0,27.0,65.0
1000,2,3,2019-11-06,,,,,3.0,Curitiba,4.0,laptop gamer,5300.0,,,1,,
621,8,3,2019-11-06,622.0,Luis Almeida,M,9/28/1973,9.0,Palmas,4.0,laptop gamer,5300.0,1402.0,2019-11-23,0,17.0,53.0
417,3,4,2019-11-06,418.0,Kauan Ferreira,M,7/11/1950,4.0,Belo Horizonte,5.0,monitor,1500.0,,,1,,76.0
184,2,9,2019-11-08,185.0,Sofia Silva,F,5/26/1955,3.0,Curitiba,10.0,xxx-231a,3.2113519999999998,,,1,,71.0
769,5,3,2019-11-08,770.0,Beatrice Castro,F,6/25/1944,6.0,Recife,4.0,laptop gamer,5300.0,1403.0,2019-11-09,0,1.0,82.0
264,6,3,2019-11-08,265.0,sem nome,M,2/7/1979,7.0,Salvador,4.0,laptop gamer,5300.0,1404.0,2019-12-13,0,35.0,47.0
365,7,5,2019-11-10,366.0,Marcos Rodrigues,M,8/18/1965,8.0,Brasília,6.0,impressora,700.0,1405.0,2019-12-09,0,29.0,61.0
29,8,7,2019-11-10,30.0,Mariana Cavalcanti,F,8/24/1941,9.0,Palmas,8.0,cadeira,540.0,1406.0,2019-12-17,0,37.0,85.0
947,2,1,2019-11-10,948.0,Victor Pinto,M,8/12/1999,3.0,Curitiba,2.0,teclado,30.0,1407.0,2019-11-22,0,12.0,27.0
822,7,3,2019-11-11,823.0,Martim Castro,M,1/21/1955,8.0,Brasília,4.0,laptop gamer,5300.0,1408.0,2019-12-08,0,27.0,71.0
582,3,6,2019-11-11,583.0,Vinicius Cavalcanti,M,12/29/1981,4.0,Belo Horizonte,7.0,carregador,150.0,1409.0,2019-11-15,0,4.0,45.0
912,8,8,2019-11-11,913.0,Vitor Martins,M,9/21/1941,9.0,Palmas,9.0,mesa,860.0,1410.0,2019-12-26,0,45.0,85.0
285,2,2,2019-11-14,286.0,Kai Cavalcanti,M,6/11/1952,3.0,Curitiba,3.0,laptop básico,2300.0,,,1,,74.0
315,1,3,2019-11-14,316.0,Larissa Costa,F,9/16/1949,2.0,Rio de Janeiro,4.0,laptop gamer,5300.0,,,1,,77.0
545,8,5,2019-11-14,546.0,Clara Souza,F,11/19/1976,9.0,Palmas,6.0,impressora,700.0,,,1,,50.0
538,4,7,2019-11-15,539.0,Rodrigo Cavalcanti,M,12/2/1970,5.0,Santa Catarina,8.0,cadeira,540.0,1411.0,2019-11-23,0,8.0,56.0
34,6,3,2019-11-15,35.0,Luiza Melo,F,10/23/1985,7.0,Salvador,4.0,laptop gamer,5300.0,1412.0,2019-12-16,0,31.0,41.0
928,4,3,2019-11-15,929.0,Felipe Castro,M,7/2/1965,5.0,Santa Catarina,4.0,laptop gamer,5300.0,1413.0,2019-11-24,0,9.0,61.0
232,6,4,2019-11-17,233.0,Gabrielle Ferreira,F,5/27/1954,7.0,Salvador,5.0,monitor,1500.0,,,1,,72.0
587,6,1,2019-11-17,588.0,Luana Costa,F,1/5/1997,7.0,Salvador,2.0,teclado,30.0,1414.0,2019-12-24,0,37.0,29.0
768,2,3,2019-11-17,769.0,Rafaela Lima,F,4/7/1954,3.0,Curitiba,4.0,laptop gamer,5300.0,1415.0,2019-12-05,0,18.0,72.0
9,2,3,2019-11-17,10.0,Tomás Rodrigues,M,4/10/1935,3.0,Curitiba,4.0,laptop gamer,5300.0,1416.0,2019-12-06,0,19.0,91.0
261,10,9,2019-11-17,262.0,Bianca Oliveira,F,7/6/1948,,,10.0,xxx-231a,3.2113519999999998,,,1,,78.0
449,2,3,2019-11-17,450.0,Bruna Correia,F,9/15/1972,3.0,Curitiba,4.0,laptop gamer,5300.0,,,1,,54.0
303,2,7,2019-11-19,304.0,Amanda Santos,F,4/6/1980,3.0,Curitiba,8.0,cadeira,540.0,1417.0,2019-12-04,0,15.0,46.0
444,3,1,2019-11-19,445.0,Giovanna Rodrigues,F,8/20/1982,4.0,Belo Horizonte,2.0,teclado,30.0,1418.0,2019-11-21,0,2.0,44.0
858,10,5,2019-11-19,859.0,Giovanna Lima,F,1/14/1977,,,6.0,impressora,700.0,1419.0,2019-12-25,0,36.0,49.0
363,2,2,2019-11-20,364.0,Luiza Souza,F,8/27/1998,3.0,Curitiba,3.0,laptop básico,2300.0,,,1,,28.0
315,9,1,2019-11-20,316.0,Larissa Costa,F,9/16/1949,10.0,Vitória,2.0,teclado,30.0,1420.0,2020-01-02,0,43.0,77.0
228,5,3,2019-11-20,229.0,Kauê Ribeiro,M,5/8/1961,6.0,Recife,4.0,laptop gamer,5300.0,1421.0,2019-11-20,0,0.0,65.0
16,2,3,2019-11-21,17.0,Diego Carvalho,M,1/17/1957,3.0,Curitiba,4.0,laptop gamer,5300.0,,,1,,69.0
335,4,2,2019-11-21,336.0,Matilde Pereira,F,10/6/1940,5.0,Santa Catarina,3.0,laptop básico,2300.0,,,1,,86.0
502,4,2,2019-11-21,503.0,Samuel Araujo,M,8/19/1982,5.0,Santa Catarina,3.0,laptop básico,2300.0,1422.0,2020-01-01,0,41.0,44.0
839,8,5,2019-11-22,840.0,Maria Pinto,F,3/19/1981,9.0,Palmas,6.0,impressora,700.0,1423.0,2019-12-07,0,15.0,45.0
325,6,7,2019-11-22,326.0,Gabrielly Alves,F,7/7/1981,7.0,Salvador,8.0,cadeira,540.0,1424.0,2019-11-28,0,6.0,45.0
901,9,3,2019-11-22,902.0,Clara Gomes,F,7/6/1935,10.0,Vitória,4.0,laptop gamer,5300.0,1425.0,2019-12-15,0,23.0,91.0
620,2,3,2019-11-24,621.0,Gabrielle Santos,F,3/28/1983,3.0,Curitiba,4.0,laptop gamer,5300.0,,,1,,43.0
67,3,8,2019-11-24,68.0,Erick Ferreira,M,6/14/1973,4.0,Belo Horizonte,9.0,mesa,860.0,1426.0,2020-01-03,0,40.0,53.0
406,6,5,2019-11-24,407.0,Julian Costa,M,11/14/1966,7.0,Salvador,6.0,impressora,700.0,1427.0,2019-12-04,0,10.0,60.0
889,9,8,2019-11-25,890.0,Vitór Carvalho,M,6/24/1986,10.0,Vitória,9.0,mesa,860.0,1428.0,2019-12-12,0,17.0,40.0
859,10,1,2019-11-25,860.0,João Barros,M,1/15/1980,,,2.0,teclado,30.0,1429.0,2019-12-08,0,13.0,46.0
966,7,3,2019-11-25,967.0,Leonardo Silva,M,12/6/1997,8.0,Brasília,4.0,laptop gamer,5300.0,1430.0,2019-12-20,0,25.0,29.0
50,6,3,2019-11-25,51.0,Evelyn Castro,F,11/18/1936,7.0,Salvador,4.0,laptop gamer,5300.0,1431.0,2019-11-26,0,1.0,90.0
752,6,4,2019-11-25,753.0,Miguel Melo,M,8/15/1939,7.0,Salvador,5.0,monitor,1500.0,1432.0,2019-12-11,0,16.0,87.0
884,2,6,2019-11-25,885.0,Felipe Ribeiro,M,1/13/1935,3.0,Curitiba,7.0,carregador,150.0,,,1,,91.0
887,2,3,2019-11-25,888.0,Melissa Castro,F,5/15/2002,3.0,Curitiba,4.0,laptop gamer,5300.0,1433.0,2020-01-03,0,39.0,24.0
233,8,6,2019-11-25,234.0,Diego Goncalves,M,2/6/1941,9.0,Palmas,7.0,carregador,150.0,1434.0,2019-12-03,0,8.0,85.0
845,6,9,2019-11-25,846.0,Pedro Martins,M,3/18/1995,7.0,Salvador,10.0,xxx-231a,3.2113519999999998,1435.0,2019-12-16,0,21.0,31.0
195,9,9,2019-11-26,196.0,Tânia Pereira,F,7/10/1986,10.0,Vitória,10.0,xxx-231a,3.2113519999999998,1436.0,2019-11-26,0,0.0,40.0
969,1,6,2019-11-26,970.0,Danilo Santos,M,5/31/1983,2.0,Rio de Janeiro,7.0,carregador,150.0,1437.0,2020-01-10,0,45.0,43.0
77,2,3,2019-11-26,78.0,Leila Sousa,F,8/22/1988,3.0,Curitiba,4.0,laptop gamer,5300.0,1438.0,2019-12-17,0,21.0,38.0
163,2,8,2019-11-26,164.0,Giovanna Araujo,F,9/30/1994,3.0,Curitiba,9.0,mesa,860.0,1439.0,2020-01-03,0,38.0,32.0
394,4,7,2019-11-26,395.0,Kauã Dias,M,6/15/1964,5.0,Santa Catarina,8.0,cadeira,540.0,1440.0,2019-12-21,0,25.0,62.0
813,6,3,2019-11-26,814.0,Felipe Dias,M,3/29/1992,7.0,Salvador,4.0,laptop gamer,5300.0,1441.0,2020-01-03,0,38.0,34.0
119,8,3,2019-11-26,120.0,Sofia Souza,F,2/23/1945,9.0,Palmas,4.0,laptop gamer,5300.0,1442.0,2020-01-02,0,37.0,81.0
359,10,3,2019-11-26,360.0,Fernanda Rodrigues,F,4/25/1939,,,4.0,laptop gamer,5300.0,1443.0,2019-12-16,0,20.0,87.0
311,4,3,2019-11-26,312.0,Julian Araujo,M,10/5/1945,5.0,Santa Catarina,4.0,laptop gamer,5300.0,,,1,,81.0
471,3,3,2019-11-27,472.0,Melissa Silva,F,2/27/1972,4.0,Belo Horizonte,4.0,laptop gamer,5300.0,1444.0,2019-12-23,0,26.0,54.0
329,4,2,2019-11-27,330.0,Matilde Goncalves,F,11/1/1948,5.0,Santa Catarina,3.0,laptop básico,2300.0,,,1,,78.0
12,8,5,2019-11-27,13.0,Emilly Goncalves,F,9/12/1955,9.0,Palmas,6.0,impressora,700.0,1445.0,2019-12-19,0,22.0,71.0
714,3,10,2019-11-28,715.0,Rafael Santos,M,5/15/1967,4.0,Belo Horizonte,,,,1446.0,2019-12-19,0,21.0,59.0
19,3,3,2019-11-28,20.0,Kauan Barros,M,1/4/1963,4.0,Belo Horizonte,4.0,laptop gamer,5300.0,1447.0,2019-12-13,0,15.0,63.0
668,9,2,2019-11-28,669.0,Davi Fernandes,M,3/12/1947,10.0,Vitória,3.0,laptop básico,2300.0,1448.0,2020-01-02,0,35.0,79.0
722,1,5,2019-11-28,723.0,Evelyn Costa,F,6/26/1975,2.0,Rio de Janeiro,6.0,impressora,700.0,1449.0,2020-01-10,0,43.0,51.0
679,10,3,2019-11-28,680.0,Julia Goncalves,F,8/22/1979,,,4.0,laptop gamer,5300.0,1450.0,2020-01-04,0,37.0,47.0
637,4,6,2019-11-28,638.0,João Martins,M,7/22/1947,5.0,Santa Catarina,7.0,carregador,150.0,1451.0,2019-12-16,0,18.0,79.0
130,7,10,2019-11-30,131.0,Enzo Souza,M,8/8/1998,8.0,Brasília,,,,1452.0,2020-01-01,0,32.0,28.0
893,7,7,2019-11-30,894.0,Danilo Dias,M,5/23/1946,8.0,Brasília,8.0,cadeira,540.0,1453.0,2020-01-07,0,38.0,80.0
459,7,3,2019-11-30,460.0,Camila Ferreira,F,11/5/1970,8.0,Brasília,4.0,laptop gamer,5300.0,1454.0,2019-12-03,0,3.0,56.0
885,3,3,2019-12-01,886.0,Bruna Sousa,F,8/14/1948,4.0,Belo Horizonte,4.0,laptop gamer,5300.0,1455.0,2019-12-18,0,17.0,78.0
439,6,3,2019-12-01,440.0,Eduardo Araujo,M,10/20/1937,7.0,Salvador,4.0,laptop gamer,5300.0,1456.0,2019-12-16,0,15.0,89.0
421,8,3,2019-12-01,422.0,Mariana Azevedo,F,4/23/1978,9.0,Palmas,4.0,laptop gamer,5300.0,1457.0,2020-01-03,0,33.0,48.0
16,4,3,2019-12-01,17.0,Diego Carvalho,M,1/17/1957,5.0,Santa Catarina,4.0,laptop gamer,5300.0,1458.0,2019-12-01,0,0.0,69.0
75,1,3,2019-12-01,76.0,Laura Oliveira,F,9/27/1953,2.0,Rio de Janeiro,4.0,laptop gamer,5300.0,1459.0,2020-01-04,0,34.0,73.0
678,2,3,2019-12-01,679.0,Beatriz Barbosa,F,12/25/1984,3.0,Curitiba,4.0,laptop gamer,5300.0,,,1,,42.0
806,5,1,2019-12-04,807.0,Murilo Almeida,M,3/6/2000,6.0,Recife,2.0,teclado,30.0,1460.0,2019-12-27,0,23.0,26.0
803,2,3,2019-12-04,804.0,Emilly Lima,F,7/15/2001,3.0,Curitiba,4.0,laptop gamer,5300.0,1461.0,2019-12-10,0,6.0,25.0
592,2,3,2019-12-04,593.0,Fernanda Goncalves,F,6/13/1974,3.0,Curitiba,4.0,laptop gamer,5300.0,,,1,,52.0
456,6,3,2019-12-04,457.0,Thaís Correia,F,9/29/1948,7.0,Salvador,4.0,laptop gamer,5300.0,1462.0,2020-01-04,0,31.0,78.0
219,2,5,2019-12-04,220.0,Kauan Almeida,M,4/12/1948,3.0,Curitiba,6.0,impressora,700.0,,,1,,78.0
688,2,6,2019-12-04,689.0,Eduardo Alves,M,10/4/1948,3.0,Curitiba,7.0,carregador,150.0,,,1,,78.0
972,2,1,2019-12-05,973.0,Samuel Ferreira,M,7/2/1960,3.0,Curitiba,2.0,teclado,30.0,1463.0,2019-12-13,0,8.0,66.0
217,10,3,2019-12-05,218.0,João Barbosa,M,3/2/1989,,,4.0,laptop gamer,5300.0,,,1,,37.0
995,1,3,2019-12-05,996.0,Ágatha Ribeiro,F,2/8/1946,2.0,Rio de Janeiro,4.0,laptop gamer,5300.0,1464.0,2019-12-27,0,22.0,80.0
553,6,3,2019-12-06,554.0,Carla Ferreira,F,5/25/1989,7.0,Salvador,4.0,laptop gamer,5300.0,1465.0,2019-12-09,0,3.0,37.0
699,2,3,2019-12-06,700.0,José Pinto,M,7/26/1936,3.0,Curitiba,4.0,laptop gamer,5300.0,,,1,,90.0
839,6,3,2019-12-06,840.0,Maria Pinto,F,3/19/1981,7.0,Salvador,4.0,laptop gamer,5300.0,1466.0,2019-12-10,0,4.0,45.0
447,8,10,2019-12-06,448.0,Paulo Costa,M,12/13/1990,9.0,Palmas,,,,1467.0,2019-12-09,0,3.0,36.0
696,2,3,2019-12-06,697.0,Luís Fernandes,M,4/3/1997,3.0,Curitiba,4.0,laptop gamer,5300.0,,,1,,29.0
621,5,3,2019-12-06,622.0,Luis Almeida,M,9/28/1973,6.0,Recife,4.0,laptop gamer,5300.0,1468.0,2019-12-16,0,10.0,53.0
780,2,7,2019-12-07,781.0,Kai Melo,M,2/22/1948,3.0,Curitiba,8.0,cadeira,540.0,1469.0,2019-12-26,0,19.0,78.0
238,4,7,2019-12-07,239.0,Kauan Melo,M,6/9/1998,5.0,Santa Catarina,8.0,cadeira,540.0,1470.0,2020-01-02,0,26.0,28.0
632,4,9,2019-12-07,633.0,Kaua Sousa,M,5/20/1952,5.0,Santa Catarina,10.0,xxx-231a,3.2113519999999998,1471.0,2019-12-11,0,4.0,74.0
545,3,1,2019-12-09,546.0,Clara Souza,F,11/19/1976,4.0,Belo Horizonte,2.0,teclado,30.0,1472.0,2020-01-23,0,45.0,50.0
350,5,3,2019-12-09,351.0,Fernanda Pinto,F,6/29/1945,6.0,Recife,4.0,laptop gamer,5300.0,1473.0,2020-01-08,0,30.0,81.0
996,4,8,2019-12-09,997.0,Laura Oliveira,F,6/15/1979,5.0,Santa Catarina,9.0,mesa,860.0,1474.0,2020-01-03,0,25.0,47.0
598,6,1,2019-12-09,599.0,Vinicius Barbosa,M,3/7/1943,7.0,Salvador,2.0,teclado,30.0,,,1,,83.0
662,8,4,2019-12-09,663.0,Júlio Silva,M,2/18/1973,9.0,Palmas,5.0,monitor,1500.0,,,1,,53.0
585,2,8,2019-12-09,586.0,Aline Pinto,F,3/29/1994,3.0,Curitiba,9.0,mesa,860.0,1475.0,2019-12-12,0,3.0,32.0
384,5,3,2019-12-10,385.0,Arthur Alves,M,3/13/1995,6.0,Recife,4.0,laptop gamer,5300.0,1476.0,2019-12-22,0,12.0,31.0
477,2,3,2019-12-10,478.0,Matilde Souza,F,5/25/1995,3.0,Curitiba,4.0,laptop gamer,5300.0,1477.0,2020-01-07,0,28.0,31.0
256,2,7,2019-12-10,257.0,Luís Ribeiro,M,7/4/1976,3.0,Curitiba,8.0,cadeira,540.0,,,1,,50.0
19,2,3,2019-12-10,20.0,Kauan Barros,M,1/4/1963,3.0,Curitiba,4.0,laptop gamer,5300.0,1478.0,2020-01-16,0,37.0,63.0
662,1,4,2019-12-10,663.0,Júlio Silva,M,2/18/1973,2.0,Rio de Janeiro,5.0,monitor,1500.0,1479.0,2019-12-10,0,0.0,53.0
741,7,3,2019-12-10,742.0,João Costa,M,1/26/2001,8.0,Brasília,4.0,laptop gamer,5300.0,1480.0,2020-01-10,0,31.0,25.0
8,6,9,2019-12-11,9.0,Fernanda Silva,F,1/25/1959,7.0,Salvador,10.0,xxx-231a,3.2113519999999998,1481.0,2019-12-17,0,6.0,67.0
627,10,2,2019-12-11,628.0,Bianca Costa,F,12/26/1985,,,3.0,laptop básico,2300.0,,,1,,41.0
994,1,10,2019-12-11,995.0,Ágatha Pereira,F,12/24/1939,2.0,Rio de Janeiro,,,,1482.0,2020-01-23,0,43.0,87.0
775,8,2,2019-12-17,776.0,Eduarda Melo,F,3/31/1976,9.0,Palmas,3.0,laptop básico,2300.0,1483.0,2020-01-06,0,20.0,50.0
855,5,7,2019-12-17,856.0,Amanda Cunha,F,6/14/1948,6.0,Recife,8.0,cadeira,540.0,1484.0,2020-01-04,0,18.0,78.0
15,10,5,2019-12-17,16.0,Kai Ferreira,M,9/3/1985,,,6.0,impressora,700.0,,,1,,41.0
314,5,3,2019-12-17,315.0,Caio Ferreira,M,4/6/1991,6.0,Recife,4.0,laptop gamer,5300.0,1485.0,2020-01-05,0,19.0,35.0
107,2,3,2019-12-17,108.0,Emily Ribeiro,F,7/5/1994,3.0,Curitiba,4.0,laptop gamer,5300.0,1486.0,2020-01-07,0,21.0,32.0
377,5,3,2019-12-17,378.0,Clara Azevedo,F,4/17/2003,6.0,Recife,4.0,laptop gamer,5300.0,1487.0,2020-01-05,0,19.0,23.0
856,2,3,2019-12-18,857.0,Pedro Carvalho,M,8/21/1936,3.0,Curitiba,4.0,laptop gamer,5300.0,,,1,,90.0
326,7,10,2019-12-18,327.0,João Sousa,M,9/6/1976,8.0,Brasília,,,,1488.0,2019-12-31,0,13.0,50.0
693,3,9,2019-12-18,694.0,Guilherme Gomes,M,8/19/1995,4.0,Belo Horizonte,10.0,xxx-231a,3.2113519999999998,1489.0,2020-01-29,0,42.0,31.0
461,1,2,2019-12-19,462.0,Isabelle Almeida,F,10/21/1998,2.0,Rio de Janeiro,3.0,laptop básico,2300.0,1490.0,2020-01-08,0,20.0,28.0
594,2,3,2019-12-19,595.0,Matheus Alves,M,4/14/1972,3.0,Curitiba,4.0,laptop gamer,5300.0,,,1,,54.0
674,6,3,2019-12-19,675.0,Leila Castro,F,12/15/1989,7.0,Salvador,4.0,laptop gamer,5300.0,1491.0,2020-01-29,0,41.0,37.0
347,5,6,2019-12-22,348.0,Isabella Almeida,F,4/22/1969,6.0,Recife,7.0,carregador,150.0,1492.0,2020-01-03,0,12.0,57.0
514,9,3,2019-12-22,515.0,Rafael Cavalcanti,M,5/11/1968,10.0,Vitória,4.0,laptop gamer,5300.0,1493.0,2020-01-24,0,33.0,58.0
484,2,9,2019-12-22,485.0,Nicolash Goncalves,M,3/4/1952,3.0,Curitiba,10.0,xxx-231a,3.2113519999999998,,,1,,74.0
193,4,3,2019-12-23,194.0,Cauã Carvalho,M,7/31/1975,5.0,Santa Catarina,4.0,laptop gamer,5300.0,1494.0,2020-01-22,0,30.0,51.0
879,9,9,2019-12-23,880.0,Ágatha Azevedo,F,7/23/1981,10.0,Vitória,10.0,xxx-231a,3.2113519999999998,1495.0,2020-01-04,0,12.0,45.0
634,6,1,2019-12-23,635.0,Danilo Silva,M,5/30/1966,7.0,Salvador,2.0,teclado,30.0,1496.0,2020-01-23,0,31.0,60.0
702,2,3,2019-12-25,703.0,Marina Rocha,F,2/11/2002,3.0,Curitiba,4.0,laptop gamer,5300.0,,,1,,24.0
755,1,3,2019-12-25,756.0,Cauã Melo,M,1/1/1938,2.0,Rio de Janeiro,4.0,laptop gamer,5300.0,1497.0,2020-02-08,0,45.0,88.0
734,1,2,2019-12-25,735.0,Sofia Oliveira,F,10/23/1937,2.0,Rio de Janeiro,3.0,laptop básico,2300.0,1498.0,2020-01-03,0,9.0,89.0
955,4,3,2019-12-25,956.0,Felipe Goncalves,M,3/27/1940,5.0,Santa Catarina,4.0,laptop gamer,5300.0,,,1,,86.0
594,9,6,2019-12-25,595.0,Matheus Alves,M,4/14/1972,10.0,Vitória,7.0,carregador,150.0,1499.0,2020-02-05,0,42.0,54.0
777,2,3,2019-12-25,778.0,Sofia Barbosa,F,4/21/1955,3.0,Curitiba,4.0,laptop gamer,5300.0,1500.0,2020-01-02,0,8.0,71.0
816,10,3,2019-12-25,817.0,Kauan Azevedo,M,2/23/1958,,,4.0,laptop gamer,5300.0,1501.0,2019-12-25,0,0.0,68.0
687,8,5,2019-12-25,688.0,Joao Melo,M,4/4/1960,9.0,Palmas,6.0,impressora,700.0,,,1,,66.0
871,9,10,2019-12-25,872.0,Luan Dias,M,2/10/1949,10.0,Vitória,,,,1502.0,2020-01-26,0,32.0,77.0
147,2,10,2019-12-26,148.0,Melissa Barros,F,5/21/1952,3.0,Curitiba,,,,,,1,,74.0
406,10,7,2019-12-26,407.0,Julian Costa,M,11/14/1966,,,8.0,cadeira,540.0,1503.0,2020-02-04,0,40.0,60.0
45,3,3,2019-12-26,46.0,Isabela Pinto,F,11/10/1944,4.0,Belo Horizonte,4.0,laptop gamer,5300.0,,,1,,82.0
80,2,7,2019-12-27,81.0,Rafaela Sousa,F,3/8/1987,3.0,Curitiba,8.0,cadeira,540.0,,,1,,39.0
932,2,2,2019-12-27,933.0,Bruna Cunha,F,9/11/1978,3.0,Curitiba,3.0,laptop básico,2300.0,,,1,,48.0
666,3,2,2019-12-27,667.0,Emilly Oliveira,F,5/19/1944,4.0,Belo Horizonte,3.0,laptop básico,2300.0,1504.0,2020-02-03,0,38.0,82.0
951,10,1,2019-12-27,952.0,Amanda Fernandes,F,7/27/1997,,,2.0,teclado,30.0,1505.0,2020-02-09,0,44.0,29.0
182,2,9,2019-12-27,183.0,Melissa Cavalcanti,F,7/23/1946,3.0,Curitiba,10.0,xxx-231a,3.2113519999999998,,,1,,80.0
467,2,3,2019-12-27,468.0,Julieta Oliveira,F,8/30/1947,3.0,Curitiba,4.0,laptop gamer,5300.0,1506.0,2020-01-01,0,5.0,79.0
950,2,6,2019-12-28,951.0,Aline Oliveira,F,3/14/1959,3.0,Curitiba,7.0,carregador,150.0,1507.0,2020-01-31,0,34.0,67.0
952,2,3,2019-12-28,953.0,André Lima,M,3/2/2002,3.0,Curitiba,4.0,laptop gamer,5300.0,1508.0,2019-12-28,0,0.0,24.0
113,2,3,2019-12-28,114.0,Arthur Lima,M,10/30/1977,3.0,Curitiba,4.0,laptop gamer,5300.0,,,1,,49.0
178,2,3,2019-12-28,179.0,Alex Melo,M,2/4/1983,3.0,Curitiba,4.0,laptop gamer,5300.0,,,1,,43.0
443,1,3,2019-12-28,444.0,Mariana Almeida,F,12/15/1964,2.0,Rio de Janeiro,4.0,laptop gamer,5300.0,1509.0,2020-01-15,0,18.0,62.0
792,2,3,2019-12-28,793.0,Marcos Barbosa,M,10/27/1941,3.0,Curitiba,4.0,laptop gamer,5300.0,1510.0,2020-02-09,0,43.0,85.0
526,2,3,2019-12-28,527.0,Renan Cardoso,M,8/14/1977,3.0,Curitiba,4.0,laptop gamer,5300.0,1511.0,2019-12-29,0,1.0,49.0
326,8,2,2019-12-28,327.0,João Sousa,M,9/6/1976,9.0,Palmas,3.0,laptop básico,2300.0,1512.0,2020-01-12,0,15.0,50.0
92,2,10,2019-12-28,93.0,Caio Barros,M,3/23/1970,3.0,Curitiba,,,,,,1,,56.0
365,3,3,2019-12-29,366.0,Marcos Rodrigues,M,8/18/1965,4.0,Belo Horizonte,4.0,laptop gamer,5300.0,1513.0,2020-01-22,0,24.0,61.0
499,10,10,2019-12-29,500.0,Kauê Cunha,M,12/5/1985,,,,,,1514.0,2020-01-21,0,23.0,41.0
11,2,6,2019-12-29,12.0,Vinicius Rodrigues,M,4/13/1951,3.0,Curitiba,7.0,carregador,150.0,1515.0,2020-01-18,0,20.0,75.0
35,1,4,2019-12-29,36.0,Felipe Azevedo,M,10/13/1964,2.0,Rio de Janeiro,5.0,monitor,1500.0,,,1,,62.0
588,7,2,2019-12-29,589.0,Emily Castro,F,5/11/1936,8.0,Brasília,3.0,laptop básico,2300.0,1516.0,2020-02-08,0,41.0,90.0
929,8,3,2019-12-29,930.0,Camila Castro,F,5/14/1948,9.0,Palmas,4.0,laptop gamer,5300.0,1517.0,2020-01-01,0,3.0,78.0
561,2,3,2019-12-31,562.0,Lucas Pinto,M,9/3/1975,3.0,Curitiba,4.0,laptop gamer,5300.0,1518.0,2020-01-22,0,22.0,51.0
131,8,5,2019-12-31,132.0,Leonor Sousa,F,3/11/1998,9.0,Palmas,6.0,impressora,700.0,1519.0,2020-01-16,0,16.0,28.0
966,2,6,2019-12-31,967.0,Leonardo Silva,M,12/6/1997,3.0,Curitiba,7.0,carregador,150.0,1520.0,2020-01-28,0,28.0,29.0
958,2,3,2020-01-02,959.0,Isabelle Cardoso,F,3/31/1964,3.0,Curitiba,4.0,laptop gamer,5300.0,,,1,,62.0
955,8,6,2020-01-02,956.0,Felipe Goncalves,M,3/27/1940,9.0,Palmas,7.0,carregador,150.0,1521.0,2020-01-04,0,2.0,86.0
200,9,3,2020-01-02,201.0,Matilde Cavalcanti,F,1/9/1986,10.0,Vitória,4.0,laptop gamer,5300.0,1522.0,2020-02-05,0,34.0,40.0
479,4,6,2020-01-03,480.0,Paulo Rocha,M,7/8/1965,5.0,Santa Catarina,7.0,carregador,150.0,1523.0,2020-02-08,0,36.0,61.0
568,6,8,2020-01-03,569.0,Douglas Pinto,M,9/14/1982,7.0,Salvador,9.0,mesa,860.0,1524.0,2020-01-07,0,4.0,44.0
479,4,9,2020-01-03,480.0,Paulo Rocha,M,7/8/1965,5.0,Santa Catarina,10.0,xxx-231a,3.2113519999999998,1525.0,2020-01-05,0,2.0,61.0
610,3,6,2020-01-04,611.0,Gabrielle Barros,F,10/3/1983,4.0,Belo Horizonte,7.0,carregador,150.0,1526.0,2020-01-19,0,15.0,43.0
357,3,3,2020-01-04,358.0,Leila Carvalho,F,2/3/1985,4.0,Belo Horizonte,4.0,laptop gamer,5300.0,1527.0,2020-01-19,0,15.0,41.0
647,1,6,2020-01-04,648.0,Luan Araujo,M,8/20/2000,2.0,Rio de Janeiro,7.0,carregador,150.0,1528.0,2020-01-14,0,10.0,26.0
455,2,3,2020-01-04,456.0,Fernanda Pinto,F,12/13/1987,3.0,Curitiba,4.0,laptop gamer,5300.0,,,1,,39.0
141,10,7,2020-01-04,142.0,Fábio Almeida,M,1/15/1947,,,8.0,cadeira,540.0,1529.0,2020-01-23,0,19.0,79.0
829,2,3,2020-01-04,830.0,Otávio Dias,M,10/24/1974,3.0,Curitiba,4.0,laptop gamer,5300.0,1530.0,2020-01-15,0,11.0,52.0
138,5,4,2020-01-07,139.0,Kauê Araujo,M,5/31/1974,6.0,Recife,5.0,monitor,1500.0,,,1,,52.0
971,5,3,2020-01-07,972.0,Marina Lima,F,3/1/1952,6.0,Recife,4.0,laptop gamer,5300.0,,,1,,74.0
195,10,7,2020-01-07,196.0,Tânia Pereira,F,7/10/1986,,,8.0,cadeira,540.0,,,1,,40.0
540,10,3,2020-01-07,541.0,Luís Pereira,M,8/24/1975,,,4.0,laptop gamer,5300.0,1531.0,2020-02-02,0,26.0,51.0
608,8,1,2020-01-07,609.0,Enzo Barros,M,3/2/1959,9.0,Palmas,2.0,teclado,30.0,1532.0,2020-02-17,0,41.0,67.0
513,2,4,2020-01-07,514.0,Joao Souza,M,10/14/1939,3.0,Curitiba,5.0,monitor,1500.0,1533.0,2020-02-11,0,35.0,87.0
494,2,4,2020-01-08,495.0,Vitór Lima,M,1/20/1979,3.0,Curitiba,5.0,monitor,1500.0,,,1,,47.0
576,3,6,2020-01-08,577.0,Eduardo Alves,M,1/1/1961,4.0,Belo Horizonte,7.0,carregador,150.0,1534.0,2020-01-30,0,22.0,65.0
183,2,3,2020-01-08,184.0,Vitór Almeida,M,9/10/1990,3.0,Curitiba,4.0,laptop gamer,5300.0,,,1,,36.0
616,5,10,2020-01-09,617.0,Cauã Lima,M,3/20/1957,6.0,Recife,,,,1535.0,2020-01-13,0,4.0,69.0
245,7,3,2020-01-09,246.0,Leonardo Melo,M,9/7/1961,8.0,Brasília,4.0,laptop gamer,5300.0,1536.0,2020-01-11,0,2.0,65.0
931,2,3,2020-01-09,932.0,Davi Fernandes,M,3/13/1940,3.0,Curitiba,4.0,laptop gamer,5300.0,1537.0,2020-02-07,0,29.0,86.0
202,2,3,2020-01-12,203.0,Marcos Martins,M,8/28/1981,3.0,Curitiba,4.0,laptop gamer,5300.0,1538.0,2020-02-12,0,31.0,45.0
466,2,6,2020-01-12,467.0,Lavinia Cunha,F,8/10/1964,3.0,Curitiba,7.0,carregador,150.0,,,1,,62.0
667,2,3,2020-01-12,668.0,Breno Pinto,M,6/26/1996,3.0,Curitiba,4.0,laptop gamer,5300.0,1539.0,2020-01-24,0,12.0,30.0
209,9,3,2020-01-14,210.0,Carla Martins,F,7/17/1978,10.0,Vitória,4.0,laptop gamer,5300.0,1540.0,2020-01-24,0,10.0,48.0
813,7,7,2020-01-14,814.0,Felipe Dias,M,3/29/1992,8.0,Brasília,8.0,cadeira,540.0,1541.0,2020-02-18,0,35.0,34.0
122,8,3,2020-01-14,123.0,Thaís Sousa,F,11/4/1936,9.0,Palmas,4.0,laptop gamer,5300.0,1542.0,2020-01-28,0,14.0,90.0
305,1,10,2020-01-15,306.0,Emily Castro,F,9/11/1952,2.0,Rio de Janeiro,,,,1543.0,2020-02-25,0,41.0,74.0
198,1,3,2020-01-15,199.0,João Pinto,M,10/27/1971,2.0,Rio de Janeiro,4.0,laptop gamer,5300.0,1544.0,2020-01-31,0,16.0,55.0
752,2,5,2020-01-15,753.0,Miguel Melo,M,8/15/1939,3.0,Curitiba,6.0,impressora,700.0,1545.0,2020-01-16,0,1.0,87.0
6,3,3,2020-01-17,7.0,Rebeca Rodrigues,F,11/27/1979,4.0,Belo Horizonte,4.0,laptop gamer,5300.0,1546.0,2020-02-02,0,16.0,47.0
927,10,6,2020-01-17,928.0,Julian Sousa,M,7/1/1985,,,7.0,carregador,150.0,1547.0,2020-01-21,0,4.0,41.0
457,8,6,2020-01-17,458.0,Sarah Ferreira,F,7/20/1939,9.0,Palmas,7.0,carregador,150.0,1548.0,2020-02-21,0,35.0,87.0
212,5,7,2020-01-21,213.0,Emilly Rocha,F,3/19/1990,6.0,Recife,8.0,cadeira,540.0,1549.0,2020-02-07,0,17.0,36.0
850,5,2,2020-01-21,851.0,Luiza Barbosa,F,10/21/1970,6.0,Recife,3.0,laptop básico,2300.0,1550.0,2020-01-21,0,0.0,56.0
162,2,3,2020-01-21,163.0,Ana Pereira,F,1/10/1967,3.0,Curitiba,4.0,laptop gamer,5300.0,1551.0,2020-02-26,0,36.0,59.0
633,4,10,2020-01-21,634.0,Joao Melo,M,3/30/1970,5.0,Santa Catarina,,,,1552.0,2020-02-06,0,16.0,56.0
515,4,5,2020-01-21,516.0,Emilly Martins,F,10/15/1955,5.0,Santa Catarina,6.0,impressora,700.0,1553.0,2020-02-04,0,14.0,71.0
618,7,9,2020-01-21,619.0,Otávio Santos,M,6/8/1974,8.0,Brasília,10.0,xxx-231a,3.2113519999999998,1554.0,2020-02-01,0,11.0,52.0
207,9,4,2020-01-21,208.0,Kai Lima,M,1/13/2001,10.0,Vitória,5.0,monitor,1500.0,,,1,,25.0
908,2,7,2020-01-21,909.0,Gabrielle Azevedo,F,12/19/1971,3.0,Curitiba,8.0,cadeira,540.0,1555.0,2020-02-03,0,13.0,55.0
116,1,10,2020-01-21,117.0,Renan Fernandes,M,1/28/1993,2.0,Rio de Janeiro,,,,1556.0,2020-02-04,0,14.0,33.0
42,4,4,2020-01-21,43.0,Rafael Ferreira,M,3/6/1940,5.0,Santa Catarina,5.0,monitor,1500.0,,,1,,86.0
424,1,8,2020-01-21,425.0,Eduardo Cunha,M,6/17/2001,2.0,Rio de Janeiro,9.0,mesa,860.0,1557.0,2020-02-15,0,25.0,25.0
271,4,3,2020-01-21,272.0,Paulo Alves,M,1/14/1937,5.0,Santa Catarina,4.0,laptop gamer,5300.0,1558.0,2020-02-02,0,12.0,89.0
107,2,4,2020-01-23,108.0,Emily Ribeiro,F,7/5/1994,3.0,Curitiba,5.0,monitor,1500.0,1559.0,2020-02-12,0,20.0,32.0
186,10,1,2020-01-23,187.0,Emilly Almeida,F,2/2/1968,,,2.0,teclado,30.0,1560.0,2020-02-08,0,16.0,58.0
596,2,1,2020-01-23,597.0,Luís Correia,M,1/20/1969,3.0,Curitiba,2.0,teclado,30.0,,,1,,57.0
699,2,3,2020-01-25,700.0,José Pinto,M,7/26/1936,3.0,Curitiba,4.0,laptop gamer,5300.0,1561.0,2020-02-02,0,8.0,90.0
821,4,3,2020-01-25,822.0,Ágatha Cavalcanti,F,11/3/1958,5.0,Santa Catarina,4.0,laptop gamer,5300.0,1562.0,2020-02-18,0,24.0,68.0
900,8,3,2020-01-25,901.0,Martim Cunha,M,2/15/1940,9.0,Palmas,4.0,laptop gamer,5300.0,,,1,,86.0
362,2,3,2020-01-25,363.0,Lara Pinto,F,12/14/1968,3.0,Curitiba,4.0,laptop gamer,5300.0,1563.0,2020-02-11,0,17.0,58.0
677,6,3,2020-01-25,678.0,Bruno Oliveira,M,3/10/1942,7.0,Salvador,4.0,laptop gamer,5300.0,1564.0,2020-01-25,0,0.0,84.0
641,8,3,2020-01-25,642.0,Kauê Cunha,M,4/1/1948,9.0,Palmas,4.0,laptop gamer,5300.0,1565.0,2020-02-07,0,13.0,78.0
444,7,9,2020-01-26,445.0,Giovanna Rodrigues,F,8/20/1982,8.0,Brasília,10.0,xxx-231a,3.2113519999999998,1566.0,2020-02-16,0,21.0,44.0
385,4,3,2020-01-26,386.0,Beatriz Lima,F,4/25/1947,5.0,Santa Catarina,4.0,laptop gamer,5300.0,1567.0,2020-02-23,0,28.0,79.0
114,10,4,2020-01-26,115.0,Tomás Pereira,M,5/22/1999,,,5.0,monitor,1500.0,1568.0,2020-02-26,0,31.0,27.0
677,5,6,2020-01-27,678.0,Bruno Oliveira,M,3/10/1942,6.0,Recife,7.0,carregador,150.0,1569.0,2020-02-07,0,11.0,84.0
848,2,3,2020-01-27,849.0,Júlia Ferreira,F,10/29/1944,3.0,Curitiba,4.0,laptop gamer,5300.0,1570.0,2020-02-09,0,13.0,82.0
345,4,10,2020-01-27,346.0,Arthur Oliveira,M,11/2/1961,5.0,Santa Catarina,,,,,,1,,65.0
569,2,7,2020-01-29,570.0,Marina Araujo,F,2/18/1947,3.0,Curitiba,8.0,cadeira,540.0,1571.0,2020-02-10,0,12.0,79.0
493,2,5,2020-01-29,494.0,Samuel Goncalves,M,12/30/1964,3.0,Curitiba,6.0,impressora,700.0,,,1,,62.0
237,9,10,2020-01-29,238.0,Fernanda Souza,F,7/29/1939,10.0,Vitória,,,,1572.0,2020-01-29,0,0.0,87.0
22,2,10,2020-01-29,23.0,Gabrielly Castro,F,12/29/1980,3.0,Curitiba,,,,,,1,,46.0
936,7,9,2020-01-29,937.0,Bianca Cavalcanti,F,1/26/2003,8.0,Brasília,10.0,xxx-231a,3.2113519999999998,1573.0,2020-02-05,0,7.0,23.0
110,2,3,2020-01-29,111.0,Estevan Sousa,M,5/19/1973,3.0,Curitiba,4.0,laptop gamer,5300.0,,,1,,53.0
958,1,8,2020-01-29,959.0,Isabelle Cardoso,F,3/31/1964,2.0,Rio de Janeiro,9.0,mesa,860.0,1574.0,2020-02-15,0,17.0,62.0
894,2,3,2020-01-29,895.0,Rafael Azevedo,M,9/18/1975,3.0,Curitiba,4.0,laptop gamer,5300.0,1575.0,2020-03-11,0,42.0,51.0
303,2,6,2020-01-29,304.0,Amanda Santos,F,4/6/1980,3.0,Curitiba,7.0,carregador,150.0,1576.0,2020-02-08,0,10.0,46.0
328,2,3,2020-01-30,329.0,Yasmin Silva,F,7/31/1990,3.0,Curitiba,4.0,laptop gamer,5300.0,1577.0,2020-03-15,0,45.0,36.0
210,10,3,2020-01-30,211.0,Matilde Alves,F,7/9/1984,,,4.0,laptop gamer,5300.0,1578.0,2020-03-13,0,43.0,42.0
324,2,3,2020-01-30,325.0,Melissa Cavalcanti,F,6/6/1975,3.0,Curitiba,4.0,laptop gamer,5300.0,,,1,,51.0
726,5,8,2020-01-31,727.0,Marcos Cunha,M,12/1/1985,6.0,Recife,9.0,mesa,860.0,1579.0,2020-02-27,0,27.0,41.0
445,3,3,2020-01-31,446.0,Eduarda Souza,F,7/24/1954,4.0,Belo Horizonte,4.0,laptop gamer,5300.0,1580.0,2020-02-18,0,18.0,72.0
477,2,3,2020-01-31,478.0,Matilde Souza,F,5/25/1995,3.0,Curitiba,4.0,laptop gamer,5300.0,,,1,,31.0
812,2,3,2020-02-02,813.0,Matheus Souza,M,11/25/1953,3.0,Curitiba,4.0,laptop gamer,5300.0,1581.0,2020-02-14,0,12.0,73.0
736,9,6,2020-02-02,737.0,Carlos Gomes,M,12/13/1960,10.0,Vitória,7.0,carregador,150.0,1582.0,2020-02-26,0,24.0,66.0
313,4,3,2020-02-02,314.0,Diogo Santos,M,5/1/1995,5.0,Santa Catarina,4.0,laptop gamer,5300.0,1583.0,2020-02-24,0,22.0,31.0
427,9,4,2020-02-04,428.0,Leonardo Dias,M,7/7/1959,10.0,Vitória,5.0,monitor,1500.0,,,1,,67.0
658,2,3,2020-02-04,659.0,Matheus Sousa,M,4/7/1944,3.0,Curitiba,4.0,laptop gamer,5300.0,,,1,,82.0
323,7,1,2020-02-04,324.0,Letícia Fernandes,F,9/10/1951,8.0,Brasília,2.0,teclado,30.0,1584.0,2020-03-07,0,32.0,75.0
887,4,9,2020-02-05,888.0,Melissa Castro,F,5/15/2002,5.0,Santa Catarina,10.0,xxx-231a,3.2113519999999998,1585.0,2020-02-13,0,8.0,24.0
275,7,3,2020-02-05,276.0,Luiz Oliveira,M,12/9/1960,8.0,Brasília,4.0,laptop gamer,5300.0,1586.0,2020-03-19,0,43.0,66.0
153,10,7,2020-02-05,154.0,Marina Azevedo,F,8/19/1955,,,8.0,cadeira,540.0,1587.0,2020-02-06,0,1.0,71.0
617,2,3,2020-02-07,618.0,Julian Pereira,M,9/6/1969,3.0,Curitiba,4.0,laptop gamer,5300.0,,,1,,57.0
136,2,9,2020-02-07,137.0,Julian Pinto,M,11/12/2002,3.0,Curitiba,10.0,xxx-231a,3.2113519999999998,,,1,,24.0
142,2,3,2020-02-07,143.0,Fábio Melo,M,9/23/1995,3.0,Curitiba,4.0,laptop gamer,5300.0,1588.0,2020-02-17,0,10.0,31.0
474,10,3,2020-02-09,475.0,Kauan Melo,M,2/14/1986,,,4.0,laptop gamer,5300.0,1589.0,2020-02-17,0,8.0,40.0
917,2,3,2020-02-09,918.0,Sophia Cunha,F,6/27/1966,3.0,Curitiba,4.0,laptop gamer,5300.0,,,1,,60.0
674,4,9,2020-02-09,675.0,Leila Castro,F,12/15/1989,5.0,Santa Catarina,10.0,xxx-231a,3.2113519999999998,,,1,,37.0
673,8,3,2020-02-10,674.0,Luiza Lima,F,8/12/1985,9.0,Palmas,4.0,laptop gamer,5300.0,1590.0,2020-02-25,0,15.0,41.0
870,2,3,2020-02-10,871.0,Julian Oliveira,M,6/9/1951,3.0,Curitiba,4.0,laptop gamer,5300.0,,,1,,75.0
698,2,5,2020-02-10,699.0,Murilo Pereira,M,3/1/1971,3.0,Curitiba,6.0,impressora,700.0,,,1,,55.0
726,4,8,2020-02-11,727.0,Marcos Cunha,M,12/1/1985,5.0,Santa Catarina,9.0,mesa,860.0,1591.0,2020-03-20,0,38.0,41.0
331,2,3,2020-02-11,332.0,Eduardo Almeida,M,10/28/1992,3.0,Curitiba,4.0,laptop gamer,5300.0,1592.0,2020-02-28,0,17.0,34.0
648,8,3,2020-02-11,649.0,Daniel Carvalho,M,8/28/1968,9.0,Palmas,4.0,laptop gamer,5300.0,1593.0,2020-02-27,0,16.0,58.0
342,2,6,2020-02-11,343.0,Julia Lima,F,11/11/1981,3.0,Curitiba,7.0,carregador,150.0,,,1,,45.0
884,3,3,2020-02-11,885.0,Felipe Ribeiro,M,1/13/1935,4.0,Belo Horizonte,4.0,laptop gamer,5300.0,1594.0,2020-03-14,0,32.0,91.0
380,1,3,2020-02-11,381.0,Pedro Lima,M,10/25/1966,2.0,Rio de Janeiro,4.0,laptop gamer,5300.0,1595.0,2020-03-19,0,37.0,60.0
601,2,7,2020-02-13,602.0,Julieta Fernandes,F,11/20/1971,3.0,Curitiba,8.0,cadeira,540.0,1596.0,2020-02-25,0,12.0,55.0
472,8,7,2020-02-13,473.0,Evelyn Cardoso,F,12/28/1972,9.0,Palmas,8.0,cadeira,540.0,1597.0,2020-03-08,0,24.0,54.0
356,6,7,2020-02-13,357.0,Laura Sousa,F,5/19/1974,7.0,Salvador,8.0,cadeira,540.0,,,1,,52.0
851,2,9,2020-02-14,852.0,Giovanna Pinto,F,8/11/1998,3.0,Curitiba,10.0,xxx-231a,3.2113519999999998,1598.0,2020-03-30,0,45.0,28.0
272,8,4,2020-02-14,273.0,Vitoria Rodrigues,F,1/3/1997,9.0,Palmas,5.0,monitor,1500.0,,,1,,29.0
251,2,3,2020-02-14,252.0,André Gomes,M,7/21/1993,3.0,Curitiba,4.0,laptop gamer,5300.0,,,1,,33.0
737,7,5,2020-02-16,738.0,Alice Pereira,F,2/28/1986,8.0,Brasília,6.0,impressora,700.0,1599.0,2020-03-21,0,34.0,40.0
894,1,3,2020-02-16,895.0,Rafael Azevedo,M,9/18/1975,2.0,Rio de Janeiro,4.0,laptop gamer,5300.0,1600.0,2020-02-20,0,4.0,51.0
266,2,3,2020-02-16,267.0,Maria Melo,F,8/9/1947,3.0,Curitiba,4.0,laptop gamer,5300.0,1601.0,2020-02-16,0,0.0,79.0
3,1,5,2020-02-16,4.0,Sarah Goncalves,F,2/24/1937,2.0,Rio de Janeiro,6.0,impressora,700.0,1602.0,2020-03-26,0,39.0,89.0
799,9,10,2020-02-16,800.0,Isabella Sousa,F,3/2/1965,10.0,Vitória,,,,1603.0,2020-02-23,0,7.0,61.0
472,5,3,2020-02-16,473.0,Evelyn Cardoso,F,12/28/1972,6.0,Recife,4.0,laptop gamer,5300.0,1604.0,2020-02-19,0,3.0,54.0
937,2,8,2020-02-17,938.0,Vitoria Castro,F,3/5/1968,3.0,Curitiba,9.0,mesa,860.0,,,1,,58.0
995,6,9,2020-02-17,996.0,Ágatha Ribeiro,F,2/8/1946,7.0,Salvador,10.0,xxx-231a,3.2113519999999998,1605.0,2020-03-01,0,13.0,80.0
913,9,3,2020-02-17,914.0,Eduarda Cunha,F,12/10/1951,10.0,Vitória,4.0,laptop gamer,5300.0,1606.0,2020-02-23,0,6.0,75.0
748,5,3,2020-02-18,749.0,Evelyn Barros,F,3/7/1975,6.0,Recife,4.0,laptop gamer,5300.0,1607.0,2020-03-10,0,21.0,51.0
933,2,3,2020-02-18,934.0,Vitória Barbosa,F,8/24/1941,3.0,Curitiba,4.0,laptop gamer,5300.0,1608.0,2020-03-04,0,15.0,85.0
542,7,3,2020-02-18,543.0,Julieta Costa,F,6/18/1989,8.0,Brasília,4.0,laptop gamer,5300.0,1609.0,2020-03-30,0,41.0,37.0
657,2,2,2020-02-19,658.0,Victor Martins,M,2/28/1985,3.0,Curitiba,3.0,laptop básico,2300.0,,,1,,41.0
66,2,2,2020-02-19,67.0,Anna Melo,F,11/6/1995,3.0,Curitiba,3.0,laptop básico,2300.0,1610.0,2020-02-28,0,9.0,31.0
97,2,3,2020-02-19,98.0,Sophia Azevedo,F,1/23/1990,3.0,Curitiba,4.0,laptop gamer,5300.0,,,1,,36.0
100,5,3,2020-02-21,101.0,Davi Pereira,M,9/14/1995,6.0,Recife,4.0,laptop gamer,5300.0,1611.0,2020-03-03,0,11.0,31.0
696,2,3,2020-02-21,697.0,Luís Fernandes,M,4/3/1997,3.0,Curitiba,4.0,laptop gamer,5300.0,1612.0,2020-03-22,0,30.0,29.0
388,9,4,2020-02-21,389.0,Marcos Rocha,M,2/4/1999,10.0,Vitória,5.0,monitor,1500.0,,,1,,27.0
183,1,3,2020-02-22,184.0,Vitór Almeida,M,9/10/1990,2.0,Rio de Janeiro,4.0,laptop gamer,5300.0,1613.0,2020-02-23,0,1.0,36.0
543,6,3,2020-02-22,544.0,Pedro Sousa,M,6/19/1952,7.0,Salvador,4.0,laptop gamer,5300.0,1614.0,2020-03-31,0,38.0,74.0
411,6,3,2020-02-22,412.0,Pedro Oliveira,M,2/26/1996,7.0,Salvador,4.0,laptop gamer,5300.0,1615.0,2020-03-24,0,31.0,30.0
121,1,2,2020-02-22,122.0,André Castro,M,2/16/1948,2.0,Rio de Janeiro,3.0,laptop básico,2300.0,1616.0,2020-03-11,0,18.0,78.0
348,10,10,2020-02-22,349.0,Rebeca Rocha,F,11/20/1999,,,,,,1617.0,2020-03-07,0,14.0,27.0
245,10,2,2020-02-22,246.0,Leonardo Melo,M,9/7/1961,,,3.0,laptop básico,2300.0,1618.0,2020-03-26,0,33.0,65.0
229,6,3,2020-02-23,230.0,Nicole Gomes,F,5/4/1995,7.0,Salvador,4.0,laptop gamer,5300.0,1619.0,2020-04-01,0,38.0,31.0
922,10,2,2020-02-23,923.0,Otávio Ferreira,M,1/15/1964,,,3.0,laptop básico,2300.0,,,1,,62.0
897,1,3,2020-02-23,898.0,Lavinia Azevedo,F,12/4/1999,2.0,Rio de Janeiro,4.0,laptop gamer,5300.0,1620.0,2020-04-07,0,44.0,27.0
400,2,10,2020-02-24,401.0,Gabrielle Costa,F,11/24/2000,3.0,Curitiba,,,,,,1,,26.0
802,6,6,2020-02-24,803.0,Ágatha Carvalho,F,9/14/1998,7.0,Salvador,7.0,carregador,150.0,1621.0,2020-03-19,0,24.0,28.0
212,7,6,2020-02-24,213.0,Emilly Rocha,F,3/19/1990,8.0,Brasília,7.0,carregador,150.0,1622.0,2020-02-24,0,0.0,36.0
756,3,3,2020-02-24,757.0,Otávio Santos,M,5/7/1953,4.0,Belo Horizonte,4.0,laptop gamer,5300.0,1623.0,2020-03-12,0,17.0,73.0
552,9,10,2020-02-24,553.0,Alex Castro,M,1/11/1993,10.0,Vitória,,,,1624.0,2020-03-20,0,25.0,33.0
314,8,3,2020-02-24,315.0,Caio Ferreira,M,4/6/1991,9.0,Palmas,4.0,laptop gamer,5300.0,1625.0,2020-03-26,0,31.0,35.0
677,2,3,2020-02-24,678.0,Bruno Oliveira,M,3/10/1942,3.0,Curitiba,4.0,laptop gamer,5300.0,1626.0,2020-03-02,0,7.0,84.0
60,9,9,2020-02-24,61.0,Laura Barbosa,F,10/11/1969,10.0,Vitória,10.0,xxx-231a,3.2113519999999998,1627.0,2020-03-16,0,21.0,57.0
412,2,3,2020-02-24,413.0,Antônio Souza,M,11/23/1936,3.0,Curitiba,4.0,laptop gamer,5300.0,,,1,,90.0
465,7,3,2020-02-27,466.0,Tomás Cardoso,M,8/7/1972,8.0,Brasília,4.0,laptop gamer,5300.0,1628.0,2020-03-05,0,7.0,54.0
892,2,9,2020-02-27,893.0,Danilo Gomes,M,5/25/1962,3.0,Curitiba,10.0,xxx-231a,3.2113519999999998,1629.0,2020-04-01,0,34.0,64.0
430,2,3,2020-02-27,431.0,Martim Cunha,M,7/2/1969,3.0,Curitiba,4.0,laptop gamer,5300.0,,,1,,57.0
275,5,5,2020-02-27,276.0,Luiz Oliveira,M,12/9/1960,6.0,Recife,6.0,impressora,700.0,1630.0,2020-03-13,0,15.0,66.0
241,6,3,2020-02-27,242.0,Brenda Barros,F,4/13/1998,7.0,Salvador,4.0,laptop gamer,5300.0,1631.0,2020-03-08,0,10.0,28.0
473,8,7,2020-02-27,474.0,Douglas Cardoso,M,1/11/1992,9.0,Palmas,8.0,cadeira,540.0,1632.0,2020-04-11,0,44.0,34.0
112,3,4,2020-02-27,113.0,Douglas Gomes,M,10/28/1944,4.0,Belo Horizonte,5.0,monitor,1500.0,1633.0,2020-04-12,0,45.0,82.0
128,6,8,2020-02-27,129.0,Sofia Ribeiro,F,7/26/1989,7.0,Salvador,9.0,mesa,860.0,1634.0,2020-03-13,0,15.0,37.0
239,6,8,2020-02-27,240.0,Renan Rocha,M,5/13/1997,7.0,Salvador,9.0,mesa,860.0,1635.0,2020-03-19,0,21.0,29.0
958,2,3,2020-02-27,959.0,Isabelle Cardoso,F,3/31/1964,3.0,Curitiba,4.0,laptop gamer,5300.0,1636.0,2020-03-22,0,24.0,62.0
78,2,5,2020-02-27,79.0,Thaís Pinto,F,9/5/1943,3.0,Curitiba,6.0,impressora,700.0,,,1,,83.0
820,3,8,2020-02-27,821.0,Emily Santos,F,4/27/1979,4.0,Belo Horizonte,9.0,mesa,860.0,1637.0,2020-03-09,0,11.0,47.0
602,7,10,2020-02-28,603.0,Murilo Martins,M,1/20/1972,8.0,Brasília,,,,1638.0,2020-02-29,0,1.0,54.0
623,8,6,2020-02-28,624.0,Bianca Pereira,F,9/7/1952,9.0,Palmas,7.0,carregador,150.0,1639.0,2020-03-03,0,4.0,74.0
642,9,8,2020-02-28,643.0,Otávio Sousa,M,1/4/1958,10.0,Vitória,9.0,mesa,860.0,1640.0,2020-04-05,0,37.0,68.0
835,1,3,2020-02-29,836.0,Laura Carvalho,F,11/2/1966,2.0,Rio de Janeiro,4.0,laptop gamer,5300.0,1641.0,2020-03-28,0,28.0,60.0
506,4,3,2020-02-29,507.0,Isabela Ferreira,F,9/29/1981,5.0,Santa Catarina,4.0,laptop gamer,5300.0,1642.0,2020-04-07,0,38.0,45.0
171,10,3,2020-02-29,172.0,Raissa Cardoso,F,11/3/1988,,,4.0,laptop gamer,5300.0,1643.0,2020-03-14,0,14.0,38.0
66,9,3,2020-02-29,67.0,Anna Melo,F,11/6/1995,10.0,Vitória,4.0,laptop gamer,5300.0,1644.0,2020-04-11,0,42.0,31.0
894,5,3,2020-02-29,895.0,Rafael Azevedo,M,9/18/1975,6.0,Recife,4.0,laptop gamer,5300.0,1645.0,2020-04-06,0,37.0,51.0
30,2,3,2020-02-29,31.0,Luis Rodrigues,M,8/7/1935,3.0,Curitiba,4.0,laptop gamer,5300.0,,,1,,91.0
680,10,3,2020-03-02,681.0,Vitor Barros,M,4/16/1952,,,4.0,laptop gamer,5300.0,1646.0,2020-03-13,0,11.0,74.0
642,5,1,2020-03-02,643.0,Otávio Sousa,M,1/4/1958,6.0,Recife,2.0,teclado,30.0,1647.0,2020-03-30,0,28.0,68.0
981,8,1,2020-03-02,982.0,Carolina Rodrigues,F,11/2/1942,9.0,Palmas,2.0,teclado,30.0,1648.0,2020-04-16,0,45.0,84.0
214,9,3,2020-03-02,215.0,Luís Rocha,M,12/23/1991,10.0,Vitória,4.0,laptop gamer,5300.0,1649.0,2020-03-31,0,29.0,35.0
987,2,3,2020-03-02,988.0,Martim Silva,M,2/10/2003,3.0,Curitiba,4.0,laptop gamer,5300.0,,,1,,23.0
76,2,8,2020-03-02,77.0,Ryan Sousa,M,7/23/1938,3.0,Curitiba,9.0,mesa,860.0,,,1,,88.0
668,4,4,2020-03-03,669.0,Davi Fernandes,M,3/12/1947,5.0,Santa Catarina,5.0,monitor,1500.0,,,1,,79.0
895,2,10,2020-03-03,896.0,Melissa Lima,F,2/24/1936,3.0,Curitiba,,,,,,1,,90.0
738,10,3,2020-03-03,739.0,Ana Silva,F,3/24/1979,,,4.0,laptop gamer,5300.0,1650.0,2020-04-07,0,35.0,47.0
174,2,10,2020-03-03,175.0,Marcos Santos,M,2/8/2003,3.0,Curitiba,,,,,,1,,23.0
383,4,3,2020-03-03,384.0,Leila Costa,F,8/29/1988,5.0,Santa Catarina,4.0,laptop gamer,5300.0,1651.0,2020-03-24,0,21.0,38.0
174,9,1,2020-03-03,175.0,Marcos Santos,M,2/8/2003,10.0,Vitória,2.0,teclado,30.0,1652.0,2020-04-01,0,29.0,23.0
933,2,4,2020-03-04,934.0,Vitória Barbosa,F,8/24/1941,3.0,Curitiba,5.0,monitor,1500.0,,,1,,85.0
801,7,3,2020-03-04,802.0,Sofia Barbosa,F,7/5/1984,8.0,Brasília,4.0,laptop gamer,5300.0,1653.0,2020-04-09,0,36.0,42.0
156,2,3,2020-03-04,157.0,Marina Barbosa,F,7/19/2000,3.0,Curitiba,4.0,laptop gamer,5300.0,1654.0,2020-04-15,0,42.0,26.0
858,2,3,2020-03-08,859.0,Giovanna Lima,F,1/14/1977,3.0,Curitiba,4.0,laptop gamer,5300.0,1655.0,2020-03-08,0,0.0,49.0
89,4,3,2020-03-08,90.0,Eduardo Cardoso,M,7/14/1935,5.0,Santa Catarina,4.0,laptop gamer,5300.0,1656.0,2020-03-09,0,1.0,91.0
85,3,3,2020-03-08,86.0,Guilherme Castro,M,11/15/1986,4.0,Belo Horizonte,4.0,laptop gamer,5300.0,,,1,,40.0
795,4,3,2020-03-09,796.0,Lavinia Correia,F,1/17/1937,5.0,Santa Catarina,4.0,laptop gamer,5300.0,1657.0,2020-04-13,0,35.0,89.0
36,5,3,2020-03-09,37.0,Emily Araujo,F,6/15/1989,6.0,Recife,4.0,laptop gamer,5300.0,,,1,,37.0
346,2,3,2020-03-09,347.0,Eduardo Martins,M,5/10/1959,3.0,Curitiba,4.0,laptop gamer,5300.0,,,1,,67.0
152,2,1,2020-03-09,153.0,Maria Almeida,F,6/7/2000,3.0,Curitiba,2.0,teclado,30.0,1658.0,2020-03-17,0,8.0,26.0
694,3,3,2020-03-09,695.0,Matheus Barros,M,11/21/1952,4.0,Belo Horizonte,4.0,laptop gamer,5300.0,1659.0,2020-04-22,0,44.0,74.0
636,7,3,2020-03-09,637.0,Cauã Cunha,M,9/24/1962,8.0,Brasília,4.0,laptop gamer,5300.0,1660.0,2020-03-23,0,14.0,64.0
873,2,6,2020-03-09,874.0,Vinicius Oliveira,M,9/9/2003,3.0,Curitiba,7.0,carregador,150.0,,,1,,23.0
210,2,5,2020-03-09,211.0,Matilde Alves,F,7/9/1984,3.0,Curitiba,6.0,impressora,700.0,,,1,,42.0
277,10,3,2020-03-09,278.0,Matilde Dias,F,12/18/1950,,,4.0,laptop gamer,5300.0,,,1,,76.0
152,2,3,2020-03-09,153.0,Maria Almeida,F,6/7/2000,3.0,Curitiba,4.0,laptop gamer,5300.0,1661.0,2020-04-14,0,36.0,26.0
680,4,3,2020-03-09,681.0,Vitor Barros,M,4/16/1952,5.0,Santa Catarina,4.0,laptop gamer,5300.0,1662.0,2020-04-11,0,33.0,74.0
14,10,3,2020-03-09,15.0,Gustavo Barbosa,M,4/19/1936,,,4.0,laptop gamer,5300.0,1663.0,2020-04-23,0,45.0,90.0
429,6,3,2020-03-10,430.0,Luana Pinto,F,11/18/1985,7.0,Salvador,4.0,laptop gamer,5300.0,1664.0,2020-04-20,0,41.0,41.0
314,6,5,2020-03-10,315.0,Caio Ferreira,M,4/6/1991,7.0,Salvador,6.0,impressora,700.0,1665.0,2020-04-16,0,37.0,35.0
723,2,3,2020-03-10,724.0,Paulo Goncalves,M,11/11/1979,3.0,Curitiba,4.0,laptop gamer,5300.0,1666.0,2020-03-13,0,3.0,47.0
64,10,10,2020-03-11,65.0,Luiza Araujo,F,1/19/1976,,,,,,,,1,,50.0
915,2,2,2020-03-11,916.0,Arthur Rocha,M,9/22/1963,3.0,Curitiba,3.0,laptop básico,2300.0,1667.0,2020-03-23,0,12.0,63.0
792,1,9,2020-03-11,793.0,Marcos Barbosa,M,10/27/1941,2.0,Rio de Janeiro,10.0,xxx-231a,3.2113519999999998,,,1,,85.0
351,8,4,2020-03-12,352.0,Júlio Pinto,M,9/5/1965,9.0,Palmas,5.0,monitor,1500.0,,,1,,61.0
388,10,1,2020-03-12,389.0,Marcos Rocha,M,2/4/1999,,,2.0,teclado,30.0,1668.0,2020-04-13,0,32.0,27.0
103,2,3,2020-03-12,104.0,Isabella Castro,F,2/21/2001,3.0,Curitiba,4.0,laptop gamer,5300.0,,,1,,25.0
82,9,3,2020-03-12,83.0,Miguel Correia,M,10/8/1945,10.0,Vitória,4.0,laptop gamer,5300.0,1669.0,2020-03-20,0,8.0,81.0
310,9,7,2020-03-12,311.0,Daniel Souza,M,2/16/1978,10.0,Vitória,8.0,cadeira,540.0,1670.0,2020-03-23,0,11.0,48.0
466,3,9,2020-03-12,467.0,Lavinia Cunha,F,8/10/1964,4.0,Belo Horizonte,10.0,xxx-231a,3.2113519999999998,1671.0,2020-04-23,0,42.0,62.0
597,2,2,2020-03-15,598.0,Fábio Cavalcanti,M,6/29/1985,3.0,Curitiba,3.0,laptop básico,2300.0,,,1,,41.0
706,2,8,2020-03-15,707.0,Tânia Goncalves,F,10/31/1997,3.0,Curitiba,9.0,mesa,860.0,,,1,,29.0
939,10,3,2020-03-15,940.0,Otávio Melo,M,3/27/1963,,,4.0,laptop gamer,5300.0,1672.0,2020-04-04,0,20.0,63.0
381,7,3,2020-03-17,382.0,Luana Silva,F,7/3/1939,8.0,Brasília,4.0,laptop gamer,5300.0,1673.0,2020-04-22,0,36.0,87.0
924,8,3,2020-03-17,925.0,Vitor Barros,M,11/15/1954,9.0,Palmas,4.0,laptop gamer,5300.0,1674.0,2020-04-24,0,38.0,72.0
3,2,3,2020-03-17,4.0,Sarah Goncalves,F,2/24/1937,3.0,Curitiba,4.0,laptop gamer,5300.0,,,1,,89.0
754,8,3,2020-03-17,755.0,Thaís Cardoso,F,1/28/1980,9.0,Palmas,4.0,laptop gamer,5300.0,1675.0,2020-03-29,0,12.0,46.0
803,2,3,2020-03-17,804.0,Emilly Lima,F,7/15/2001,3.0,Curitiba,4.0,laptop gamer,5300.0,,,1,,25.0
855,10,8,2020-03-17,856.0,Amanda Cunha,F,6/14/1948,,,9.0,mesa,860.0,1676.0,2020-04-09,0,23.0,78.0
359,4,5,2020-03-18,360.0,Fernanda Rodrigues,F,4/25/1939,5.0,Santa Catarina,6.0,impressora,700.0,,,1,,87.0
276,7,3,2020-03-18,277.0,Brenda Santos,F,1/1/2020,8.0,Brasília,4.0,laptop gamer,5300.0,,,1,,6.0
710,2,8,2020-03-18,711.0,Larissa Ferreira,F,1/23/1944,3.0,Curitiba,9.0,mesa,860.0,,,1,,82.0
505,9,3,2020-03-18,506.0,Brenda Costa,F,1/9/1957,10.0,Vitória,4.0,laptop gamer,5300.0,1677.0,2020-03-21,0,3.0,69.0
779,3,3,2020-03-18,780.0,Júlia Dias,F,2/27/1937,4.0,Belo Horizonte,4.0,laptop gamer,5300.0,,,1,,89.0
202,2,10,2020-03-18,203.0,Marcos Martins,M,8/28/1981,3.0,Curitiba,,,,,,1,,45.0
407,2,6,2020-03-20,408.0,Luan Alves,M,10/23/1956,3.0,Curitiba,7.0,carregador,150.0,,,1,,70.0
493,5,3,2020-03-20,494.0,Samuel Goncalves,M,12/30/1964,6.0,Recife,4.0,laptop gamer,5300.0,1678.0,2020-04-28,0,39.0,62.0
189,2,1,2020-03-20,190.0,Carolina Dias,F,11/3/1976,3.0,Curitiba,2.0,teclado,30.0,1679.0,2020-03-24,0,4.0,50.0
669,10,2,2020-03-20,670.0,Tiago Cardoso,M,10/4/1955,,,3.0,laptop básico,2300.0,,,1,,71.0
542,10,9,2020-03-20,543.0,Julieta Costa,F,6/18/1989,,,10.0,xxx-231a,3.2113519999999998,1680.0,2020-03-28,0,8.0,37.0
979,9,3,2020-03-20,980.0,Livia Pinto,F,10/16/1974,10.0,Vitória,4.0,laptop gamer,5300.0,1681.0,2020-04-28,0,39.0,52.0
683,9,6,2020-03-22,684.0,Danilo Cavalcanti,M,11/6/1965,10.0,Vitória,7.0,carregador,150.0,,,1,,61.0
93,2,7,2020-03-22,94.0,Mariana Ferreira,F,12/16/1995,3.0,Curitiba,8.0,cadeira,540.0,,,1,,31.0
603,9,5,2020-03-22,604.0,Lucas Souza,M,8/18/1939,10.0,Vitória,6.0,impressora,700.0,1682.0,2020-04-03,0,12.0,87.0
611,1,3,2020-03-24,612.0,Vitor Costa,M,6/21/1989,2.0,Rio de Janeiro,4.0,laptop gamer,5300.0,1683.0,2020-04-27,0,34.0,37.0
40,2,3,2020-03-24,41.0,Tânia Cardoso,F,12/11/1967,3.0,Curitiba,4.0,laptop gamer,5300.0,,,1,,59.0
137,6,8,2020-03-24,138.0,Alex Ferreira,M,2/4/1968,7.0,Salvador,9.0,mesa,860.0,1684.0,2020-04-03,0,10.0,58.0
557,2,3,2020-03-26,558.0,Mariana Castro,F,1/4/1983,3.0,Curitiba,4.0,laptop gamer,5300.0,,,1,,43.0
593,4,4,2020-03-26,594.0,Bruno Almeida,M,9/6/1935,5.0,Santa Catarina,5.0,monitor,1500.0,1685.0,2020-04-25,0,30.0,91.0
258,2,3,2020-03-26,259.0,Igor Pinto,M,4/21/1959,3.0,Curitiba,4.0,laptop gamer,5300.0,1686.0,2020-04-14,0,19.0,67.0
292,10,3,2020-03-27,293.0,Luís Barros,M,12/20/1981,,,4.0,laptop gamer,5300.0,1687.0,2020-04-10,0,14.0,45.0
921,2,3,2020-03-27,922.0,Douglas Ferreira,M,12/14/1947,3.0,Curitiba,4.0,laptop gamer,5300.0,1688.0,2020-04-15,0,19.0,79.0
636,10,3,2020-03-27,637.0,Cauã Cunha,M,9/24/1962,,,4.0,laptop gamer,5300.0,1689.0,2020-03-30,0,3.0,64.0
619,4,1,2020-03-28,620.0,Lucas Cardoso,M,10/20/1941,5.0,Santa Catarina,2.0,teclado,30.0,1690.0,2020-04-05,0,8.0,85.0
566,10,6,2020-03-28,567.0,Mateus Cavalcanti,M,4/24/1957,,,7.0,carregador,150.0,1691.0,2020-05-08,0,41.0,69.0
675,5,9,2020-03-28,676.0,Nicolash Melo,M,6/4/1999,6.0,Recife,10.0,xxx-231a,3.2113519999999998,1692.0,2020-04-16,0,19.0,27.0
590,10,10,2020-03-28,591.0,Tânia Cardoso,F,6/10/1970,,,,,,1693.0,2020-05-10,0,43.0,56.0
137,2,3,2020-03-28,138.0,Alex Ferreira,M,2/4/1968,3.0,Curitiba,4.0,laptop gamer,5300.0,,,1,,58.0
809,5,6,2020-03-28,810.0,Nicolas Dias,M,8/12/1992,6.0,Recife,7.0,carregador,150.0,1694.0,2020-05-08,0,41.0,34.0
245,2,2,2020-03-29,246.0,Leonardo Melo,M,9/7/1961,3.0,Curitiba,3.0,laptop básico,2300.0,,,1,,65.0
930,6,6,2020-03-29,931.0,Antônio Barbosa,M,4/9/1949,7.0,Salvador,7.0,carregador,150.0,1695.0,2020-03-30,0,1.0,77.0
256,7,9,2020-03-29,257.0,Luís Ribeiro,M,7/4/1976,8.0,Brasília,10.0,xxx-231a,3.2113519999999998,,,1,,50.0
129,2,7,2020-03-29,130.0,Lavinia Carvalho,F,10/8/1968,3.0,Curitiba,8.0,cadeira,540.0,,,1,,58.0
358,2,3,2020-03-29,359.0,Aline Correia,F,1/23/1986,3.0,Curitiba,4.0,laptop gamer,5300.0,1696.0,2020-05-13,0,45.0,40.0
501,6,5,2020-03-29,502.0,Eduarda Costa,F,2/20/1958,7.0,Salvador,6.0,impressora,700.0,1697.0,2020-04-06,0,8.0,68.0
178,2,5,2020-03-29,179.0,Alex Melo,M,2/4/1983,3.0,Curitiba,6.0,impressora,700.0,1698.0,2020-05-13,0,45.0,43.0
686,8,2,2020-03-29,687.0,Luan Costa,M,11/6/2001,9.0,Palmas,3.0,laptop básico,2300.0,,,1,,25.0
28,6,2,2020-03-29,29.0,Samuel Martins,M,2/13/1956,7.0,Salvador,3.0,laptop básico,2300.0,,,1,,70.0
927,2,3,2020-03-30,928.0,Julian Sousa,M,7/1/1985,3.0,Curitiba,4.0,laptop gamer,5300.0,,,1,,41.0
846,4,6,2020-03-30,847.0,Ágatha Oliveira,F,4/1/2001,5.0,Santa Catarina,7.0,carregador,150.0,1699.0,2020-04-08,0,9.0,25.0
861,2,5,2020-03-30,862.0,Daniel Gomes,M,8/2/1952,3.0,Curitiba,6.0,impressora,700.0,1700.0,2020-04-30,0,31.0,74.0
379,6,10,2020-03-31,380.0,Bruno Cardoso,M,12/20/1950,7.0,Salvador,,,,1701.0,2020-04-08,0,8.0,76.0
115,2,3,2020-03-31,116.0,Vinícius Oliveira,M,4/23/1976,3.0,Curitiba,4.0,laptop gamer,5300.0,1702.0,2020-05-03,0,33.0,50.0
621,7,4,2020-03-31,622.0,Luis Almeida,M,9/28/1973,8.0,Brasília,5.0,monitor,1500.0,,,1,,53.0
952,6,4,2020-04-03,953.0,André Lima,M,3/2/2002,7.0,Salvador,5.0,monitor,1500.0,,,1,,24.0
189,1,8,2020-04-03,190.0,Carolina Dias,F,11/3/1976,2.0,Rio de Janeiro,9.0,mesa,860.0,1703.0,2020-05-03,0,30.0,50.0
478,2,7,2020-04-03,479.0,Alex Correia,M,7/28/1969,3.0,Curitiba,8.0,cadeira,540.0,,,1,,57.0
645,5,3,2020-04-03,646.0,Murilo Carvalho,M,6/15/1962,6.0,Recife,4.0,laptop gamer,5300.0,1704.0,2020-05-08,0,35.0,64.0
922,9,3,2020-04-03,923.0,Otávio Ferreira,M,1/15/1964,10.0,Vitória,4.0,laptop gamer,5300.0,1705.0,2020-05-03,0,30.0,62.0
256,8,10,2020-04-03,257.0,Luís Ribeiro,M,7/4/1976,9.0,Palmas,,,,1706.0,2020-05-02,0,29.0,50.0
421,2,4,2020-04-04,422.0,Mariana Azevedo,F,4/23/1978,3.0,Curitiba,5.0,monitor,1500.0,1707.0,2020-04-12,0,8.0,48.0
273,2,10,2020-04-04,274.0,Gustavo Melo,M,9/24/1946,3.0,Curitiba,,,,,,1,,80.0
843,8,3,2020-04-04,844.0,Eduardo Costa,M,8/2/1967,9.0,Palmas,4.0,laptop gamer,5300.0,1708.0,2020-04-07,0,3.0,59.0
292,5,5,2020-04-04,293.0,Luís Barros,M,12/20/1981,6.0,Recife,6.0,impressora,700.0,1709.0,2020-04-14,0,10.0,45.0
915,2,2,2020-04-04,916.0,Arthur Rocha,M,9/22/1963,3.0,Curitiba,3.0,laptop básico,2300.0,,,1,,63.0
954,5,10,2020-04-04,955.0,Danilo Rocha,M,8/28/1980,6.0,Recife,,,,1710.0,2020-05-04,0,30.0,46.0
830,2,3,2020-04-05,831.0,José Barros,M,10/13/1967,3.0,Curitiba,4.0,laptop gamer,5300.0,1711.0,2020-05-03,0,28.0,59.0
695,2,3,2020-04-05,696.0,Gabriela Dias,F,10/9/1968,3.0,Curitiba,4.0,laptop gamer,5300.0,,,1,,58.0
773,2,3,2020-04-05,774.0,Mateus Castro,M,10/1/1945,3.0,Curitiba,4.0,laptop gamer,5300.0,,,1,,81.0
365,10,10,2020-04-05,366.0,Marcos Rodrigues,M,8/18/1965,,,,,,1712.0,2020-04-05,0,0.0,61.0
378,4,3,2020-04-05,379.0,Marina Ribeiro,F,10/7/1997,5.0,Santa Catarina,4.0,laptop gamer,5300.0,1713.0,2020-04-10,0,5.0,29.0
731,4,3,2020-04-05,732.0,Bruna Cunha,F,3/18/1950,5.0,Santa Catarina,4.0,laptop gamer,5300.0,1714.0,2020-05-08,0,33.0,76.0
968,5,2,2020-04-06,969.0,Rebeca Sousa,F,3/11/1999,6.0,Recife,3.0,laptop básico,2300.0,1715.0,2020-05-12,0,36.0,27.0
134,1,3,2020-04-06,135.0,Júlia Azevedo,F,12/11/1987,2.0,Rio de Janeiro,4.0,laptop gamer,5300.0,1716.0,2020-04-25,0,19.0,39.0
854,9,9,2020-04-06,855.0,Isabela Melo,F,5/22/1991,10.0,Vitória,10.0,xxx-231a,3.2113519999999998,1717.0,2020-04-20,0,14.0,35.0
98,3,3,2020-04-06,99.0,André Souza,M,1/24/1974,4.0,Belo Horizonte,4.0,laptop gamer,5300.0,1718.0,2020-04-17,0,11.0,52.0
409,9,3,2020-04-06,410.0,Antônio Almeida,M,9/3/1981,10.0,Vitória,4.0,laptop gamer,5300.0,1719.0,2020-05-03,0,27.0,45.0
509,8,3,2020-04-06,510.0,Julieta Barros,F,6/17/1989,9.0,Palmas,4.0,laptop gamer,5300.0,1720.0,2020-04-14,0,8.0,37.0
706,2,3,2020-04-07,707.0,Tânia Goncalves,F,10/31/1997,3.0,Curitiba,4.0,laptop gamer,5300.0,1721.0,2020-05-15,0,38.0,29.0
301,8,8,2020-04-07,302.0,Guilherme Cardoso,o,3/9/1998,9.0,Palmas,9.0,mesa,860.0,1722.0,2020-04-10,0,3.0,28.0
184,2,3,2020-04-07,185.0,Sofia Silva,F,5/26/1955,3.0,Curitiba,4.0,laptop gamer,5300.0,,,1,,71.0
957,1,5,2020-04-08,958.0,Aline Santos,F,7/1/1977,2.0,Rio de Janeiro,6.0,impressora,700.0,1723.0,2020-04-23,0,15.0,49.0
778,7,3,2020-04-08,779.0,Larissa Ferreira,F,12/31/1991,8.0,Brasília,4.0,laptop gamer,5300.0,1724.0,2020-05-19,0,41.0,35.0
997,3,2,2020-04-08,998.0,Lara Oliveira,F,3/15/1946,4.0,Belo Horizonte,3.0,laptop básico,2300.0,1725.0,2020-05-08,0,30.0,80.0
884,4,5,2020-04-08,885.0,Felipe Ribeiro,M,1/13/1935,5.0,Santa Catarina,6.0,impressora,700.0,,,1,,91.0
610,2,3,2020-04-08,611.0,Gabrielle Barros,F,10/3/1983,3.0,Curitiba,4.0,laptop gamer,5300.0,,,1,,43.0
887,3,3,2020-04-08,888.0,Melissa Castro,F,5/15/2002,4.0,Belo Horizonte,4.0,laptop gamer,5300.0,1726.0,2020-04-11,0,3.0,24.0
35,2,3,2020-04-09,36.0,Felipe Azevedo,M,10/13/1964,3.0,Curitiba,4.0,laptop gamer,5300.0,,,1,,62.0
447,1,3,2020-04-09,448.0,Paulo Costa,M,12/13/1990,2.0,Rio de Janeiro,4.0,laptop gamer,5300.0,1727.0,2020-05-22,0,43.0,36.0
130,3,3,2020-04-09,131.0,Enzo Souza,M,8/8/1998,4.0,Belo Horizonte,4.0,laptop gamer,5300.0,1728.0,2020-05-15,0,36.0,28.0
200,8,3,2020-04-10,201.0,Matilde Cavalcanti,F,1/9/1986,9.0,Palmas,4.0,laptop gamer,5300.0,1729.0,2020-04-23,0,13.0,40.0
731,4,10,2020-04-10,732.0,Bruna Cunha,F,3/18/1950,5.0,Santa Catarina,,,,1730.0,2020-04-24,0,14.0,76.0
361,5,5,2020-04-10,362.0,Thaís Goncalves,F,1/29/1981,6.0,Recife,6.0,impressora,700.0,1731.0,2020-04-28,0,18.0,45.0
641,2,3,2020-04-10,642.0,Kauê Cunha,M,4/1/1948,3.0,Curitiba,4.0,laptop gamer,5300.0,,,1,,78.0
546,2,3,2020-04-10,547.0,Kaua Fernandes,M,10/17/2001,3.0,Curitiba,4.0,laptop gamer,5300.0,1732.0,2020-05-05,0,25.0,25.0
662,2,4,2020-04-10,663.0,Júlio Silva,M,2/18/1973,3.0,Curitiba,5.0,monitor,1500.0,1733.0,2020-04-13,0,3.0,53.0
133,5,3,2020-04-13,134.0,Fernanda Castro,F,11/29/1958,6.0,Recife,4.0,laptop gamer,5300.0,1734.0,2020-05-24,0,41.0,68.0
664,2,3,2020-04-13,665.0,Carolina Ribeiro,F,3/28/1969,3.0,Curitiba,4.0,laptop gamer,5300.0,,,1,,57.0
949,5,3,2020-04-13,950.0,Thiago Barbosa,M,10/18/2003,6.0,Recife,4.0,laptop gamer,5300.0,1735.0,2020-05-24,0,41.0,23.0
827,6,2,2020-04-13,828.0,Lara Fernandes,F,6/14/1957,7.0,Salvador,3.0,laptop básico,2300.0,,,1,,69.0
665,1,7,2020-04-13,666.0,Julieta Fernandes,F,9/4/2001,2.0,Rio de Janeiro,8.0,cadeira,540.0,1736.0,2020-05-27,0,44.0,25.0
379,3,3,2020-04-13,380.0,Bruno Cardoso,M,12/20/1950,4.0,Belo Horizonte,4.0,laptop gamer,5300.0,1737.0,2020-04-23,0,10.0,76.0
168,2,5,2020-04-14,169.0,Matilde Almeida,F,5/23/1993,3.0,Curitiba,6.0,impressora,700.0,,,1,,33.0
579,2,9,2020-04-14,580.0,Breno Castro,M,2/8/1935,3.0,Curitiba,10.0,xxx-231a,3.2113519999999998,,,1,,91.0
738,3,5,2020-04-14,739.0,Ana Silva,F,3/24/1979,4.0,Belo Horizonte,6.0,impressora,700.0,1738.0,2020-04-25,0,11.0,47.0
224,8,9,2020-04-14,225.0,Miguel Almeida,M,1/9/1985,9.0,Palmas,10.0,xxx-231a,3.2113519999999998,,,1,,41.0
541,2,3,2020-04-14,542.0,Nicole Barbosa,F,3/23/1935,3.0,Curitiba,4.0,laptop gamer,5300.0,1739.0,2020-04-21,0,7.0,91.0
946,5,4,2020-04-14,947.0,Victor Lima,M,5/20/1935,6.0,Recife,5.0,monitor,1500.0,1740.0,2020-05-11,0,27.0,91.0
686,8,3,2020-04-16,687.0,Luan Costa,M,11/6/2001,9.0,Palmas,4.0,laptop gamer,5300.0,1741.0,2020-05-28,0,42.0,25.0
346,9,1,2020-04-16,347.0,Eduardo Martins,M,5/10/1959,10.0,Vitória,2.0,teclado,30.0,,,1,,67.0
493,2,2,2020-04-16,494.0,Samuel Goncalves,M,12/30/1964,3.0,Curitiba,3.0,laptop básico,2300.0,,,1,,62.0
306,2,10,2020-04-16,307.0,Mateus Barros,M,2/21/1940,3.0,Curitiba,,,,,,1,,86.0
646,7,7,2020-04-16,647.0,Mariana Araujo,F,12/21/1984,8.0,Brasília,8.0,cadeira,540.0,1742.0,2020-05-23,0,37.0,42.0
431,2,7,2020-04-16,432.0,André Santos,M,6/25/1988,3.0,Curitiba,8.0,cadeira,540.0,1743.0,2020-04-30,0,14.0,38.0
436,2,6,2020-04-18,437.0,Carla Araujo,F,9/13/2000,3.0,Curitiba,7.0,carregador,150.0,,,1,,26.0
164,8,4,2020-04-18,165.0,Emilly Rocha,F,10/1/1944,9.0,Palmas,5.0,monitor,1500.0,,,1,,82.0
516,2,6,2020-04-18,517.0,Caio Barbosa,M,3/9/1958,3.0,Curitiba,7.0,carregador,150.0,1744.0,2020-04-24,0,6.0,68.0
750,2,3,2020-04-20,751.0,Martim Azevedo,M,12/30/1970,3.0,Curitiba,4.0,laptop gamer,5300.0,1745.0,2020-05-02,0,12.0,56.0
310,7,3,2020-04-20,311.0,Daniel Souza,M,2/16/1978,8.0,Brasília,4.0,laptop gamer,5300.0,1746.0,2020-04-22,0,2.0,48.0
600,10,3,2020-04-20,601.0,Alex Ferreira,M,4/16/1989,,,4.0,laptop gamer,5300.0,1747.0,2020-05-13,0,23.0,37.0
305,2,4,2020-04-22,306.0,Emily Castro,F,9/11/1952,3.0,Curitiba,5.0,monitor,1500.0,,,1,,74.0
389,10,3,2020-04-22,390.0,Diego Silva,M,7/21/1935,,,4.0,laptop gamer,5300.0,1748.0,2020-05-09,0,17.0,91.0
310,1,4,2020-04-22,311.0,Daniel Souza,M,2/16/1978,2.0,Rio de Janeiro,5.0,monitor,1500.0,1749.0,2020-06-02,0,41.0,48.0
609,2,3,2020-04-23,610.0,Mariana Lima,F,7/19/1960,3.0,Curitiba,4.0,laptop gamer,5300.0,1750.0,2020-05-13,0,20.0,66.0
327,4,10,2020-04-23,328.0,Julieta Sousa,F,8/12/1952,5.0,Santa Catarina,,,,1751.0,2020-04-24,0,1.0,74.0
713,5,3,2020-04-23,714.0,Samuel Barbosa,M,12/19/1948,6.0,Recife,4.0,laptop gamer,5300.0,1752.0,2020-05-19,0,26.0,78.0
456,2,3,2020-04-24,457.0,Thaís Correia,F,9/29/1948,3.0,Curitiba,4.0,laptop gamer,5300.0,,,1,,78.0
725,6,3,2020-04-24,726.0,Vitoria Gomes,F,12/18/1990,7.0,Salvador,4.0,laptop gamer,5300.0,1753.0,2020-05-15,0,21.0,36.0
38,2,4,2020-04-24,39.0,Giovana Barbosa,F,10/7/1962,3.0,Curitiba,5.0,monitor,1500.0,1754.0,2020-04-25,0,1.0,64.0
748,1,2,2020-04-27,749.0,Evelyn Barros,F,3/7/1975,2.0,Rio de Janeiro,3.0,laptop básico,2300.0,1755.0,2020-05-24,0,27.0,51.0
192,2,9,2020-04-27,193.0,Sofia Alves,F,10/4/1950,3.0,Curitiba,10.0,xxx-231a,3.2113519999999998,1756.0,2020-04-28,0,1.0,76.0
985,4,3,2020-04-27,986.0,Alice Melo,F,8/2/1967,5.0,Santa Catarina,4.0,laptop gamer,5300.0,1757.0,2020-05-06,0,9.0,59.0
959,2,3,2020-04-27,960.0,Camila Correia,F,12/29/1981,3.0,Curitiba,4.0,laptop gamer,5300.0,,,1,,45.0
459,1,5,2020-04-27,460.0,Camila Ferreira,F,11/5/1970,2.0,Rio de Janeiro,6.0,impressora,700.0,1758.0,2020-06-03,0,37.0,56.0
668,2,3,2020-04-27,669.0,Davi Fernandes,M,3/12/1947,3.0,Curitiba,4.0,laptop gamer,5300.0,,,1,,79.0
367,4,3,2020-04-28,368.0,Tiago Correia,M,4/2/1961,5.0,Santa Catarina,4.0,laptop gamer,5300.0,1759.0,2020-05-14,0,16.0,65.0
775,2,3,2020-04-28,776.0,Eduarda Melo,F,3/31/1976,3.0,Curitiba,4.0,laptop gamer,5300.0,,,1,,50.0
101,2,3,2020-04-28,102.0,Diego Lima,M,11/13/1949,3.0,Curitiba,4.0,laptop gamer,5300.0,,,1,,77.0
578,1,3,2020-04-29,579.0,Nicole Ferreira,F,11/3/1979,2.0,Rio de Janeiro,4.0,laptop gamer,5300.0,,,1,,47.0
126,1,3,2020-04-29,127.0,Emilly Lima,F,1/27/1961,2.0,Rio de Janeiro,4.0,laptop gamer,5300.0,1760.0,2020-05-20,0,21.0,65.0
863,2,1,2020-04-29,864.0,Luan Fernandes,M,8/1/1942,3.0,Curitiba,2.0,teclado,30.0,1761.0,2020-06-09,0,41.0,84.0
540,2,3,2020-04-30,541.0,Luís Pereira,M,8/24/1975,3.0,Curitiba,4.0,laptop gamer,5300.0,,,1,,51.0
118,7,3,2020-04-30,119.0,Alex Pereira,M,11/29/1987,8.0,Brasília,4.0,laptop gamer,5300.0,1762.0,2020-05-21,0,21.0,39.0
101,8,3,2020-04-30,102.0,Diego Lima,M,11/13/1949,9.0,Palmas,4.0,laptop gamer,5300.0,1763.0,2020-05-16,0,16.0,77.0
689,4,2,2020-04-30,690.0,Julieta Araujo,F,1/6/1982,5.0,Santa Catarina,3.0,laptop básico,2300.0,1764.0,2020-05-11,0,11.0,44.0
7,9,5,2020-04-30,8.0,Gabrielly Almeida,F,7/14/1997,10.0,Vitória,6.0,impressora,700.0,1765.0,2020-05-28,0,28.0,29.0
913,8,3,2020-04-30,914.0,Eduarda Cunha,F,12/10/1951,9.0,Palmas,4.0,laptop gamer,5300.0,1766.0,2020-06-11,0,42.0,75.0
553,5,3,2020-05-03,554.0,Carla Ferreira,F,5/25/1989,6.0,Recife,4.0,laptop gamer,5300.0,,,1,,37.0
770,2,3,2020-05-03,771.0,Renan Pereira,M,2/16/1948,3.0,Curitiba,4.0,laptop gamer,5300.0,,,1,,78.0
495,4,9,2020-05-03,496.0,Rebeca Cavalcanti,F,4/27/2001,5.0,Santa Catarina,10.0,xxx-231a,3.2113519999999998,1767.0,2020-05-03,0,0.0,25.0
530,5,4,2020-05-04,531.0,Breno Silva,M,10/17/2002,6.0,Recife,5.0,monitor,1500.0,,,1,,24.0
980,10,7,2020-05-04,981.0,Igor Azevedo,M,3/19/1999,,,8.0,cadeira,540.0,1768.0,2020-05-08,0,4.0,27.0
558,8,7,2020-05-04,559.0,Sarah Cardoso,F,12/13/2002,9.0,Palmas,8.0,cadeira,540.0,1769.0,2020-06-05,0,32.0,24.0
657,2,3,2020-05-05,658.0,Victor Martins,M,2/28/1985,3.0,Curitiba,4.0,laptop gamer,5300.0,,,1,,41.0
53,7,6,2020-05-05,54.0,Beatrice Goncalves,F,1/1/1937,8.0,Brasília,7.0,carregador,150.0,1770.0,2020-06-13,0,39.0,89.0
388,9,3,2020-05-05,389.0,Marcos Rocha,M,2/4/1999,10.0,Vitória,4.0,laptop gamer,5300.0,1771.0,2020-05-11,0,6.0,27.0
122,2,4,2020-05-06,123.0,Thaís Sousa,F,11/4/1936,3.0,Curitiba,5.0,monitor,1500.0,,,1,,90.0
783,6,10,2020-05-06,784.0,Matilde Goncalves,F,4/30/1938,7.0,Salvador,,,,1772.0,2020-05-26,0,20.0,88.0
332,7,1,2020-05-06,333.0,Renan Carvalho,M,9/17/1973,8.0,Brasília,2.0,teclado,30.0,1773.0,2020-06-18,0,43.0,53.0
609,4,2,2020-05-06,610.0,Mariana Lima,F,7/19/1960,5.0,Santa Catarina,3.0,laptop básico,2300.0,1774.0,2020-05-14,0,8.0,66.0
832,2,2,2020-05-06,833.0,Isabella Rocha,F,4/26/1990,3.0,Curitiba,3.0,laptop básico,2300.0,1775.0,2020-05-10,0,4.0,36.0
300,7,3,2020-05-06,301.0,Gabrielly Rocha,F,5/23/1961,8.0,Brasília,4.0,laptop gamer,5300.0,1776.0,2020-06-17,0,42.0,65.0
750,1,3,2020-05-08,751.0,Martim Azevedo,M,12/30/1970,2.0,Rio de Janeiro,4.0,laptop gamer,5300.0,,,1,,56.0
176,9,3,2020-05-08,177.0,Bianca Pinto,F,5/4/1994,10.0,Vitória,4.0,laptop gamer,5300.0,1777.0,2020-06-08,0,31.0,32.0
9,5,10,2020-05-08,10.0,Tomás Rodrigues,M,4/10/1935,6.0,Recife,,,,1778.0,2020-05-10,0,2.0,91.0
45,2,1,2020-05-11,46.0,Isabela Pinto,F,11/10/1944,3.0,Curitiba,2.0,teclado,30.0,1779.0,2020-05-18,0,7.0,82.0
416,4,7,2020-05-11,417.0,Leonor Almeida,F,1/31/1972,5.0,Santa Catarina,8.0,cadeira,540.0,,,1,,54.0
428,2,4,2020-05-11,429.0,Vitór Rocha,M,10/14/1993,3.0,Curitiba,5.0,monitor,1500.0,1780.0,2020-05-15,0,4.0,33.0
992,4,5,2020-05-12,993.0,Marcos Castro,M,5/24/1984,5.0,Santa Catarina,6.0,impressora,700.0,1781.0,2020-06-14,0,33.0,42.0
603,2,9,2020-05-12,604.0,Lucas Souza,M,8/18/1939,3.0,Curitiba,10.0,xxx-231a,3.2113519999999998,,,1,,87.0
310,10,6,2020-05-12,311.0,Daniel Souza,M,2/16/1978,,,7.0,carregador,150.0,1782.0,2020-06-15,0,34.0,48.0
826,6,1,2020-05-13,827.0,Alex Almeida,M,12/3/1984,7.0,Salvador,2.0,teclado,30.0,,,1,,42.0
255,2,8,2020-05-13,256.0,Carolina Castro,F,6/5/1945,3.0,Curitiba,9.0,mesa,860.0,,,1,,81.0
947,8,3,2020-05-13,948.0,Victor Pinto,M,8/12/1999,9.0,Palmas,4.0,laptop gamer,5300.0,1783.0,2020-06-02,0,20.0,27.0
812,2,4,2020-05-14,813.0,Matheus Souza,M,11/25/1953,3.0,Curitiba,5.0,monitor,1500.0,,,1,,73.0
307,10,3,2020-05-14,308.0,Leonardo Barros,M,9/5/1997,,,4.0,laptop gamer,5300.0,1784.0,2020-05-27,0,13.0,29.0
626,6,3,2020-05-14,627.0,Sophia Ribeiro,F,2/23/1970,7.0,Salvador,4.0,laptop gamer,5300.0,1785.0,2020-06-02,0,19.0,56.0
327,2,3,2020-05-14,328.0,Julieta Sousa,F,8/12/1952,3.0,Curitiba,4.0,laptop gamer,5300.0,1786.0,2020-06-22,0,39.0,74.0
377,2,3,2020-05-14,378.0,Clara Azevedo,F,4/17/2003,3.0,Curitiba,4.0,laptop gamer,5300.0,,,1,,23.0
171,1,5,2020-05-14,172.0,Raissa Cardoso,F,11/3/1988,2.0,Rio de Janeiro,6.0,impressora,700.0,1787.0,2020-05-20,0,6.0,38.0
968,2,2,2020-05-14,969.0,Rebeca Sousa,F,3/11/1999,3.0,Curitiba,3.0,laptop básico,2300.0,1788.0,2020-06-26,0,43.0,27.0
403,10,10,2020-05-14,404.0,Igor Fernandes,M,8/5/1949,,,,,,1789.0,2020-06-18,0,35.0,77.0
947,2,9,2020-05-14,948.0,Victor Pinto,M,8/12/1999,3.0,Curitiba,10.0,xxx-231a,3.2113519999999998,,,1,,27.0
74,9,3,2020-05-14,75.0,Kai Fernandes,M,9/18/1961,10.0,Vitória,4.0,laptop gamer,5300.0,1790.0,2020-06-28,0,45.0,65.0
790,2,3,2020-05-14,791.0,Cauã Azevedo,M,2/28/1938,3.0,Curitiba,4.0,laptop gamer,5300.0,1791.0,2020-06-17,0,34.0,88.0
896,2,3,2020-05-14,897.0,Enzo Goncalves,M,6/25/1964,3.0,Curitiba,4.0,laptop gamer,5300.0,,,1,,62.0
857,2,3,2020-05-17,858.0,Fernanda Pinto,F,8/25/1960,3.0,Curitiba,4.0,laptop gamer,5300.0,,,1,,66.0
722,5,4,2020-05-17,723.0,Evelyn Costa,F,6/26/1975,6.0,Recife,5.0,monitor,1500.0,,,1,,51.0
142,4,4,2020-05-17,143.0,Fábio Melo,M,9/23/1995,5.0,Santa Catarina,5.0,monitor,1500.0,1792.0,2020-05-20,0,3.0,31.0
845,2,7,2020-05-18,846.0,Pedro Martins,M,3/18/1995,3.0,Curitiba,8.0,cadeira,540.0,1793.0,2020-05-19,0,1.0,31.0
469,5,2,2020-05-18,470.0,Douglas Costa,M,12/27/1993,6.0,Recife,3.0,laptop básico,2300.0,1794.0,2020-06-21,0,34.0,33.0
80,2,4,2020-05-18,81.0,Rafaela Sousa,F,3/8/1987,3.0,Curitiba,5.0,monitor,1500.0,,,1,,39.0
284,2,7,2020-05-18,285.0,Gustavo Dias,M,6/2/1992,3.0,Curitiba,8.0,cadeira,540.0,,,1,,34.0
90,2,3,2020-05-18,91.0,Nicole Sousa,F,1/2/1954,3.0,Curitiba,4.0,laptop gamer,5300.0,,,1,,72.0
724,2,3,2020-05-18,725.0,Felipe Correia,M,7/29/1969,3.0,Curitiba,4.0,laptop gamer,5300.0,1795.0,2020-06-04,0,17.0,57.0
826,5,7,2020-05-20,827.0,Alex Almeida,M,12/3/1984,6.0,Recife,8.0,cadeira,540.0,,,1,,42.0
762,1,3,2020-05-20,763.0,Manuela Gomes,F,6/29/1961,2.0,Rio de Janeiro,4.0,laptop gamer,5300.0,,,1,,65.0
130,10,4,2020-05-20,131.0,Enzo Souza,M,8/8/1998,,,5.0,monitor,1500.0,1796.0,2020-07-04,0,45.0,28.0
18,2,4,2020-05-21,19.0,Luis Araujo,M,1/22/1966,3.0,Curitiba,5.0,monitor,1500.0,,,1,,60.0
231,2,5,2020-05-21,232.0,Clara Rodrigues,F,8/18/1938,3.0,Curitiba,6.0,impressora,700.0,,,1,,88.0
952,6,3,2020-05-21,953.0,André Lima,M,3/2/2002,7.0,Salvador,4.0,laptop gamer,5300.0,1797.0,2020-05-27,0,6.0,24.0
401,6,3,2020-05-22,402.0,Clara Melo,F,2/12/1959,7.0,Salvador,4.0,laptop gamer,5300.0,1798.0,2020-06-16,0,25.0,67.0
692,3,4,2020-05-22,693.0,Raissa Barbosa,F,6/20/1994,4.0,Belo Horizonte,5.0,monitor,1500.0,1799.0,2020-05-24,0,2.0,32.0
386,2,6,2020-05-22,387.0,Eduardo Rocha,M,12/31/1979,3.0,Curitiba,7.0,carregador,150.0,,,1,,47.0
578,1,3,2020-05-24,579.0,Nicole Ferreira,F,11/3/1979,2.0,Rio de Janeiro,4.0,laptop gamer,5300.0,1800.0,2020-05-28,0,4.0,47.0
692,5,5,2020-05-24,693.0,Raissa Barbosa,F,6/20/1994,6.0,Recife,6.0,impressora,700.0,,,1,,32.0
627,2,6,2020-05-24,628.0,Bianca Costa,F,12/26/1985,3.0,Curitiba,7.0,carregador,150.0,,,1,,41.0
336,2,4,2020-05-25,337.0,Manuela Castro,F,4/17/1960,3.0,Curitiba,5.0,monitor,1500.0,1801.0,2020-06-06,0,12.0,66.0
339,3,6,2020-05-25,340.0,Alex Azevedo,M,11/5/1962,4.0,Belo Horizonte,7.0,carregador,150.0,,,1,,64.0
74,3,3,2020-05-25,75.0,Kai Fernandes,M,9/18/1961,4.0,Belo Horizonte,4.0,laptop gamer,5300.0,,,1,,65.0
144,2,3,2020-05-25,145.0,Luan Goncalves,M,10/19/1940,3.0,Curitiba,4.0,laptop gamer,5300.0,,,1,,86.0
604,10,2,2020-05-25,605.0,Alice Cunha,F,5/9/1985,,,3.0,laptop básico,2300.0,1802.0,2020-06-15,0,21.0,41.0
154,3,3,2020-05-25,155.0,Luis Rodrigues,M,7/3/1973,4.0,Belo Horizonte,4.0,laptop gamer,5300.0,1803.0,2020-07-03,0,39.0,53.0
551,8,6,2020-05-26,552.0,Carlos Pereira,M,1/9/1973,9.0,Palmas,7.0,carregador,150.0,1804.0,2020-06-04,0,9.0,53.0
667,7,6,2020-05-26,668.0,Breno Pinto,M,6/26/1996,8.0,Brasília,7.0,carregador,150.0,1805.0,2020-07-10,0,45.0,30.0
737,2,3,2020-05-26,738.0,Alice Pereira,F,2/28/1986,3.0,Curitiba,4.0,laptop gamer,5300.0,,,1,,40.0
456,2,3,2020-05-27,457.0,Thaís Correia,F,9/29/1948,3.0,Curitiba,4.0,laptop gamer,5300.0,,,1,,78.0
814,9,3,2020-05-27,815.0,Emily Almeida,F,9/21/1964,10.0,Vitória,4.0,laptop gamer,5300.0,1806.0,2020-06-12,0,16.0,62.0
339,6,3,2020-05-27,340.0,Alex Azevedo,M,11/5/1962,7.0,Salvador,4.0,laptop gamer,5300.0,1807.0,2020-06-22,0,26.0,64.0
676,2,3,2020-05-29,677.0,Vinícius Barbosa,M,12/21/1956,3.0,Curitiba,4.0,laptop gamer,5300.0,,,1,,70.0
156,8,1,2020-05-29,157.0,Marina Barbosa,F,7/19/2000,9.0,Palmas,2.0,teclado,30.0,1808.0,2020-07-06,0,38.0,26.0
563,9,3,2020-05-29,564.0,Leonardo Barros,M,1/13/1993,10.0,Vitória,4.0,laptop gamer,5300.0,1809.0,2020-06-29,0,31.0,33.0
504,7,7,2020-05-29,505.0,Marina Gomes,F,6/17/1991,8.0,Brasília,8.0,cadeira,540.0,1810.0,2020-06-12,0,14.0,35.0
912,6,1,2020-05-29,913.0,Vitor Martins,M,9/21/1941,7.0,Salvador,2.0,teclado,30.0,1811.0,2020-06-28,0,30.0,85.0
929,1,5,2020-05-29,930.0,Camila Castro,F,5/14/1948,2.0,Rio de Janeiro,6.0,impressora,700.0,1812.0,2020-06-14,0,16.0,78.0
929,6,3,2020-05-29,930.0,Camila Castro,F,5/14/1948,7.0,Salvador,4.0,laptop gamer,5300.0,1813.0,2020-07-06,0,38.0,78.0
411,5,2,2020-05-29,412.0,Pedro Oliveira,M,2/26/1996,6.0,Recife,3.0,laptop básico,2300.0,1814.0,2020-06-24,0,26.0,30.0
254,2,10,2020-05-29,255.0,Lucas Oliveira,M,10/24/1935,3.0,Curitiba,,,,,,1,,91.0
517,2,3,2020-05-29,518.0,Raissa Carvalho,F,7/7/1958,3.0,Curitiba,4.0,laptop gamer,5300.0,1815.0,2020-06-05,0,7.0,68.0
260,2,3,2020-05-29,261.0,Clara Melo,F,8/2/1944,3.0,Curitiba,4.0,laptop gamer,5300.0,1816.0,2020-06-12,0,14.0,82.0
311,2,3,2020-05-29,312.0,Julian Araujo,M,10/5/1945,3.0,Curitiba,4.0,laptop gamer,5300.0,,,1,,81.0
900,3,3,2020-05-29,901.0,Martim Cunha,M,2/15/1940,4.0,Belo Horizonte,4.0,laptop gamer,5300.0,1817.0,2020-06-29,0,31.0,86.0
32,2,3,2020-05-29,33.0,Antônio Gomes,M,10/7/1997,3.0,Curitiba,4.0,laptop gamer,5300.0,,,1,,29.0
716,7,3,2020-05-29,717.0,Clara Alves,F,10/27/1989,8.0,Brasília,4.0,laptop gamer,5300.0,1818.0,2020-05-30,0,1.0,37.0
358,10,3,2020-05-31,359.0,Aline Correia,F,1/23/1986,,,4.0,laptop gamer,5300.0,1819.0,2020-06-11,0,11.0,40.0
59,2,6,2020-05-31,60.0,Camila Azevedo,F,12/11/1975,3.0,Curitiba,7.0,carregador,150.0,,,1,,51.0
857,2,6,2020-05-31,858.0,Fernanda Pinto,F,8/25/1960,3.0,Curitiba,7.0,carregador,150.0,,,1,,66.0
593,2,3,2020-05-31,594.0,Bruno Almeida,M,9/6/1935,3.0,Curitiba,4.0,laptop gamer,5300.0,,,1,,91.0
125,5,3,2020-05-31,126.0,Vitor Cardoso,M,7/25/1963,6.0,Recife,4.0,laptop gamer,5300.0,1820.0,2020-06-01,0,1.0,63.0
567,4,3,2020-05-31,568.0,Mariana Gomes,F,7/1/1958,5.0,Santa Catarina,4.0,laptop gamer,5300.0,1821.0,2020-06-12,0,12.0,68.0
146,2,3,2020-05-31,147.0,Gabriela Martins,F,5/29/1957,3.0,Curitiba,4.0,laptop gamer,5300.0,,,1,,69.0
279,2,4,2020-05-31,280.0,Ryan Cavalcanti,M,4/2/1967,3.0,Curitiba,5.0,monitor,1500.0,,,1,,59.0
583,8,3,2020-05-31,584.0,Rodrigo Cunha,M,1/23/1991,9.0,Palmas,4.0,laptop gamer,5300.0,1822.0,2020-07-08,0,38.0,35.0
339,2,3,2020-05-31,340.0,Alex Azevedo,M,11/5/1962,3.0,Curitiba,4.0,laptop gamer,5300.0,,,1,,64.0
493,10,3,2020-05-31,494.0,Samuel Goncalves,M,12/30/1964,,,4.0,laptop gamer,5300.0,1823.0,2020-06-16,0,16.0,62.0
655,8,10,2020-05-31,656.0,Martim Cavalcanti,M,6/27/1978,9.0,Palmas,,,,1824.0,2020-06-01,0,1.0,48.0
646,2,6,2020-06-02,647.0,Mariana Araujo,F,12/21/1984,3.0,Curitiba,7.0,carregador,150.0,,,1,,42.0
136,2,3,2020-06-02,137.0,Julian Pinto,M,11/12/2002,3.0,Curitiba,4.0,laptop gamer,5300.0,1825.0,2020-06-23,0,21.0,24.0
615,7,3,2020-06-02,616.0,Raissa Almeida,F,11/7/1989,8.0,Brasília,4.0,laptop gamer,5300.0,1826.0,2020-06-06,0,4.0,37.0
800,9,8,2020-06-02,801.0,Laura Cardoso,F,5/15/1938,10.0,Vitória,9.0,mesa,860.0,,,1,,88.0
373,2,3,2020-06-02,374.0,André Alves,M,8/3/1962,3.0,Curitiba,4.0,laptop gamer,5300.0,,,1,,64.0
724,2,5,2020-06-02,725.0,Felipe Correia,M,7/29/1969,3.0,Curitiba,6.0,impressora,700.0,,,1,,57.0
950,10,5,2020-06-04,951.0,Aline Oliveira,F,3/14/1959,,,6.0,impressora,700.0,1827.0,2020-06-04,0,0.0,67.0
155,10,10,2020-06-04,156.0,Samuel Oliveira,M,7/27/1971,,,,,,1828.0,2020-07-11,0,37.0,55.0
519,2,5,2020-06-04,520.0,Gustavo Araujo,M,6/2/1973,3.0,Curitiba,6.0,impressora,700.0,,,1,,53.0
822,4,3,2020-06-04,823.0,Martim Castro,M,1/21/1955,5.0,Santa Catarina,4.0,laptop gamer,5300.0,1829.0,2020-06-30,0,26.0,71.0
974,9,3,2020-06-04,975.0,Leonardo Barbosa,M,6/26/1944,10.0,Vitória,4.0,laptop gamer,5300.0,1830.0,2020-06-24,0,20.0,82.0
923,1,10,2020-06-04,924.0,Diego Gomes,M,1/27/1986,2.0,Rio de Janeiro,,,,1831.0,2020-07-10,0,36.0,40.0
624,2,3,2020-06-04,625.0,Melissa Ferreira,F,4/14/2000,3.0,Curitiba,4.0,laptop gamer,5300.0,,,1,,26.0
820,8,3,2020-06-04,821.0,Emily Santos,F,4/27/1979,9.0,Palmas,4.0,laptop gamer,5300.0,1832.0,2020-06-27,0,23.0,47.0
762,7,3,2020-06-04,763.0,Manuela Gomes,F,6/29/1961,8.0,Brasília,4.0,laptop gamer,5300.0,1833.0,2020-07-19,0,45.0,65.0
734,1,1,2020-06-05,735.0,Sofia Oliveira,F,10/23/1937,2.0,Rio de Janeiro,2.0,teclado,30.0,1834.0,2020-06-09,0,4.0,89.0
173,7,3,2020-06-05,174.0,Rebeca Pereira,F,1/16/1956,8.0,Brasília,4.0,laptop gamer,5300.0,1835.0,2020-06-07,0,2.0,70.0
257,1,3,2020-06-05,258.0,Gabrielle Barbosa,F,3/17/1967,2.0,Rio de Janeiro,4.0,laptop gamer,5300.0,1836.0,2020-07-07,0,32.0,59.0
517,2,1,2020-06-05,518.0,Raissa Carvalho,F,7/7/1958,3.0,Curitiba,2.0,teclado,30.0,1837.0,2020-06-29,0,24.0,68.0
286,2,9,2020-06-05,287.0,Luis Correia,M,12/25/1934,3.0,Curitiba,10.0,xxx-231a,3.2113519999999998,,,1,,92.0
455,2,2,2020-06-05,456.0,Fernanda Pinto,F,12/13/1987,3.0,Curitiba,3.0,laptop básico,2300.0,1838.0,2020-06-21,0,16.0,39.0
895,3,5,2020-06-05,896.0,Melissa Lima,F,2/24/1936,4.0,Belo Horizonte,6.0,impressora,700.0,1839.0,2020-06-21,0,16.0,90.0
880,2,2,2020-06-05,881.0,Julieta Goncalves,F,1/2/1963,3.0,Curitiba,3.0,laptop básico,2300.0,,,1,,63.0
723,3,3,2020-06-05,724.0,Paulo Goncalves,M,11/11/1979,4.0,Belo Horizonte,4.0,laptop gamer,5300.0,1840.0,2020-07-02,0,27.0,47.0
870,10,8,2020-06-06,871.0,Julian Oliveira,M,6/9/1951,,,9.0,mesa,860.0,1841.0,2020-06-18,0,12.0,75.0
390,8,8,2020-06-06,391.0,Kai Souza,M,2/6/1987,9.0,Palmas,9.0,mesa,860.0,1842.0,2020-06-12,0,6.0,39.0
55,9,3,2020-06-06,56.0,Rafael Santos,M,8/1/1948,10.0,Vitória,4.0,laptop gamer,5300.0,1843.0,2020-06-09,0,3.0,78.0
444,2,4,2020-06-07,445.0,Giovanna Rodrigues,F,8/20/1982,3.0,Curitiba,5.0,monitor,1500.0,,,1,,44.0
894,1,3,2020-06-07,895.0,Rafael Azevedo,M,9/18/1975,2.0,Rio de Janeiro,4.0,laptop gamer,5300.0,,,1,,51.0
839,10,10,2020-06-07,840.0,Maria Pinto,F,3/19/1981,,,,,,1844.0,2020-07-21,0,44.0,45.0
351,9,7,2020-06-09,352.0,Júlio Pinto,M,9/5/1965,10.0,Vitória,8.0,cadeira,540.0,1845.0,2020-07-07,0,28.0,61.0
331,2,3,2020-06-09,332.0,Eduardo Almeida,M,10/28/1992,3.0,Curitiba,4.0,laptop gamer,5300.0,,,1,,34.0
743,2,6,2020-06-09,744.0,Amanda Araujo,F,5/29/2002,3.0,Curitiba,7.0,carregador,150.0,,,1,,24.0
107,2,3,2020-06-10,108.0,Emily Ribeiro,F,7/5/1994,3.0,Curitiba,4.0,laptop gamer,5300.0,,,1,,32.0
19,10,10,2020-06-10,20.0,Kauan Barros,M,1/4/1963,,,,,,,,1,,63.0
811,2,4,2020-06-10,812.0,Diego Rodrigues,M,1/7/1938,3.0,Curitiba,5.0,monitor,1500.0,,,1,,88.0
418,2,3,2020-06-10,419.0,Melissa Araujo,F,7/15/1999,3.0,Curitiba,4.0,laptop gamer,5300.0,1846.0,2020-06-19,0,9.0,27.0
570,2,3,2020-06-10,571.0,Enzo Melo,M,7/8/1947,3.0,Curitiba,4.0,laptop gamer,5300.0,1847.0,2020-06-27,0,17.0,79.0
393,5,6,2020-06-10,394.0,Sophia Costa,F,8/8/1985,6.0,Recife,7.0,carregador,150.0,1848.0,2020-06-24,0,14.0,41.0
395,7,9,2020-06-10,396.0,Gabriela Santos,F,4/27/2000,8.0,Brasília,10.0,xxx-231a,3.2113519999999998,1849.0,2020-06-28,0,18.0,26.0
821,9,6,2020-06-10,822.0,Ágatha Cavalcanti,F,11/3/1958,10.0,Vitória,7.0,carregador,150.0,1850.0,2020-07-14,0,34.0,68.0
121,2,10,2020-06-10,122.0,André Castro,M,2/16/1948,3.0,Curitiba,,,,,,1,,78.0
137,2,2,2020-06-11,138.0,Alex Ferreira,M,2/4/1968,3.0,Curitiba,3.0,laptop básico,2300.0,,,1,,58.0
925,2,10,2020-06-11,926.0,Vitória Goncalves,F,10/9/1974,3.0,Curitiba,,,,1851.0,2020-07-24,0,43.0,52.0
215,1,1,2020-06-11,216.0,Livia Cavalcanti,F,12/7/1966,2.0,Rio de Janeiro,2.0,teclado,30.0,1852.0,2020-07-05,0,24.0,60.0
923,2,3,2020-06-11,924.0,Diego Gomes,M,1/27/1986,3.0,Curitiba,4.0,laptop gamer,5300.0,,,1,,40.0
588,10,8,2020-06-11,589.0,Emily Castro,F,5/11/1936,,,9.0,mesa,860.0,1853.0,2020-06-22,0,11.0,90.0
317,10,6,2020-06-11,318.0,Nicolash Cavalcanti,M,7/2/1949,,,7.0,carregador,150.0,1854.0,2020-06-11,0,0.0,77.0
825,9,9,2020-06-11,826.0,Brenda Cunha,F,8/19/1994,10.0,Vitória,10.0,xxx-231a,3.2113519999999998,,,1,,32.0
354,3,7,2020-06-11,355.0,Júlio Cavalcanti,M,8/12/1995,4.0,Belo Horizonte,8.0,cadeira,540.0,,,1,,31.0
134,10,4,2020-06-11,135.0,Júlia Azevedo,F,12/11/1987,,,5.0,monitor,1500.0,,,1,,39.0
824,10,3,2020-06-13,825.0,Joao Azevedo,M,9/11/1941,,,4.0,laptop gamer,5300.0,1855.0,2020-07-25,0,42.0,85.0
866,3,10,2020-06-13,867.0,Vitoria Goncalves,F,12/24/1968,4.0,Belo Horizonte,,,,,,1,,58.0
185,4,1,2020-06-13,186.0,Leonor Pinto,F,12/2/1999,5.0,Santa Catarina,2.0,teclado,30.0,1856.0,2020-07-02,0,19.0,27.0
515,2,3,2020-06-14,516.0,Emilly Martins,F,10/15/1955,3.0,Curitiba,4.0,laptop gamer,5300.0,,,1,,71.0
399,6,9,2020-06-14,400.0,Diego Carvalho,M,4/21/1955,7.0,Salvador,10.0,xxx-231a,3.2113519999999998,1857.0,2020-06-17,0,3.0,71.0
716,9,4,2020-06-14,717.0,Clara Alves,F,10/27/1989,10.0,Vitória,5.0,monitor,1500.0,1858.0,2020-07-17,0,33.0,37.0
181,5,3,2020-06-16,182.0,Aline Silva,F,12/24/1979,6.0,Recife,4.0,laptop gamer,5300.0,1859.0,2020-07-19,0,33.0,47.0
207,7,10,2020-06-16,208.0,Kai Lima,M,1/13/2001,8.0,Brasília,,,,,,1,,25.0
645,2,1,2020-06-16,646.0,Murilo Carvalho,M,6/15/1962,3.0,Curitiba,2.0,teclado,30.0,,,1,,64.0
188,2,3,2020-06-16,189.0,Laura Azevedo,F,11/14/1984,3.0,Curitiba,4.0,laptop gamer,5300.0,1860.0,2020-07-06,0,20.0,42.0
664,1,8,2020-06-16,665.0,Carolina Ribeiro,F,3/28/1969,2.0,Rio de Janeiro,9.0,mesa,860.0,1861.0,2020-07-07,0,21.0,57.0
24,8,3,2020-06-16,25.0,Otávio Carvalho,M,8/9/1943,9.0,Palmas,4.0,laptop gamer,5300.0,1862.0,2020-07-22,0,36.0,83.0
227,7,3,2020-06-17,228.0,Kauê Correia,M,4/4/1981,8.0,Brasília,4.0,laptop gamer,5300.0,1863.0,2020-07-08,0,21.0,45.0
734,2,1,2020-06-17,735.0,Sofia Oliveira,F,10/23/1937,3.0,Curitiba,2.0,teclado,30.0,,,1,,89.0
84,2,3,2020-06-17,85.0,Giovana Correia,F,1/28/1990,3.0,Curitiba,4.0,laptop gamer,5300.0,,,1,,36.0
190,9,3,2020-06-18,191.0,Anna Castro,F,2/11/1984,10.0,Vitória,4.0,laptop gamer,5300.0,1864.0,2020-07-21,0,33.0,42.0
153,7,9,2020-06-18,154.0,Marina Azevedo,F,8/19/1955,8.0,Brasília,10.0,xxx-231a,3.2113519999999998,1865.0,2020-07-14,0,26.0,71.0
144,6,3,2020-06-18,145.0,Luan Goncalves,M,10/19/1940,7.0,Salvador,4.0,laptop gamer,5300.0,,,1,,86.0
112,2,10,2020-06-20,113.0,Douglas Gomes,M,10/28/1944,3.0,Curitiba,,,,,,1,,82.0
428,10,4,2020-06-20,429.0,Vitór Rocha,M,10/14/1993,,,5.0,monitor,1500.0,1866.0,2020-07-17,0,27.0,33.0
602,6,5,2020-06-20,603.0,Murilo Martins,M,1/20/1972,7.0,Salvador,6.0,impressora,700.0,1867.0,2020-06-27,0,7.0,54.0
393,2,3,2020-06-22,394.0,Sophia Costa,F,8/8/1985,3.0,Curitiba,4.0,laptop gamer,5300.0,1868.0,2020-08-01,0,40.0,41.0
476,4,4,2020-06-22,477.0,Raissa Oliveira,F,3/5/1990,5.0,Santa Catarina,5.0,monitor,1500.0,1869.0,2020-06-25,0,3.0,36.0
962,1,3,2020-06-22,963.0,Carla Azevedo,F,11/22/1948,2.0,Rio de Janeiro,4.0,laptop gamer,5300.0,1870.0,2020-07-22,0,30.0,78.0
746,2,7,2020-06-23,747.0,Evelyn Castro,F,6/29/1945,3.0,Curitiba,8.0,cadeira,540.0,1871.0,2020-07-06,0,13.0,81.0
634,2,3,2020-06-23,635.0,Danilo Silva,M,5/30/1966,3.0,Curitiba,4.0,laptop gamer,5300.0,,,1,,60.0
213,2,1,2020-06-23,214.0,Matilde Santos,F,12/27/1957,3.0,Curitiba,2.0,teclado,30.0,1872.0,2020-07-20,0,27.0,69.0
962,4,3,2020-06-24,963.0,Carla Azevedo,F,11/22/1948,5.0,Santa Catarina,4.0,laptop gamer,5300.0,1873.0,2020-07-05,0,11.0,78.0
52,2,3,2020-06-24,53.0,Julieta Alves,F,12/26/1988,3.0,Curitiba,4.0,laptop gamer,5300.0,,,1,,38.0
470,5,3,2020-06-24,471.0,Clara Silva,F,9/26/1942,6.0,Recife,4.0,laptop gamer,5300.0,1874.0,2020-08-04,0,41.0,84.0
47,9,3,2020-06-24,48.0,Diogo Alves,M,9/2/1981,10.0,Vitória,4.0,laptop gamer,5300.0,,,1,,45.0
152,10,9,2020-06-24,153.0,Maria Almeida,F,6/7/2000,,,10.0,xxx-231a,3.2113519999999998,1875.0,2020-08-06,0,43.0,26.0
553,8,3,2020-06-24,554.0,Carla Ferreira,F,5/25/1989,9.0,Palmas,4.0,laptop gamer,5300.0,1876.0,2020-07-09,0,15.0,37.0
750,8,3,2020-06-25,751.0,Martim Azevedo,M,12/30/1970,9.0,Palmas,4.0,laptop gamer,5300.0,1877.0,2020-07-10,0,15.0,56.0
381,6,3,2020-06-25,382.0,Luana Silva,F,7/3/1939,7.0,Salvador,4.0,laptop gamer,5300.0,,,1,,87.0
740,6,3,2020-06-25,741.0,Nicole Dias,F,12/13/1975,7.0,Salvador,4.0,laptop gamer,5300.0,1878.0,2020-08-01,0,37.0,51.0
279,5,2,2020-06-25,280.0,Ryan Cavalcanti,M,4/2/1967,6.0,Recife,3.0,laptop básico,2300.0,1879.0,2020-06-27,0,2.0,59.0
722,5,3,2020-06-25,723.0,Evelyn Costa,F,6/26/1975,6.0,Recife,4.0,laptop gamer,5300.0,1880.0,2020-06-28,0,3.0,51.0
471,8,9,2020-06-25,472.0,Melissa Silva,F,2/27/1972,9.0,Palmas,10.0,xxx-231a,3.2113519999999998,,,1,,54.0
192,8,4,2020-06-26,193.0,Sofia Alves,F,10/4/1950,9.0,Palmas,5.0,monitor,1500.0,,,1,,76.0
131,2,1,2020-06-26,132.0,Leonor Sousa,F,3/11/1998,3.0,Curitiba,2.0,teclado,30.0,,,1,,28.0
891,4,8,2020-06-26,892.0,Isabela Souza,F,12/29/1997,5.0,Santa Catarina,9.0,mesa,860.0,1881.0,2020-08-01,0,36.0,29.0
837,8,4,2020-06-26,838.0,Júlio Martins,M,7/7/1960,9.0,Palmas,5.0,monitor,1500.0,1882.0,2020-07-01,0,5.0,66.0
542,2,6,2020-06-26,543.0,Julieta Costa,F,6/18/1989,3.0,Curitiba,7.0,carregador,150.0,,,1,,37.0
53,1,1,2020-06-26,54.0,Beatrice Goncalves,F,1/1/1937,2.0,Rio de Janeiro,2.0,teclado,30.0,1883.0,2020-07-13,0,17.0,89.0
137,10,3,2020-06-27,138.0,Alex Ferreira,M,2/4/1968,,,4.0,laptop gamer,5300.0,1884.0,2020-07-31,0,34.0,58.0
56,3,8,2020-06-27,57.0,Emily Silva,F,4/21/1986,4.0,Belo Horizonte,9.0,mesa,860.0,1885.0,2020-07-28,0,31.0,40.0
895,2,3,2020-06-27,896.0,Melissa Lima,F,2/24/1936,3.0,Curitiba,4.0,laptop gamer,5300.0,,,1,,90.0
735,4,3,2020-06-29,736.0,Marisa Rocha,F,6/13/1979,5.0,Santa Catarina,4.0,laptop gamer,5300.0,,,1,,47.0
533,10,5,2020-06-29,534.0,Carla Santos,F,10/5/1975,,,6.0,impressora,700.0,1886.0,2020-07-19,0,20.0,51.0
819,6,6,2020-06-29,820.0,Murilo Cunha,M,11/19/1979,7.0,Salvador,7.0,carregador,150.0,1887.0,2020-07-21,0,22.0,47.0
481,1,2,2020-06-29,482.0,Luiza Cardoso,F,8/3/1954,2.0,Rio de Janeiro,3.0,laptop básico,2300.0,1888.0,2020-07-12,0,13.0,72.0
553,8,3,2020-06-29,554.0,Carla Ferreira,F,5/25/1989,9.0,Palmas,4.0,laptop gamer,5300.0,1889.0,2020-08-07,0,39.0,37.0
282,9,4,2020-06-29,283.0,Amanda Barros,F,1/1/2020,10.0,Vitória,5.0,monitor,1500.0,,,1,,6.0
690,8,10,2020-07-01,691.0,Amanda Ribeiro,F,10/2/1952,9.0,Palmas,,,,1890.0,2020-08-10,0,40.0,74.0
312,2,3,2020-07-01,313.0,Larissa Cunha,F,9/15/1972,3.0,Curitiba,4.0,laptop gamer,5300.0,,,1,,54.0
360,2,5,2020-07-01,361.0,Vinicius Santos,M,3/21/1937,3.0,Curitiba,6.0,impressora,700.0,,,1,,89.0
625,8,3,2020-07-01,626.0,Yasmin Silva,F,8/17/1954,9.0,Palmas,4.0,laptop gamer,5300.0,1891.0,2020-07-29,0,28.0,72.0
470,4,3,2020-07-01,471.0,Clara Silva,F,9/26/1942,5.0,Santa Catarina,4.0,laptop gamer,5300.0,1892.0,2020-08-12,0,42.0,84.0
688,2,2,2020-07-01,689.0,Eduardo Alves,M,10/4/1948,3.0,Curitiba,3.0,laptop básico,2300.0,1893.0,2020-08-04,0,34.0,78.0
691,2,8,2020-07-03,692.0,Leila Costa,F,10/16/2000,3.0,Curitiba,9.0,mesa,860.0,1894.0,2020-08-15,0,43.0,26.0
411,5,4,2020-07-03,412.0,Pedro Oliveira,M,2/26/1996,6.0,Recife,5.0,monitor,1500.0,,,1,,30.0
260,2,3,2020-07-03,261.0,Clara Melo,F,8/2/1944,3.0,Curitiba,4.0,laptop gamer,5300.0,,,1,,82.0
384,2,3,2020-07-05,385.0,Arthur Alves,M,3/13/1995,3.0,Curitiba,4.0,laptop gamer,5300.0,,,1,,31.0
847,8,10,2020-07-05,848.0,Matilde Ribeiro,F,10/20/1988,9.0,Palmas,,,,1895.0,2020-07-31,0,26.0,38.0
54,9,6,2020-07-05,55.0,Evelyn Melo,F,4/13/1983,10.0,Vitória,7.0,carregador,150.0,1896.0,2020-07-14,0,9.0,43.0
585,7,3,2020-07-05,586.0,Aline Pinto,F,3/29/1994,8.0,Brasília,4.0,laptop gamer,5300.0,1897.0,2020-07-14,0,9.0,32.0
273,9,3,2020-07-05,274.0,Gustavo Melo,M,9/24/1946,10.0,Vitória,4.0,laptop gamer,5300.0,1898.0,2020-07-19,0,14.0,80.0
7,2,9,2020-07-05,8.0,Gabrielly Almeida,F,7/14/1997,3.0,Curitiba,10.0,xxx-231a,3.2113519999999998,,,1,,29.0
618,6,3,2020-07-07,619.0,Otávio Santos,M,6/8/1974,7.0,Salvador,4.0,laptop gamer,5300.0,1899.0,2020-08-09,0,33.0,52.0
603,6,3,2020-07-07,604.0,Lucas Souza,M,8/18/1939,7.0,Salvador,4.0,laptop gamer,5300.0,1900.0,2020-08-10,0,34.0,87.0
135,5,3,2020-07-07,136.0,Leila Costa,F,11/14/1963,6.0,Recife,4.0,laptop gamer,5300.0,1901.0,2020-07-10,0,3.0,63.0
969,2,3,2020-07-09,970.0,Danilo Santos,M,5/31/1983,3.0,Curitiba,4.0,laptop gamer,5300.0,,,1,,43.0
447,3,2,2020-07-09,448.0,Paulo Costa,M,12/13/1990,4.0,Belo Horizonte,3.0,laptop básico,2300.0,1902.0,2020-08-19,0,41.0,36.0
945,5,3,2020-07-09,946.0,Laura Souza,F,11/18/1995,6.0,Recife,4.0,laptop gamer,5300.0,1903.0,2020-07-20,0,11.0,31.0
870,6,3,2020-07-10,871.0,Julian Oliveira,M,6/9/1951,7.0,Salvador,4.0,laptop gamer,5300.0,1904.0,2020-08-24,0,45.0,75.0
36,2,10,2020-07-10,37.0,Emily Araujo,F,6/15/1989,3.0,Curitiba,,,,,,1,,37.0
488,5,6,2020-07-10,489.0,Marisa Correia,F,12/29/1987,6.0,Recife,7.0,carregador,150.0,,,1,,39.0
320,3,3,2020-07-10,321.0,Júlio Dias,M,11/7/2002,4.0,Belo Horizonte,4.0,laptop gamer,5300.0,1905.0,2020-08-07,0,28.0,24.0
877,2,6,2020-07-10,878.0,Aline Azevedo,F,5/27/1962,3.0,Curitiba,7.0,carregador,150.0,1906.0,2020-07-16,0,6.0,64.0
436,2,7,2020-07-10,437.0,Carla Araujo,F,9/13/2000,3.0,Curitiba,8.0,cadeira,540.0,,,1,,26.0
144,2,1,2020-07-11,145.0,Luan Goncalves,M,10/19/1940,3.0,Curitiba,2.0,teclado,30.0,,,1,,86.0
284,1,8,2020-07-11,285.0,Gustavo Dias,M,6/2/1992,2.0,Rio de Janeiro,9.0,mesa,860.0,1907.0,2020-08-11,0,31.0,34.0
760,10,6,2020-07-11,761.0,Bianca Goncalves,F,7/30/1978,,,7.0,carregador,150.0,1908.0,2020-08-03,0,23.0,48.0
851,2,2,2020-07-11,852.0,Giovanna Pinto,F,8/11/1998,3.0,Curitiba,3.0,laptop básico,2300.0,,,1,,28.0
87,7,3,2020-07-11,88.0,Mariana Cardoso,F,9/11/1943,8.0,Brasília,4.0,laptop gamer,5300.0,1909.0,2020-08-16,0,36.0,83.0
248,1,6,2020-07-11,249.0,Leonardo Barros,M,3/24/1960,2.0,Rio de Janeiro,7.0,carregador,150.0,1910.0,2020-08-02,0,22.0,66.0
3,3,3,2020-07-13,4.0,Sarah Goncalves,F,2/24/1937,4.0,Belo Horizonte,4.0,laptop gamer,5300.0,1911.0,2020-07-21,0,8.0,89.0
196,9,9,2020-07-13,197.0,Marcos Martins,M,1/3/1981,10.0,Vitória,10.0,xxx-231a,3.2113519999999998,1912.0,2020-08-15,0,33.0,45.0
974,2,1,2020-07-13,975.0,Leonardo Barbosa,M,6/26/1944,3.0,Curitiba,2.0,teclado,30.0,,,1,,82.0
64,9,5,2020-07-14,65.0,Luiza Araujo,F,1/19/1976,10.0,Vitória,6.0,impressora,700.0,1913.0,2020-07-26,0,12.0,50.0
872,7,4,2020-07-14,873.0,Bruna Silva,F,12/2/1943,8.0,Brasília,5.0,monitor,1500.0,1914.0,2020-08-01,0,18.0,83.0
658,6,3,2020-07-14,659.0,Matheus Sousa,M,4/7/1944,7.0,Salvador,4.0,laptop gamer,5300.0,1915.0,2020-08-11,0,28.0,82.0
406,7,3,2020-07-14,407.0,Julian Costa,M,11/14/1966,8.0,Brasília,4.0,laptop gamer,5300.0,1916.0,2020-07-14,0,0.0,60.0
682,4,7,2020-07-14,683.0,Kai Barbosa,M,9/29/1990,5.0,Santa Catarina,8.0,cadeira,540.0,,,1,,36.0
374,7,3,2020-07-14,375.0,Renan Melo,M,12/10/1998,8.0,Brasília,4.0,laptop gamer,5300.0,1917.0,2020-08-10,0,27.0,28.0
898,2,3,2020-07-15,899.0,Kauan Pinto,M,7/30/1961,3.0,Curitiba,4.0,laptop gamer,5300.0,,,1,,65.0
616,10,3,2020-07-15,617.0,Cauã Lima,M,3/20/1957,,,4.0,laptop gamer,5300.0,1918.0,2020-07-31,0,16.0,69.0
434,7,3,2020-07-15,435.0,Kauã Cavalcanti,M,11/28/1991,8.0,Brasília,4.0,laptop gamer,5300.0,,,1,,35.0
685,8,3,2020-07-15,686.0,Danilo Ferreira,M,3/26/1973,9.0,Palmas,4.0,laptop gamer,5300.0,1919.0,2020-07-22,0,7.0,53.0
665,1,3,2020-07-15,666.0,Julieta Fernandes,F,9/4/2001,2.0,Rio de Janeiro,4.0,laptop gamer,5300.0,1920.0,2020-07-21,0,6.0,25.0
163,8,3,2020-07-15,164.0,Giovanna Araujo,F,9/30/1994,9.0,Palmas,4.0,laptop gamer,5300.0,1921.0,2020-08-29,0,45.0,32.0
181,7,3,2020-07-16,182.0,Aline Silva,F,12/24/1979,8.0,Brasília,4.0,laptop gamer,5300.0,1922.0,2020-08-26,0,41.0,47.0
213,2,10,2020-07-16,214.0,Matilde Santos,F,12/27/1957,3.0,Curitiba,,,,,,1,,69.0
374,5,8,2020-07-16,375.0,Renan Melo,M,12/10/1998,6.0,Recife,9.0,mesa,860.0,1923.0,2020-08-19,0,34.0,28.0
312,5,3,2020-07-16,313.0,Larissa Cunha,F,9/15/1972,6.0,Recife,4.0,laptop gamer,5300.0,1924.0,2020-07-20,0,4.0,54.0
301,3,3,2020-07-16,302.0,Guilherme Cardoso,o,3/9/1998,4.0,Belo Horizonte,4.0,laptop gamer,5300.0,1925.0,2020-08-19,0,34.0,28.0
720,1,5,2020-07-16,721.0,Clara Rodrigues,F,11/7/1999,2.0,Rio de Janeiro,6.0,impressora,700.0,1926.0,2020-08-07,0,22.0,27.0
933,2,2,2020-07-19,934.0,Vitória Barbosa,F,8/24/1941,3.0,Curitiba,3.0,laptop básico,2300.0,1927.0,2020-08-10,0,22.0,85.0
322,2,3,2020-07-19,323.0,Rafael Dias,M,3/3/1957,3.0,Curitiba,4.0,laptop gamer,5300.0,,,1,,69.0
969,6,6,2020-07-19,970.0,Danilo Santos,M,5/31/1983,7.0,Salvador,7.0,carregador,150.0,1928.0,2020-08-18,0,30.0,43.0
780,5,3,2020-07-19,781.0,Kai Melo,M,2/22/1948,6.0,Recife,4.0,laptop gamer,5300.0,1929.0,2020-08-04,0,16.0,78.0
635,8,3,2020-07-19,636.0,Lavinia Carvalho,F,8/21/1994,9.0,Palmas,4.0,laptop gamer,5300.0,1930.0,2020-07-21,0,2.0,32.0
929,10,3,2020-07-19,930.0,Camila Castro,F,5/14/1948,,,4.0,laptop gamer,5300.0,1931.0,2020-08-29,0,41.0,78.0
816,4,3,2020-07-19,817.0,Kauan Azevedo,M,2/23/1958,5.0,Santa Catarina,4.0,laptop gamer,5300.0,1932.0,2020-08-27,0,39.0,68.0
205,9,8,2020-07-19,206.0,Caio Pinto,M,4/12/1964,10.0,Vitória,9.0,mesa,860.0,1933.0,2020-07-29,0,10.0,62.0
895,1,8,2020-07-19,896.0,Melissa Lima,F,2/24/1936,2.0,Rio de Janeiro,9.0,mesa,860.0,1934.0,2020-08-28,0,40.0,90.0
907,1,8,2020-07-19,908.0,Amanda Lima,F,3/18/1941,2.0,Rio de Janeiro,9.0,mesa,860.0,1935.0,2020-07-26,0,7.0,85.0
110,3,9,2020-07-19,111.0,Estevan Sousa,M,5/19/1973,4.0,Belo Horizonte,10.0,xxx-231a,3.2113519999999998,1936.0,2020-08-09,0,21.0,53.0
422,9,2,2020-07-19,423.0,Letícia Cardoso,F,7/7/1961,10.0,Vitória,3.0,laptop básico,2300.0,1937.0,2020-08-04,0,16.0,65.0
664,2,3,2020-07-21,665.0,Carolina Ribeiro,F,3/28/1969,3.0,Curitiba,4.0,laptop gamer,5300.0,,,1,,57.0
13,9,6,2020-07-21,14.0,Eduardo Santos,M,7/22/1980,10.0,Vitória,7.0,carregador,150.0,1938.0,2020-08-04,0,14.0,46.0
806,2,9,2020-07-21,807.0,Murilo Almeida,M,3/6/2000,3.0,Curitiba,10.0,xxx-231a,3.2113519999999998,1939.0,2020-08-16,0,26.0,26.0
413,2,8,2020-07-22,414.0,Kaua Pinto,M,1/5/1958,3.0,Curitiba,9.0,mesa,860.0,,,1,,68.0
790,4,5,2020-07-22,791.0,Cauã Azevedo,M,2/28/1938,5.0,Santa Catarina,6.0,impressora,700.0,1940.0,2020-08-15,0,24.0,88.0
961,2,2,2020-07-22,962.0,Nicole Ferreira,F,5/10/1950,3.0,Curitiba,3.0,laptop básico,2300.0,1941.0,2020-09-01,0,41.0,76.0
92,7,5,2020-07-22,93.0,Caio Barros,M,3/23/1970,8.0,Brasília,6.0,impressora,700.0,1942.0,2020-08-06,0,15.0,56.0
356,2,3,2020-07-22,357.0,Laura Sousa,F,5/19/1974,3.0,Curitiba,4.0,laptop gamer,5300.0,,,1,,52.0
18,4,3,2020-07-22,19.0,Luis Araujo,M,1/22/1966,5.0,Santa Catarina,4.0,laptop gamer,5300.0,1943.0,2020-08-29,0,38.0,60.0
37,2,6,2020-07-26,38.0,Leonardo Sousa,M,4/26/1958,3.0,Curitiba,7.0,carregador,150.0,,,1,,68.0
608,7,3,2020-07-26,609.0,Enzo Barros,M,3/2/1959,8.0,Brasília,4.0,laptop gamer,5300.0,,,1,,67.0
461,2,3,2020-07-26,462.0,Isabelle Almeida,F,10/21/1998,3.0,Curitiba,4.0,laptop gamer,5300.0,1944.0,2020-09-05,0,41.0,28.0
919,2,3,2020-07-26,920.0,Camila Cunha,F,11/25/2000,3.0,Curitiba,4.0,laptop gamer,5300.0,,,1,,26.0
729,1,10,2020-07-26,730.0,Erick Ferreira,M,6/5/1945,2.0,Rio de Janeiro,,,,,,1,,81.0
90,2,4,2020-07-26,91.0,Nicole Sousa,F,1/2/1954,3.0,Curitiba,5.0,monitor,1500.0,1945.0,2020-08-09,0,14.0,72.0
801,2,5,2020-07-26,802.0,Sofia Barbosa,F,7/5/1984,3.0,Curitiba,6.0,impressora,700.0,,,1,,42.0
112,2,3,2020-07-26,113.0,Douglas Gomes,M,10/28/1944,3.0,Curitiba,4.0,laptop gamer,5300.0,,,1,,82.0
354,9,10,2020-07-26,355.0,Júlio Cavalcanti,M,8/12/1995,10.0,Vitória,,,,1946.0,2020-09-04,0,40.0,31.0
861,4,2,2020-07-27,862.0,Daniel Gomes,M,8/2/1952,5.0,Santa Catarina,3.0,laptop básico,2300.0,1947.0,2020-08-22,0,26.0,74.0
888,2,10,2020-07-27,889.0,Kauan Ferreira,M,8/28/1954,3.0,Curitiba,,,,1948.0,2020-08-06,0,10.0,72.0
194,7,3,2020-07-27,195.0,Carlos Barros,M,6/3/1952,8.0,Brasília,4.0,laptop gamer,5300.0,1949.0,2020-07-30,0,3.0,74.0
22,2,3,2020-07-31,23.0,Gabrielly Castro,F,12/29/1980,3.0,Curitiba,4.0,laptop gamer,5300.0,1950.0,2020-09-08,0,39.0,46.0
447,8,8,2020-07-31,448.0,Paulo Costa,M,12/13/1990,9.0,Palmas,9.0,mesa,860.0,1951.0,2020-09-07,0,38.0,36.0
430,2,10,2020-07-31,431.0,Martim Cunha,M,7/2/1969,3.0,Curitiba,,,,1952.0,2020-08-08,0,8.0,57.0
842,7,5,2020-08-02,843.0,Nicolas Fernandes,M,6/11/1942,8.0,Brasília,6.0,impressora,700.0,1953.0,2020-09-08,0,37.0,84.0
560,1,3,2020-08-02,561.0,Bianca Fernandes,F,10/16/1968,2.0,Rio de Janeiro,4.0,laptop gamer,5300.0,1954.0,2020-08-16,0,14.0,58.0
747,2,3,2020-08-02,748.0,Gustavo Almeida,M,5/12/1992,3.0,Curitiba,4.0,laptop gamer,5300.0,,,1,,34.0
162,3,10,2020-08-02,163.0,Ana Pereira,F,1/10/1967,4.0,Belo Horizonte,,,,1955.0,2020-09-06,0,35.0,59.0
190,10,3,2020-08-02,191.0,Anna Castro,F,2/11/1984,,,4.0,laptop gamer,5300.0,,,1,,42.0
383,2,3,2020-08-02,384.0,Leila Costa,F,8/29/1988,3.0,Curitiba,4.0,laptop gamer,5300.0,,,1,,38.0
661,10,8,2020-08-03,662.0,Laura Ribeiro,F,8/1/1960,,,9.0,mesa,860.0,1956.0,2020-08-22,0,19.0,66.0
513,2,3,2020-08-03,514.0,Joao Souza,M,10/14/1939,3.0,Curitiba,4.0,laptop gamer,5300.0,,,1,,87.0
233,4,3,2020-08-03,234.0,Diego Goncalves,M,2/6/1941,5.0,Santa Catarina,4.0,laptop gamer,5300.0,1957.0,2020-08-22,0,19.0,85.0
521,2,3,2020-08-04,522.0,Bianca Martins,F,10/12/1938,3.0,Curitiba,4.0,laptop gamer,5300.0,,,1,,88.0
677,4,3,2020-08-04,678.0,Bruno Oliveira,M,3/10/1942,5.0,Santa Catarina,4.0,laptop gamer,5300.0,1958.0,2020-09-12,0,39.0,84.0
715,2,5,2020-08-04,716.0,Julieta Castro,F,6/1/1996,3.0,Curitiba,6.0,impressora,700.0,1959.0,2020-08-06,0,2.0,30.0
977,4,10,2020-08-04,978.0,Enzo Lima,M,8/17/2000,5.0,Santa Catarina,,,,,,1,,26.0
902,7,6,2020-08-04,903.0,Bianca Santos,F,12/6/1964,8.0,Brasília,7.0,carregador,150.0,1960.0,2020-08-04,0,0.0,62.0
352,10,5,2020-08-04,353.0,Melissa Cavalcanti,F,7/12/1984,,,6.0,impressora,700.0,1961.0,2020-08-31,0,27.0,42.0
563,4,1,2020-08-06,564.0,Leonardo Barros,M,1/13/1993,5.0,Santa Catarina,2.0,teclado,30.0,1962.0,2020-09-04,0,29.0,33.0
352,10,2,2020-08-06,353.0,Melissa Cavalcanti,F,7/12/1984,,,3.0,laptop básico,2300.0,1963.0,2020-09-01,0,26.0,42.0
734,10,3,2020-08-06,735.0,Sofia Oliveira,F,10/23/1937,,,4.0,laptop gamer,5300.0,,,1,,89.0
51,1,3,2020-08-06,52.0,Isabela Gomes,F,5/30/1970,2.0,Rio de Janeiro,4.0,laptop gamer,5300.0,1964.0,2020-08-07,0,1.0,56.0
312,3,2,2020-08-06,313.0,Larissa Cunha,F,9/15/1972,4.0,Belo Horizonte,3.0,laptop básico,2300.0,1965.0,2020-09-06,0,31.0,54.0
522,8,6,2020-08-06,523.0,Tânia Alves,F,12/7/1991,9.0,Palmas,7.0,carregador,150.0,1966.0,2020-09-18,0,43.0,35.0
25,2,3,2020-08-06,26.0,Isabella Lima,F,8/12/1987,3.0,Curitiba,4.0,laptop gamer,5300.0,,,1,,39.0
233,8,3,2020-08-06,234.0,Diego Goncalves,M,2/6/1941,9.0,Palmas,4.0,laptop gamer,5300.0,1967.0,2020-08-10,0,4.0,85.0
838,2,8,2020-08-06,839.0,Breno Souza,M,12/25/1949,3.0,Curitiba,9.0,mesa,860.0,,,1,,77.0
718,9,3,2020-08-06,719.0,Enzo Fernandes,M,4/18/1943,10.0,Vitória,4.0,laptop gamer,5300.0,1968.0,2020-08-18,0,12.0,83.0
696,7,1,2020-08-06,697.0,Luís Fernandes,M,4/3/1997,8.0,Brasília,2.0,teclado,30.0,1969.0,2020-09-06,0,31.0,29.0
744,2,3,2020-08-06,745.0,Otávio Alves,M,9/8/1957,3.0,Curitiba,4.0,laptop gamer,5300.0,1970.0,2020-08-25,0,19.0,69.0
569,3,5,2020-08-06,570.0,Marina Araujo,F,2/18/1947,4.0,Belo Horizonte,6.0,impressora,700.0,1971.0,2020-09-04,0,29.0,79.0
654,2,10,2020-08-06,655.0,Julian Dias,M,11/7/1964,3.0,Curitiba,,,,,,1,,62.0
829,9,2,2020-08-06,830.0,Otávio Dias,M,10/24/1974,10.0,Vitória,3.0,laptop básico,2300.0,1972.0,2020-08-17,0,11.0,52.0
781,9,3,2020-08-09,782.0,Tiago Ferreira,M,12/19/1938,10.0,Vitória,4.0,laptop gamer,5300.0,1973.0,2020-08-29,0,20.0,88.0
917,2,7,2020-08-09,918.0,Sophia Cunha,F,6/27/1966,3.0,Curitiba,8.0,cadeira,540.0,,,1,,60.0
886,2,6,2020-08-09,887.0,Matheus Rocha,M,10/6/1986,3.0,Curitiba,7.0,carregador,150.0,,,1,,40.0
979,7,3,2020-08-09,980.0,Livia Pinto,F,10/16/1974,8.0,Brasília,4.0,laptop gamer,5300.0,1974.0,2020-09-12,0,34.0,52.0
685,2,5,2020-08-09,686.0,Danilo Ferreira,M,3/26/1973,3.0,Curitiba,6.0,impressora,700.0,,,1,,53.0
461,2,1,2020-08-09,462.0,Isabelle Almeida,F,10/21/1998,3.0,Curitiba,2.0,teclado,30.0,1975.0,2020-08-28,0,19.0,28.0
510,3,1,2020-08-11,511.0,Arthur Almeida,M,5/25/1994,4.0,Belo Horizonte,2.0,teclado,30.0,1976.0,2020-09-25,0,45.0,32.0
521,3,3,2020-08-11,522.0,Bianca Martins,F,10/12/1938,4.0,Belo Horizonte,4.0,laptop gamer,5300.0,1977.0,2020-09-13,0,33.0,88.0
1,2,3,2020-08-11,2.0,Caio Pereira,M,4/16/1978,3.0,Curitiba,4.0,laptop gamer,5300.0,,,1,,48.0
13,3,8,2020-08-12,14.0,Eduardo Santos,M,7/22/1980,4.0,Belo Horizonte,9.0,mesa,860.0,1978.0,2020-09-23,0,42.0,46.0
913,10,3,2020-08-12,914.0,Eduarda Cunha,F,12/10/1951,,,4.0,laptop gamer,5300.0,1979.0,2020-08-17,0,5.0,75.0
845,5,3,2020-08-12,846.0,Pedro Martins,M,3/18/1995,6.0,Recife,4.0,laptop gamer,5300.0,1980.0,2020-09-08,0,27.0,31.0
543,7,8,2020-08-12,544.0,Pedro Sousa,M,6/19/1952,8.0,Brasília,9.0,mesa,860.0,1981.0,2020-09-08,0,27.0,74.0
38,3,1,2020-08-12,39.0,Giovana Barbosa,F,10/7/1962,4.0,Belo Horizonte,2.0,teclado,30.0,1982.0,2020-09-09,0,28.0,64.0
666,4,10,2020-08-12,667.0,Emilly Oliveira,F,5/19/1944,5.0,Santa Catarina,,,,1983.0,2020-09-04,0,23.0,82.0
806,2,2,2020-08-12,807.0,Murilo Almeida,M,3/6/2000,3.0,Curitiba,3.0,laptop básico,2300.0,,,1,,26.0
516,2,3,2020-08-12,517.0,Caio Barbosa,M,3/9/1958,3.0,Curitiba,4.0,laptop gamer,5300.0,,,1,,68.0
863,4,3,2020-08-12,864.0,Luan Fernandes,M,8/1/1942,5.0,Santa Catarina,4.0,laptop gamer,5300.0,1984.0,2020-08-15,0,3.0,84.0
124,2,2,2020-08-13,125.0,Sofia Almeida,F,4/15/1939,3.0,Curitiba,3.0,laptop básico,2300.0,,,1,,87.0
549,2,3,2020-08-13,550.0,Larissa Ferreira,F,5/10/1983,3.0,Curitiba,4.0,laptop gamer,5300.0,1985.0,2020-09-22,0,40.0,43.0
395,10,3,2020-08-13,396.0,Gabriela Santos,F,4/27/2000,,,4.0,laptop gamer,5300.0,1986.0,2020-09-25,0,43.0,26.0
264,10,3,2020-08-14,265.0,sem nome,M,2/7/1979,,,4.0,laptop gamer,5300.0,1987.0,2020-09-24,0,41.0,47.0
534,8,5,2020-08-14,535.0,Cauã Fernandes,M,5/30/1982,9.0,Palmas,6.0,impressora,700.0,1988.0,2020-09-04,0,21.0,44.0
835,4,3,2020-08-14,836.0,Laura Carvalho,F,11/2/1966,5.0,Santa Catarina,4.0,laptop gamer,5300.0,1989.0,2020-09-22,0,39.0,60.0
45,9,2,2020-08-16,46.0,Isabela Pinto,F,11/10/1944,10.0,Vitória,3.0,laptop básico,2300.0,1990.0,2020-09-18,0,33.0,82.0
114,4,6,2020-08-16,115.0,Tomás Pereira,M,5/22/1999,5.0,Santa Catarina,7.0,carregador,150.0,1991.0,2020-08-31,0,15.0,27.0
645,2,8,2020-08-16,646.0,Murilo Carvalho,M,6/15/1962,3.0,Curitiba,9.0,mesa,860.0,,,1,,64.0
514,9,3,2020-08-16,515.0,Rafael Cavalcanti,M,5/11/1968,10.0,Vitória,4.0,laptop gamer,5300.0,1992.0,2020-08-26,0,10.0,58.0
212,6,3,2020-08-16,213.0,Emilly Rocha,F,3/19/1990,7.0,Salvador,4.0,laptop gamer,5300.0,,,1,,36.0
444,3,3,2020-08-16,445.0,Giovanna Rodrigues,F,8/20/1982,4.0,Belo Horizonte,4.0,laptop gamer,5300.0,1993.0,2020-08-30,0,14.0,44.0
761,10,3,2020-08-18,762.0,Vinícius Goncalves,M,6/29/1958,,,4.0,laptop gamer,5300.0,1994.0,2020-09-25,0,38.0,68.0
351,10,4,2020-08-18,352.0,Júlio Pinto,M,9/5/1965,,,5.0,monitor,1500.0,,,1,,61.0
627,1,2,2020-08-18,628.0,Bianca Costa,F,12/26/1985,2.0,Rio de Janeiro,3.0,laptop básico,2300.0,1995.0,2020-09-21,0,34.0,41.0
469,5,3,2020-08-18,470.0,Douglas Costa,M,12/27/1993,6.0,Recife,4.0,laptop gamer,5300.0,1996.0,2020-09-07,0,20.0,33.0
578,2,5,2020-08-18,579.0,Nicole Ferreira,F,11/3/1979,3.0,Curitiba,6.0,impressora,700.0,,,1,,47.0
18,2,1,2020-08-18,19.0,Luis Araujo,M,1/22/1966,3.0,Curitiba,2.0,teclado,30.0,1997.0,2020-09-26,0,39.0,60.0
333,4,2,2020-08-19,334.0,Leonor Barbosa,F,5/15/1964,5.0,Santa Catarina,3.0,laptop básico,2300.0,,,1,,62.0
881,10,8,2020-08-19,882.0,Yasmin Carvalho,F,7/6/1978,,,9.0,mesa,860.0,1998.0,2020-08-25,0,6.0,48.0
86,2,9,2020-08-19,87.0,Lara Fernandes,F,6/26/1963,3.0,Curitiba,10.0,xxx-231a,3.2113519999999998,1999.0,2020-09-09,0,21.0,63.0
9,8,3,2020-08-22,10.0,Tomás Rodrigues,M,4/10/1935,9.0,Palmas,4.0,laptop gamer,5300.0,2000.0,2020-10-01,0,40.0,91.0
61,4,3,2020-08-22,62.0,Kauan Araujo,M,10/8/1982,5.0,Santa Catarina,4.0,laptop gamer,5300.0,2001.0,2020-10-05,0,44.0,44.0
816,2,8,2020-08-22,817.0,Kauan Azevedo,M,2/23/1958,3.0,Curitiba,9.0,mesa,860.0,2002.0,2020-09-04,0,13.0,68.0
800,1,1,2020-08-23,801.0,Laura Cardoso,F,5/15/1938,2.0,Rio de Janeiro,2.0,teclado,30.0,2003.0,2020-09-25,0,33.0,88.0
641,2,3,2020-08-23,642.0,Kauê Cunha,M,4/1/1948,3.0,Curitiba,4.0,laptop gamer,5300.0,,,1,,78.0
226,2,1,2020-08-23,227.0,Davi Dias,M,2/6/1950,3.0,Curitiba,2.0,teclado,30.0,2004.0,2020-09-18,0,26.0,76.0
186,5,2,2020-08-23,187.0,Emilly Almeida,F,2/2/1968,6.0,Recife,3.0,laptop básico,2300.0,2005.0,2020-10-03,0,41.0,58.0
242,9,2,2020-08-23,243.0,Sofia Barros,F,3/10/1984,10.0,Vitória,3.0,laptop básico,2300.0,2006.0,2020-10-05,0,43.0,42.0
168,3,2,2020-08-23,169.0,Matilde Almeida,F,5/23/1993,4.0,Belo Horizonte,3.0,laptop básico,2300.0,2007.0,2020-10-03,0,41.0,33.0
757,1,5,2020-08-23,758.0,Carlos Almeida,M,3/10/1989,2.0,Rio de Janeiro,6.0,impressora,700.0,2008.0,2020-09-22,0,30.0,37.0
340,1,3,2020-08-23,341.0,Kauan Rodrigues,M,9/20/1984,2.0,Rio de Janeiro,4.0,laptop gamer,5300.0,2009.0,2020-09-07,0,15.0,42.0
907,2,10,2020-08-23,908.0,Amanda Lima,F,3/18/1941,3.0,Curitiba,,,,,,1,,85.0
917,7,7,2020-08-23,918.0,Sophia Cunha,F,6/27/1966,8.0,Brasília,8.0,cadeira,540.0,2010.0,2020-08-24,0,1.0,60.0
691,2,1,2020-08-23,692.0,Leila Costa,F,10/16/2000,3.0,Curitiba,2.0,teclado,30.0,,,1,,26.0
857,2,3,2020-08-23,858.0,Fernanda Pinto,F,8/25/1960,3.0,Curitiba,4.0,laptop gamer,5300.0,,,1,,66.0
929,2,4,2020-08-26,930.0,Camila Castro,F,5/14/1948,3.0,Curitiba,5.0,monitor,1500.0,,,1,,78.0
890,5,4,2020-08-26,891.0,Sofia Souza,F,7/8/1941,6.0,Recife,5.0,monitor,1500.0,,,1,,85.0
676,3,3,2020-08-26,677.0,Vinícius Barbosa,M,12/21/1956,4.0,Belo Horizonte,4.0,laptop gamer,5300.0,2011.0,2020-09-26,0,31.0,70.0
296,4,3,2020-08-28,297.0,Kauê Oliveira,M,3/8/1956,5.0,Santa Catarina,4.0,laptop gamer,5300.0,2012.0,2020-09-14,0,17.0,70.0
513,3,2,2020-08-28,514.0,Joao Souza,M,10/14/1939,4.0,Belo Horizonte,3.0,laptop básico,2300.0,2013.0,2020-09-25,0,28.0,87.0
100,1,2,2020-08-28,101.0,Davi Pereira,M,9/14/1995,2.0,Rio de Janeiro,3.0,laptop básico,2300.0,2014.0,2020-09-11,0,14.0,31.0
629,2,3,2020-08-30,630.0,Bruno Rodrigues,M,6/14/1961,3.0,Curitiba,4.0,laptop gamer,5300.0,,,1,,65.0
611,2,3,2020-08-30,612.0,Vitor Costa,M,6/21/1989,3.0,Curitiba,4.0,laptop gamer,5300.0,,,1,,37.0
285,10,3,2020-08-30,286.0,Kai Cavalcanti,M,6/11/1952,,,4.0,laptop gamer,5300.0,,,1,,74.0
231,2,5,2020-08-30,232.0,Clara Rodrigues,F,8/18/1938,3.0,Curitiba,6.0,impressora,700.0,2015.0,2020-09-20,0,21.0,88.0
243,2,3,2020-08-30,244.0,Thiago Ribeiro,M,1/31/1935,3.0,Curitiba,4.0,laptop gamer,5300.0,,,1,,91.0
635,4,1,2020-08-30,636.0,Lavinia Carvalho,F,8/21/1994,5.0,Santa Catarina,2.0,teclado,30.0,2016.0,2020-08-30,0,0.0,32.0
276,4,8,2020-08-30,277.0,Brenda Santos,F,1/1/2020,5.0,Santa Catarina,9.0,mesa,860.0,2017.0,2020-10-11,0,42.0,6.0
676,2,3,2020-08-30,677.0,Vinícius Barbosa,M,12/21/1956,3.0,Curitiba,4.0,laptop gamer,5300.0,2018.0,2020-10-13,0,44.0,70.0
546,2,3,2020-08-30,547.0,Kaua Fernandes,M,10/17/2001,3.0,Curitiba,4.0,laptop gamer,5300.0,2019.0,2020-09-07,0,8.0,25.0
36,2,3,2020-09-01,37.0,Emily Araujo,F,6/15/1989,3.0,Curitiba,4.0,laptop gamer,5300.0,,,1,,37.0
226,7,5,2020-09-01,227.0,Davi Dias,M,2/6/1950,8.0,Brasília,6.0,impressora,700.0,2020.0,2020-09-13,0,12.0,76.0
845,8,3,2020-09-01,846.0,Pedro Martins,M,3/18/1995,9.0,Palmas,4.0,laptop gamer,5300.0,2021.0,2020-09-15,0,14.0,31.0
295,2,5,2020-09-03,296.0,Luís Sousa,M,3/3/2002,3.0,Curitiba,6.0,impressora,700.0,,,1,,24.0
941,8,6,2020-09-03,942.0,Bruno Gomes,M,8/29/1990,9.0,Palmas,7.0,carregador,150.0,2022.0,2020-10-12,0,39.0,36.0
664,10,3,2020-09-03,665.0,Carolina Ribeiro,F,3/28/1969,,,4.0,laptop gamer,5300.0,,,1,,57.0
471,8,3,2020-09-07,472.0,Melissa Silva,F,2/27/1972,9.0,Palmas,4.0,laptop gamer,5300.0,2023.0,2020-09-22,0,15.0,54.0
257,7,1,2020-09-07,258.0,Gabrielle Barbosa,F,3/17/1967,8.0,Brasília,2.0,teclado,30.0,2024.0,2020-09-19,0,12.0,59.0
418,1,9,2020-09-07,419.0,Melissa Araujo,F,7/15/1999,2.0,Rio de Janeiro,10.0,xxx-231a,3.2113519999999998,2025.0,2020-09-28,0,21.0,27.0
599,7,3,2020-09-08,600.0,Matheus Cunha,M,12/26/1994,8.0,Brasília,4.0,laptop gamer,5300.0,2026.0,2020-10-06,0,28.0,32.0
830,2,3,2020-09-08,831.0,José Barros,M,10/13/1967,3.0,Curitiba,4.0,laptop gamer,5300.0,,,1,,59.0
625,2,3,2020-09-08,626.0,Yasmin Silva,F,8/17/1954,3.0,Curitiba,4.0,laptop gamer,5300.0,,,1,,72.0
474,2,9,2020-09-08,475.0,Kauan Melo,M,2/14/1986,3.0,Curitiba,10.0,xxx-231a,3.2113519999999998,,,1,,40.0
390,5,1,2020-09-08,391.0,Kai Souza,M,2/6/1987,6.0,Recife,2.0,teclado,30.0,2027.0,2020-10-23,0,45.0,39.0
735,1,2,2020-09-08,736.0,Marisa Rocha,F,6/13/1979,2.0,Rio de Janeiro,3.0,laptop básico,2300.0,2028.0,2020-09-26,0,18.0,47.0
584,2,4,2020-09-10,585.0,Luiz Souza,M,4/16/1965,3.0,Curitiba,5.0,monitor,1500.0,2029.0,2020-10-04,0,24.0,61.0
36,5,2,2020-09-10,37.0,Emily Araujo,F,6/15/1989,6.0,Recife,3.0,laptop básico,2300.0,2030.0,2020-10-01,0,21.0,37.0
677,6,9,2020-09-10,678.0,Bruno Oliveira,M,3/10/1942,7.0,Salvador,10.0,xxx-231a,3.2113519999999998,2031.0,2020-10-03,0,23.0,84.0
994,1,3,2020-09-10,995.0,Ágatha Pereira,F,12/24/1939,2.0,Rio de Janeiro,4.0,laptop gamer,5300.0,2032.0,2020-10-16,0,36.0,87.0
605,7,7,2020-09-10,606.0,Vitória Silva,F,10/18/1991,8.0,Brasília,8.0,cadeira,540.0,2033.0,2020-09-24,0,14.0,35.0
910,9,3,2020-09-10,911.0,Beatriz Araujo,F,3/10/1935,10.0,Vitória,4.0,laptop gamer,5300.0,2034.0,2020-10-11,0,31.0,91.0
387,3,10,2020-09-10,388.0,Gabrielly Melo,F,9/9/1959,4.0,Belo Horizonte,,,,2035.0,2020-09-12,0,2.0,67.0
122,7,3,2020-09-10,123.0,Thaís Sousa,F,11/4/1936,8.0,Brasília,4.0,laptop gamer,5300.0,2036.0,2020-09-19,0,9.0,90.0
775,7,4,2020-09-10,776.0,Eduarda Melo,F,3/31/1976,8.0,Brasília,5.0,monitor,1500.0,2037.0,2020-10-03,0,23.0,50.0
818,1,3,2020-09-12,819.0,Rafaela Pinto,F,9/6/2002,2.0,Rio de Janeiro,4.0,laptop gamer,5300.0,2038.0,2020-09-13,0,1.0,24.0
77,5,3,2020-09-12,78.0,Leila Sousa,F,8/22/1988,6.0,Recife,4.0,laptop gamer,5300.0,2039.0,2020-10-12,0,30.0,38.0
889,9,6,2020-09-12,890.0,Vitór Carvalho,M,6/24/1986,10.0,Vitória,7.0,carregador,150.0,2040.0,2020-10-05,0,23.0,40.0
131,2,3,2020-09-13,132.0,Leonor Sousa,F,3/11/1998,3.0,Curitiba,4.0,laptop gamer,5300.0,,,1,,28.0
847,2,6,2020-09-13,848.0,Matilde Ribeiro,F,10/20/1988,3.0,Curitiba,7.0,carregador,150.0,2041.0,2020-09-20,0,7.0,38.0
754,8,8,2020-09-13,755.0,Thaís Cardoso,F,1/28/1980,9.0,Palmas,9.0,mesa,860.0,2042.0,2020-09-14,0,1.0,46.0
894,9,6,2020-09-14,895.0,Rafael Azevedo,M,9/18/1975,10.0,Vitória,7.0,carregador,150.0,,,1,,51.0
35,7,10,2020-09-14,36.0,Felipe Azevedo,M,10/13/1964,8.0,Brasília,,,,2043.0,2020-10-21,0,37.0,62.0
73,2,3,2020-09-14,74.0,Julia Carvalho,F,12/2/1949,3.0,Curitiba,4.0,laptop gamer,5300.0,,,1,,77.0
320,6,7,2020-09-16,321.0,Júlio Dias,M,11/7/2002,7.0,Salvador,8.0,cadeira,540.0,2044.0,2020-10-07,0,21.0,24.0
573,2,2,2020-09-16,574.0,Leila Rocha,F,9/5/1968,3.0,Curitiba,3.0,laptop básico,2300.0,2045.0,2020-10-26,0,40.0,58.0
341,8,2,2020-09-16,342.0,Lucas Lima,M,3/16/1947,9.0,Palmas,3.0,laptop básico,2300.0,2046.0,2020-10-23,0,37.0,79.0
719,7,5,2020-09-16,720.0,Leonardo Barbosa,M,1/6/1976,8.0,Brasília,6.0,impressora,700.0,2047.0,2020-10-30,0,44.0,50.0
182,2,3,2020-09-16,183.0,Melissa Cavalcanti,F,7/23/1946,3.0,Curitiba,4.0,laptop gamer,5300.0,2048.0,2020-10-28,0,42.0,80.0
958,2,3,2020-09-16,959.0,Isabelle Cardoso,F,3/31/1964,3.0,Curitiba,4.0,laptop gamer,5300.0,2049.0,2020-10-07,0,21.0,62.0
869,6,8,2020-09-17,870.0,Pedro Correia,M,3/13/1974,7.0,Salvador,9.0,mesa,860.0,2050.0,2020-10-10,0,23.0,52.0
355,2,2,2020-09-17,356.0,Isabela Lima,F,2/9/1953,3.0,Curitiba,3.0,laptop básico,2300.0,2051.0,2020-09-23,0,6.0,73.0
405,3,10,2020-09-17,406.0,Maria Carvalho,F,6/12/1972,4.0,Belo Horizonte,,,,2052.0,2020-10-03,0,16.0,54.0
613,2,7,2020-09-19,614.0,Yasmin Sousa,F,8/11/1944,3.0,Curitiba,8.0,cadeira,540.0,2053.0,2020-10-07,0,18.0,82.0
834,5,3,2020-09-19,835.0,Gabrielly Oliveira,F,10/9/1983,6.0,Recife,4.0,laptop gamer,5300.0,2054.0,2020-10-19,0,30.0,43.0
684,5,5,2020-09-19,685.0,Sarah Goncalves,F,9/19/1955,6.0,Recife,6.0,impressora,700.0,2055.0,2020-10-30,0,41.0,71.0
638,2,7,2020-09-19,639.0,Vinicius Cardoso,M,12/10/1995,3.0,Curitiba,8.0,cadeira,540.0,2056.0,2020-09-23,0,4.0,31.0
742,8,3,2020-09-19,743.0,Gabrielly Barros,F,4/6/1946,9.0,Palmas,4.0,laptop gamer,5300.0,2057.0,2020-11-03,0,45.0,80.0
482,5,3,2020-09-19,483.0,Enzo Goncalves,M,6/1/1938,6.0,Recife,4.0,laptop gamer,5300.0,2058.0,2020-09-24,0,5.0,88.0
588,3,8,2020-09-20,589.0,Emily Castro,F,5/11/1936,4.0,Belo Horizonte,9.0,mesa,860.0,2059.0,2020-10-04,0,14.0,90.0
925,2,3,2020-09-20,926.0,Vitória Goncalves,F,10/9/1974,3.0,Curitiba,4.0,laptop gamer,5300.0,,,1,,52.0
882,2,3,2020-09-20,883.0,Tânia Sousa,F,6/3/1997,3.0,Curitiba,4.0,laptop gamer,5300.0,,,1,,29.0
726,4,5,2020-09-20,727.0,Marcos Cunha,M,12/1/1985,5.0,Santa Catarina,6.0,impressora,700.0,2060.0,2020-09-23,0,3.0,41.0
875,2,8,2020-09-20,876.0,Camila Barbosa,F,10/14/2001,3.0,Curitiba,9.0,mesa,860.0,,,1,,25.0
811,7,3,2020-09-20,812.0,Diego Rodrigues,M,1/7/1938,8.0,Brasília,4.0,laptop gamer,5300.0,2061.0,2020-11-03,0,44.0,88.0
190,6,3,2020-09-22,191.0,Anna Castro,F,2/11/1984,7.0,Salvador,4.0,laptop gamer,5300.0,2062.0,2020-10-28,0,36.0,42.0
282,10,3,2020-09-22,283.0,Amanda Barros,F,1/1/2020,,,4.0,laptop gamer,5300.0,2063.0,2020-10-18,0,26.0,6.0
104,8,3,2020-09-22,105.0,Camila Ribeiro,F,4/9/1988,9.0,Palmas,4.0,laptop gamer,5300.0,2064.0,2020-09-22,0,0.0,38.0
919,7,2,2020-09-22,920.0,Camila Cunha,F,11/25/2000,8.0,Brasília,3.0,laptop básico,2300.0,2065.0,2020-09-23,0,1.0,26.0
338,2,1,2020-09-22,339.0,Marisa Martins,F,11/8/1935,3.0,Curitiba,2.0,teclado,30.0,2066.0,2020-10-18,0,26.0,91.0
778,2,1,2020-09-22,779.0,Larissa Ferreira,F,12/31/1991,3.0,Curitiba,2.0,teclado,30.0,,,1,,35.0
398,2,6,2020-09-22,399.0,Gabriela Araujo,F,4/19/1977,3.0,Curitiba,7.0,carregador,150.0,,,1,,49.0
48,8,3,2020-09-22,49.0,Rafael Melo,M,9/3/1972,9.0,Palmas,4.0,laptop gamer,5300.0,2067.0,2020-10-25,0,33.0,54.0
447,2,1,2020-09-22,448.0,Paulo Costa,M,12/13/1990,3.0,Curitiba,2.0,teclado,30.0,,,1,,36.0
844,2,10,2020-09-24,845.0,Luiza Cunha,F,11/10/1944,3.0,Curitiba,,,,,,1,,82.0
583,9,3,2020-09-24,584.0,Rodrigo Cunha,M,1/23/1991,10.0,Vitória,4.0,laptop gamer,5300.0,2068.0,2020-10-04,0,10.0,35.0
457,2,3,2020-09-24,458.0,Sarah Ferreira,F,7/20/1939,3.0,Curitiba,4.0,laptop gamer,5300.0,,,1,,87.0
228,9,5,2020-09-25,229.0,Kauê Ribeiro,M,5/8/1961,10.0,Vitória,6.0,impressora,700.0,2069.0,2020-10-10,0,15.0,65.0
764,2,7,2020-09-25,765.0,Victor Alves,M,6/21/1961,3.0,Curitiba,8.0,cadeira,540.0,,,1,,65.0
204,6,4,2020-09-25,205.0,Camila Araujo,F,10/3/1993,7.0,Salvador,5.0,monitor,1500.0,2070.0,2020-10-09,0,14.0,33.0
6,2,3,2020-09-27,7.0,Rebeca Rodrigues,F,11/27/1979,3.0,Curitiba,4.0,laptop gamer,5300.0,,,1,,47.0
671,3,7,2020-09-27,672.0,Beatrice Carvalho,F,4/6/1988,4.0,Belo Horizonte,8.0,cadeira,540.0,2071.0,2020-10-17,0,20.0,38.0
586,8,3,2020-09-27,587.0,Cauã Santos,M,4/19/1983,9.0,Palmas,4.0,laptop gamer,5300.0,2072.0,2020-10-02,0,5.0,43.0
731,2,4,2020-09-27,732.0,Bruna Cunha,F,3/18/1950,3.0,Curitiba,5.0,monitor,1500.0,,,1,,76.0
163,2,1,2020-09-27,164.0,Giovanna Araujo,F,9/30/1994,3.0,Curitiba,2.0,teclado,30.0,,,1,,32.0
770,2,2,2020-09-27,771.0,Renan Pereira,M,2/16/1948,3.0,Curitiba,3.0,laptop básico,2300.0,,,1,,78.0
